ISO-10303-21;
HEADER;
/* Generated by software containing ST-Developer
 * from STEP Tools, Inc. (www.steptools.com) 
 */

FILE_DESCRIPTION(
/* description */ (''),
/* implementation_level */ '2;1');

FILE_NAME(
/* name */ 'enclosure_v1.step',
/* time_stamp */ '2026-08-08T23:32:55-06:00',
/* author */ (''),
/* organization */ (''),
/* preprocessor_version */ 'ST-DEVELOPER v20.1',
/* originating_system */ 'Autodesk Translation Framework v15.8.0.0',
/* authorisation */ '');

FILE_SCHEMA (('AUTOMOTIVE_DESIGN { 1 0 10303 214 3 1 1 }'));
ENDSEC;

DATA;
#10=MECHANICAL_DESIGN_GEOMETRIC_PRESENTATION_REPRESENTATION('',(#13,#14,
#15),#3621);
#11=SHAPE_REPRESENTATION_RELATIONSHIP('SRR','None',#3628,#12);
#12=ADVANCED_BREP_SHAPE_REPRESENTATION('',(#16,#17,#18),#3620);
#13=STYLED_ITEM('',(#3637),#16);
#14=STYLED_ITEM('',(#3637),#17);
#15=STYLED_ITEM('',(#3637),#18);
#16=MANIFOLD_SOLID_BREP('Body60',#2155);
#17=MANIFOLD_SOLID_BREP('Body61',#2156);
#18=MANIFOLD_SOLID_BREP('Body61',#2157);
#19=FACE_BOUND('',#265,.T.);
#20=FACE_BOUND('',#274,.T.);
#21=FACE_BOUND('',#276,.T.);
#22=FACE_BOUND('',#286,.T.);
#23=FACE_BOUND('',#293,.T.);
#24=FACE_BOUND('',#298,.T.);
#25=FACE_BOUND('',#307,.T.);
#26=FACE_BOUND('',#309,.T.);
#27=FACE_BOUND('',#310,.T.);
#28=FACE_BOUND('',#311,.T.);
#29=FACE_BOUND('',#312,.T.);
#30=FACE_BOUND('',#313,.T.);
#31=FACE_BOUND('',#317,.T.);
#32=FACE_BOUND('',#322,.T.);
#33=FACE_BOUND('',#327,.T.);
#34=FACE_BOUND('',#344,.T.);
#35=FACE_BOUND('',#346,.T.);
#36=FACE_BOUND('',#347,.T.);
#37=FACE_BOUND('',#348,.T.);
#38=FACE_BOUND('',#349,.T.);
#39=FACE_BOUND('',#350,.T.);
#40=FACE_BOUND('',#351,.T.);
#41=FACE_BOUND('',#352,.T.);
#42=FACE_BOUND('',#353,.T.);
#43=FACE_BOUND('',#354,.T.);
#44=FACE_BOUND('',#374,.T.);
#45=FACE_BOUND('',#375,.T.);
#46=FACE_BOUND('',#376,.T.);
#47=FACE_BOUND('',#377,.T.);
#48=FACE_BOUND('',#378,.T.);
#49=FACE_BOUND('',#379,.T.);
#50=FACE_BOUND('',#380,.T.);
#51=FACE_BOUND('',#381,.T.);
#52=FACE_BOUND('',#391,.T.);
#53=FACE_BOUND('',#392,.T.);
#54=FACE_BOUND('',#393,.T.);
#55=FACE_BOUND('',#394,.T.);
#56=FACE_BOUND('',#396,.T.);
#57=FACE_BOUND('',#397,.T.);
#58=FACE_BOUND('',#398,.T.);
#59=FACE_BOUND('',#399,.T.);
#60=FACE_BOUND('',#401,.T.);
#61=FACE_BOUND('',#403,.T.);
#62=PLANE('',#2174);
#63=PLANE('',#2178);
#64=PLANE('',#2182);
#65=PLANE('',#2186);
#66=PLANE('',#2193);
#67=PLANE('',#2195);
#68=PLANE('',#2199);
#69=PLANE('',#2206);
#70=PLANE('',#2210);
#71=PLANE('',#2212);
#72=PLANE('',#2218);
#73=PLANE('',#2228);
#74=PLANE('',#2229);
#75=PLANE('',#2230);
#76=PLANE('',#2233);
#77=PLANE('',#2237);
#78=PLANE('',#2238);
#79=PLANE('',#2239);
#80=PLANE('',#2243);
#81=PLANE('',#2244);
#82=PLANE('',#2245);
#83=PLANE('',#2246);
#84=PLANE('',#2247);
#85=PLANE('',#2248);
#86=PLANE('',#2249);
#87=PLANE('',#2250);
#88=PLANE('',#2257);
#89=PLANE('',#2258);
#90=PLANE('',#2271);
#91=PLANE('',#2272);
#92=PLANE('',#2278);
#93=PLANE('',#2279);
#94=PLANE('',#2285);
#95=PLANE('',#2286);
#96=PLANE('',#2304);
#97=PLANE('',#2305);
#98=PLANE('',#2306);
#99=PLANE('',#2307);
#100=PLANE('',#2308);
#101=PLANE('',#2309);
#102=PLANE('',#2315);
#103=PLANE('',#2316);
#104=PLANE('',#2324);
#105=PLANE('',#2325);
#106=PLANE('',#2326);
#107=PLANE('',#2330);
#108=PLANE('',#2331);
#109=PLANE('',#2332);
#110=PLANE('',#2333);
#111=PLANE('',#2334);
#112=PLANE('',#2335);
#113=PLANE('',#2336);
#114=PLANE('',#2337);
#115=PLANE('',#2338);
#116=PLANE('',#2339);
#117=PLANE('',#2340);
#118=PLANE('',#2341);
#119=PLANE('',#2342);
#120=PLANE('',#2343);
#121=PLANE('',#2344);
#122=PLANE('',#2345);
#123=PLANE('',#2358);
#124=PLANE('',#2359);
#125=PLANE('',#2360);
#126=PLANE('',#2365);
#127=PLANE('',#2371);
#128=PLANE('',#2373);
#129=PLANE('',#2375);
#130=PLANE('',#2377);
#131=PLANE('',#2378);
#132=PLANE('',#2379);
#133=PLANE('',#2380);
#134=PLANE('',#2381);
#135=FACE_OUTER_BOUND('',#254,.T.);
#136=FACE_OUTER_BOUND('',#255,.T.);
#137=FACE_OUTER_BOUND('',#256,.T.);
#138=FACE_OUTER_BOUND('',#257,.T.);
#139=FACE_OUTER_BOUND('',#258,.T.);
#140=FACE_OUTER_BOUND('',#259,.T.);
#141=FACE_OUTER_BOUND('',#260,.T.);
#142=FACE_OUTER_BOUND('',#261,.T.);
#143=FACE_OUTER_BOUND('',#262,.T.);
#144=FACE_OUTER_BOUND('',#263,.T.);
#145=FACE_OUTER_BOUND('',#264,.T.);
#146=FACE_OUTER_BOUND('',#266,.T.);
#147=FACE_OUTER_BOUND('',#267,.T.);
#148=FACE_OUTER_BOUND('',#268,.T.);
#149=FACE_OUTER_BOUND('',#269,.T.);
#150=FACE_OUTER_BOUND('',#270,.T.);
#151=FACE_OUTER_BOUND('',#271,.T.);
#152=FACE_OUTER_BOUND('',#272,.T.);
#153=FACE_OUTER_BOUND('',#273,.T.);
#154=FACE_OUTER_BOUND('',#275,.T.);
#155=FACE_OUTER_BOUND('',#277,.T.);
#156=FACE_OUTER_BOUND('',#278,.T.);
#157=FACE_OUTER_BOUND('',#279,.T.);
#158=FACE_OUTER_BOUND('',#280,.T.);
#159=FACE_OUTER_BOUND('',#281,.T.);
#160=FACE_OUTER_BOUND('',#282,.T.);
#161=FACE_OUTER_BOUND('',#283,.T.);
#162=FACE_OUTER_BOUND('',#284,.T.);
#163=FACE_OUTER_BOUND('',#285,.T.);
#164=FACE_OUTER_BOUND('',#287,.T.);
#165=FACE_OUTER_BOUND('',#288,.T.);
#166=FACE_OUTER_BOUND('',#289,.T.);
#167=FACE_OUTER_BOUND('',#290,.T.);
#168=FACE_OUTER_BOUND('',#291,.T.);
#169=FACE_OUTER_BOUND('',#292,.T.);
#170=FACE_OUTER_BOUND('',#294,.T.);
#171=FACE_OUTER_BOUND('',#295,.T.);
#172=FACE_OUTER_BOUND('',#296,.T.);
#173=FACE_OUTER_BOUND('',#297,.T.);
#174=FACE_OUTER_BOUND('',#299,.T.);
#175=FACE_OUTER_BOUND('',#300,.T.);
#176=FACE_OUTER_BOUND('',#301,.T.);
#177=FACE_OUTER_BOUND('',#302,.T.);
#178=FACE_OUTER_BOUND('',#303,.T.);
#179=FACE_OUTER_BOUND('',#304,.T.);
#180=FACE_OUTER_BOUND('',#305,.T.);
#181=FACE_OUTER_BOUND('',#306,.T.);
#182=FACE_OUTER_BOUND('',#308,.T.);
#183=FACE_OUTER_BOUND('',#314,.T.);
#184=FACE_OUTER_BOUND('',#315,.T.);
#185=FACE_OUTER_BOUND('',#316,.T.);
#186=FACE_OUTER_BOUND('',#318,.T.);
#187=FACE_OUTER_BOUND('',#319,.T.);
#188=FACE_OUTER_BOUND('',#320,.T.);
#189=FACE_OUTER_BOUND('',#321,.T.);
#190=FACE_OUTER_BOUND('',#323,.T.);
#191=FACE_OUTER_BOUND('',#324,.T.);
#192=FACE_OUTER_BOUND('',#325,.T.);
#193=FACE_OUTER_BOUND('',#326,.T.);
#194=FACE_OUTER_BOUND('',#328,.T.);
#195=FACE_OUTER_BOUND('',#329,.T.);
#196=FACE_OUTER_BOUND('',#330,.T.);
#197=FACE_OUTER_BOUND('',#331,.T.);
#198=FACE_OUTER_BOUND('',#332,.T.);
#199=FACE_OUTER_BOUND('',#333,.T.);
#200=FACE_OUTER_BOUND('',#334,.T.);
#201=FACE_OUTER_BOUND('',#335,.T.);
#202=FACE_OUTER_BOUND('',#336,.T.);
#203=FACE_OUTER_BOUND('',#337,.T.);
#204=FACE_OUTER_BOUND('',#338,.T.);
#205=FACE_OUTER_BOUND('',#339,.T.);
#206=FACE_OUTER_BOUND('',#340,.T.);
#207=FACE_OUTER_BOUND('',#341,.T.);
#208=FACE_OUTER_BOUND('',#342,.T.);
#209=FACE_OUTER_BOUND('',#343,.T.);
#210=FACE_OUTER_BOUND('',#345,.T.);
#211=FACE_OUTER_BOUND('',#355,.T.);
#212=FACE_OUTER_BOUND('',#356,.T.);
#213=FACE_OUTER_BOUND('',#357,.T.);
#214=FACE_OUTER_BOUND('',#358,.T.);
#215=FACE_OUTER_BOUND('',#359,.T.);
#216=FACE_OUTER_BOUND('',#360,.T.);
#217=FACE_OUTER_BOUND('',#361,.T.);
#218=FACE_OUTER_BOUND('',#362,.T.);
#219=FACE_OUTER_BOUND('',#363,.T.);
#220=FACE_OUTER_BOUND('',#364,.T.);
#221=FACE_OUTER_BOUND('',#365,.T.);
#222=FACE_OUTER_BOUND('',#366,.T.);
#223=FACE_OUTER_BOUND('',#367,.T.);
#224=FACE_OUTER_BOUND('',#368,.T.);
#225=FACE_OUTER_BOUND('',#369,.T.);
#226=FACE_OUTER_BOUND('',#370,.T.);
#227=FACE_OUTER_BOUND('',#371,.T.);
#228=FACE_OUTER_BOUND('',#372,.T.);
#229=FACE_OUTER_BOUND('',#373,.T.);
#230=FACE_OUTER_BOUND('',#382,.T.);
#231=FACE_OUTER_BOUND('',#383,.T.);
#232=FACE_OUTER_BOUND('',#384,.T.);
#233=FACE_OUTER_BOUND('',#385,.T.);
#234=FACE_OUTER_BOUND('',#386,.T.);
#235=FACE_OUTER_BOUND('',#387,.T.);
#236=FACE_OUTER_BOUND('',#388,.T.);
#237=FACE_OUTER_BOUND('',#389,.T.);
#238=FACE_OUTER_BOUND('',#390,.T.);
#239=FACE_OUTER_BOUND('',#395,.T.);
#240=FACE_OUTER_BOUND('',#400,.T.);
#241=FACE_OUTER_BOUND('',#402,.T.);
#242=FACE_OUTER_BOUND('',#404,.T.);
#243=FACE_OUTER_BOUND('',#405,.T.);
#244=FACE_OUTER_BOUND('',#406,.T.);
#245=FACE_OUTER_BOUND('',#407,.T.);
#246=FACE_OUTER_BOUND('',#408,.T.);
#247=FACE_OUTER_BOUND('',#409,.T.);
#248=FACE_OUTER_BOUND('',#410,.T.);
#249=FACE_OUTER_BOUND('',#411,.T.);
#250=FACE_OUTER_BOUND('',#412,.T.);
#251=FACE_OUTER_BOUND('',#413,.T.);
#252=FACE_OUTER_BOUND('',#414,.T.);
#253=FACE_OUTER_BOUND('',#415,.T.);
#254=EDGE_LOOP('',(#1402,#1403,#1404,#1405));
#255=EDGE_LOOP('',(#1406,#1407,#1408,#1409));
#256=EDGE_LOOP('',(#1410,#1411,#1412,#1413));
#257=EDGE_LOOP('',(#1414,#1415,#1416,#1417));
#258=EDGE_LOOP('',(#1418,#1419,#1420,#1421));
#259=EDGE_LOOP('',(#1422,#1423,#1424,#1425));
#260=EDGE_LOOP('',(#1426,#1427,#1428,#1429));
#261=EDGE_LOOP('',(#1430,#1431,#1432,#1433,#1434,#1435,#1436,#1437,#1438,
#1439,#1440,#1441));
#262=EDGE_LOOP('',(#1442,#1443,#1444,#1445));
#263=EDGE_LOOP('',(#1446,#1447,#1448,#1449));
#264=EDGE_LOOP('',(#1450,#1451,#1452,#1453,#1454,#1455,#1456));
#265=EDGE_LOOP('',(#1457));
#266=EDGE_LOOP('',(#1458,#1459,#1460,#1461));
#267=EDGE_LOOP('',(#1462,#1463,#1464,#1465));
#268=EDGE_LOOP('',(#1466,#1467,#1468,#1469,#1470,#1471,#1472,#1473,#1474,
#1475,#1476,#1477));
#269=EDGE_LOOP('',(#1478,#1479,#1480,#1481));
#270=EDGE_LOOP('',(#1482,#1483,#1484,#1485));
#271=EDGE_LOOP('',(#1486,#1487,#1488,#1489));
#272=EDGE_LOOP('',(#1490,#1491,#1492,#1493));
#273=EDGE_LOOP('',(#1494,#1495,#1496,#1497));
#274=EDGE_LOOP('',(#1498));
#275=EDGE_LOOP('',(#1499,#1500,#1501,#1502,#1503,#1504,#1505,#1506));
#276=EDGE_LOOP('',(#1507,#1508,#1509,#1510));
#277=EDGE_LOOP('',(#1511,#1512,#1513,#1514));
#278=EDGE_LOOP('',(#1515,#1516,#1517,#1518));
#279=EDGE_LOOP('',(#1519,#1520,#1521,#1522));
#280=EDGE_LOOP('',(#1523,#1524,#1525,#1526));
#281=EDGE_LOOP('',(#1527,#1528,#1529,#1530));
#282=EDGE_LOOP('',(#1531,#1532,#1533,#1534));
#283=EDGE_LOOP('',(#1535,#1536,#1537,#1538));
#284=EDGE_LOOP('',(#1539,#1540,#1541,#1542));
#285=EDGE_LOOP('',(#1543,#1544,#1545,#1546,#1547,#1548));
#286=EDGE_LOOP('',(#1549));
#287=EDGE_LOOP('',(#1550,#1551,#1552,#1553));
#288=EDGE_LOOP('',(#1554,#1555,#1556,#1557));
#289=EDGE_LOOP('',(#1558,#1559,#1560,#1561));
#290=EDGE_LOOP('',(#1562,#1563,#1564,#1565));
#291=EDGE_LOOP('',(#1566,#1567,#1568,#1569));
#292=EDGE_LOOP('',(#1570,#1571,#1572,#1573,#1574,#1575));
#293=EDGE_LOOP('',(#1576));
#294=EDGE_LOOP('',(#1577,#1578,#1579,#1580));
#295=EDGE_LOOP('',(#1581,#1582,#1583,#1584));
#296=EDGE_LOOP('',(#1585,#1586,#1587,#1588));
#297=EDGE_LOOP('',(#1589,#1590,#1591,#1592,#1593,#1594));
#298=EDGE_LOOP('',(#1595));
#299=EDGE_LOOP('',(#1596,#1597,#1598,#1599));
#300=EDGE_LOOP('',(#1600,#1601,#1602,#1603));
#301=EDGE_LOOP('',(#1604,#1605,#1606,#1607));
#302=EDGE_LOOP('',(#1608,#1609,#1610,#1611));
#303=EDGE_LOOP('',(#1612,#1613,#1614,#1615));
#304=EDGE_LOOP('',(#1616,#1617,#1618,#1619));
#305=EDGE_LOOP('',(#1620,#1621,#1622,#1623));
#306=EDGE_LOOP('',(#1624));
#307=EDGE_LOOP('',(#1625));
#308=EDGE_LOOP('',(#1626,#1627,#1628,#1629,#1630,#1631,#1632,#1633));
#309=EDGE_LOOP('',(#1634,#1635,#1636,#1637));
#310=EDGE_LOOP('',(#1638));
#311=EDGE_LOOP('',(#1639));
#312=EDGE_LOOP('',(#1640));
#313=EDGE_LOOP('',(#1641));
#314=EDGE_LOOP('',(#1642,#1643,#1644,#1645));
#315=EDGE_LOOP('',(#1646,#1647,#1648,#1649));
#316=EDGE_LOOP('',(#1650));
#317=EDGE_LOOP('',(#1651));
#318=EDGE_LOOP('',(#1652));
#319=EDGE_LOOP('',(#1653,#1654,#1655,#1656));
#320=EDGE_LOOP('',(#1657,#1658,#1659,#1660));
#321=EDGE_LOOP('',(#1661));
#322=EDGE_LOOP('',(#1662));
#323=EDGE_LOOP('',(#1663));
#324=EDGE_LOOP('',(#1664,#1665,#1666,#1667));
#325=EDGE_LOOP('',(#1668,#1669,#1670,#1671));
#326=EDGE_LOOP('',(#1672));
#327=EDGE_LOOP('',(#1673));
#328=EDGE_LOOP('',(#1674));
#329=EDGE_LOOP('',(#1675,#1676,#1677,#1678));
#330=EDGE_LOOP('',(#1679,#1680,#1681,#1682));
#331=EDGE_LOOP('',(#1683,#1684,#1685,#1686));
#332=EDGE_LOOP('',(#1687,#1688,#1689,#1690));
#333=EDGE_LOOP('',(#1691,#1692,#1693,#1694));
#334=EDGE_LOOP('',(#1695,#1696,#1697,#1698));
#335=EDGE_LOOP('',(#1699,#1700,#1701,#1702));
#336=EDGE_LOOP('',(#1703,#1704,#1705,#1706));
#337=EDGE_LOOP('',(#1707,#1708,#1709));
#338=EDGE_LOOP('',(#1710));
#339=EDGE_LOOP('',(#1711,#1712,#1713,#1714));
#340=EDGE_LOOP('',(#1715,#1716,#1717,#1718));
#341=EDGE_LOOP('',(#1719,#1720,#1721,#1722));
#342=EDGE_LOOP('',(#1723,#1724,#1725,#1726));
#343=EDGE_LOOP('',(#1727,#1728,#1729,#1730));
#344=EDGE_LOOP('',(#1731));
#345=EDGE_LOOP('',(#1732,#1733,#1734,#1735));
#346=EDGE_LOOP('',(#1736,#1737,#1738));
#347=EDGE_LOOP('',(#1739,#1740,#1741));
#348=EDGE_LOOP('',(#1742,#1743,#1744));
#349=EDGE_LOOP('',(#1745,#1746,#1747));
#350=EDGE_LOOP('',(#1748,#1749,#1750,#1751,#1752,#1753,#1754,#1755));
#351=EDGE_LOOP('',(#1756));
#352=EDGE_LOOP('',(#1757));
#353=EDGE_LOOP('',(#1758));
#354=EDGE_LOOP('',(#1759));
#355=EDGE_LOOP('',(#1760,#1761,#1762,#1763));
#356=EDGE_LOOP('',(#1764,#1765,#1766,#1767));
#357=EDGE_LOOP('',(#1768,#1769,#1770,#1771));
#358=EDGE_LOOP('',(#1772,#1773,#1774));
#359=EDGE_LOOP('',(#1775,#1776,#1777,#1778));
#360=EDGE_LOOP('',(#1779,#1780,#1781,#1782));
#361=EDGE_LOOP('',(#1783,#1784,#1785,#1786));
#362=EDGE_LOOP('',(#1787,#1788,#1789,#1790));
#363=EDGE_LOOP('',(#1791,#1792,#1793,#1794));
#364=EDGE_LOOP('',(#1795,#1796,#1797,#1798));
#365=EDGE_LOOP('',(#1799,#1800,#1801));
#366=EDGE_LOOP('',(#1802,#1803,#1804));
#367=EDGE_LOOP('',(#1805,#1806,#1807,#1808));
#368=EDGE_LOOP('',(#1809,#1810,#1811,#1812));
#369=EDGE_LOOP('',(#1813,#1814,#1815,#1816));
#370=EDGE_LOOP('',(#1817,#1818,#1819,#1820));
#371=EDGE_LOOP('',(#1821,#1822,#1823,#1824));
#372=EDGE_LOOP('',(#1825,#1826,#1827,#1828));
#373=EDGE_LOOP('',(#1829,#1830,#1831,#1832,#1833,#1834,#1835,#1836,#1837,
#1838,#1839,#1840,#1841,#1842,#1843,#1844,#1845,#1846,#1847,#1848,#1849,
#1850,#1851,#1852,#1853,#1854,#1855,#1856,#1857,#1858,#1859,#1860,#1861));
#374=EDGE_LOOP('',(#1862));
#375=EDGE_LOOP('',(#1863));
#376=EDGE_LOOP('',(#1864));
#377=EDGE_LOOP('',(#1865));
#378=EDGE_LOOP('',(#1866));
#379=EDGE_LOOP('',(#1867));
#380=EDGE_LOOP('',(#1868));
#381=EDGE_LOOP('',(#1869));
#382=EDGE_LOOP('',(#1870,#1871,#1872,#1873));
#383=EDGE_LOOP('',(#1874,#1875,#1876,#1877));
#384=EDGE_LOOP('',(#1878,#1879,#1880,#1881));
#385=EDGE_LOOP('',(#1882,#1883,#1884,#1885));
#386=EDGE_LOOP('',(#1886,#1887,#1888,#1889));
#387=EDGE_LOOP('',(#1890,#1891,#1892,#1893));
#388=EDGE_LOOP('',(#1894,#1895,#1896,#1897));
#389=EDGE_LOOP('',(#1898,#1899,#1900,#1901));
#390=EDGE_LOOP('',(#1902,#1903,#1904,#1905));
#391=EDGE_LOOP('',(#1906));
#392=EDGE_LOOP('',(#1907));
#393=EDGE_LOOP('',(#1908));
#394=EDGE_LOOP('',(#1909));
#395=EDGE_LOOP('',(#1910,#1911,#1912,#1913));
#396=EDGE_LOOP('',(#1914));
#397=EDGE_LOOP('',(#1915));
#398=EDGE_LOOP('',(#1916));
#399=EDGE_LOOP('',(#1917));
#400=EDGE_LOOP('',(#1918,#1919,#1920,#1921,#1922,#1923,#1924,#1925));
#401=EDGE_LOOP('',(#1926,#1927,#1928,#1929));
#402=EDGE_LOOP('',(#1930,#1931,#1932,#1933,#1934,#1935,#1936,#1937));
#403=EDGE_LOOP('',(#1938,#1939,#1940,#1941));
#404=EDGE_LOOP('',(#1942,#1943,#1944,#1945));
#405=EDGE_LOOP('',(#1946,#1947,#1948,#1949));
#406=EDGE_LOOP('',(#1950,#1951,#1952,#1953));
#407=EDGE_LOOP('',(#1954,#1955,#1956,#1957));
#408=EDGE_LOOP('',(#1958,#1959,#1960,#1961));
#409=EDGE_LOOP('',(#1962,#1963,#1964,#1965));
#410=EDGE_LOOP('',(#1966,#1967,#1968,#1969));
#411=EDGE_LOOP('',(#1970,#1971,#1972,#1973));
#412=EDGE_LOOP('',(#1974,#1975,#1976,#1977));
#413=EDGE_LOOP('',(#1978,#1979,#1980,#1981));
#414=EDGE_LOOP('',(#1982,#1983,#1984,#1985));
#415=EDGE_LOOP('',(#1986,#1987,#1988,#1989));
#416=LINE('',#3014,#618);
#417=LINE('',#3017,#619);
#418=LINE('',#3020,#620);
#419=LINE('',#3022,#621);
#420=LINE('',#3023,#622);
#421=LINE('',#3029,#623);
#422=LINE('',#3032,#624);
#423=LINE('',#3035,#625);
#424=LINE('',#3037,#626);
#425=LINE('',#3038,#627);
#426=LINE('',#3044,#628);
#427=LINE('',#3047,#629);
#428=LINE('',#3050,#630);
#429=LINE('',#3052,#631);
#430=LINE('',#3053,#632);
#431=LINE('',#3059,#633);
#432=LINE('',#3062,#634);
#433=LINE('',#3065,#635);
#434=LINE('',#3067,#636);
#435=LINE('',#3069,#637);
#436=LINE('',#3071,#638);
#437=LINE('',#3073,#639);
#438=LINE('',#3075,#640);
#439=LINE('',#3076,#641);
#440=LINE('',#3077,#642);
#441=LINE('',#3078,#643);
#442=LINE('',#3084,#644);
#443=LINE('',#3090,#645);
#444=LINE('',#3093,#646);
#445=LINE('',#3095,#647);
#446=LINE('',#3096,#648);
#447=LINE('',#3100,#649);
#448=LINE('',#3106,#650);
#449=LINE('',#3109,#651);
#450=LINE('',#3112,#652);
#451=LINE('',#3114,#653);
#452=LINE('',#3116,#654);
#453=LINE('',#3118,#655);
#454=LINE('',#3120,#656);
#455=LINE('',#3122,#657);
#456=LINE('',#3124,#658);
#457=LINE('',#3126,#659);
#458=LINE('',#3127,#660);
#459=LINE('',#3128,#661);
#460=LINE('',#3134,#662);
#461=LINE('',#3139,#663);
#462=LINE('',#3143,#664);
#463=LINE('',#3145,#665);
#464=LINE('',#3146,#666);
#465=LINE('',#3151,#667);
#466=LINE('',#3155,#668);
#467=LINE('',#3157,#669);
#468=LINE('',#3158,#670);
#469=LINE('',#3165,#671);
#470=LINE('',#3170,#672);
#471=LINE('',#3172,#673);
#472=LINE('',#3174,#674);
#473=LINE('',#3175,#675);
#474=LINE('',#3179,#676);
#475=LINE('',#3182,#677);
#476=LINE('',#3183,#678);
#477=LINE('',#3190,#679);
#478=LINE('',#3196,#680);
#479=LINE('',#3200,#681);
#480=LINE('',#3202,#682);
#481=LINE('',#3203,#683);
#482=LINE('',#3205,#684);
#483=LINE('',#3206,#685);
#484=LINE('',#3210,#686);
#485=LINE('',#3213,#687);
#486=LINE('',#3218,#688);
#487=LINE('',#3222,#689);
#488=LINE('',#3224,#690);
#489=LINE('',#3225,#691);
#490=LINE('',#3227,#692);
#491=LINE('',#3228,#693);
#492=LINE('',#3234,#694);
#493=LINE('',#3238,#695);
#494=LINE('',#3240,#696);
#495=LINE('',#3241,#697);
#496=LINE('',#3243,#698);
#497=LINE('',#3244,#699);
#498=LINE('',#3249,#700);
#499=LINE('',#3251,#701);
#500=LINE('',#3253,#702);
#501=LINE('',#3254,#703);
#502=LINE('',#3257,#704);
#503=LINE('',#3259,#705);
#504=LINE('',#3260,#706);
#505=LINE('',#3263,#707);
#506=LINE('',#3265,#708);
#507=LINE('',#3266,#709);
#508=LINE('',#3268,#710);
#509=LINE('',#3269,#711);
#510=LINE('',#3275,#712);
#511=LINE('',#3281,#713);
#512=LINE('',#3289,#714);
#513=LINE('',#3293,#715);
#514=LINE('',#3297,#716);
#515=LINE('',#3300,#717);
#516=LINE('',#3311,#718);
#517=LINE('',#3316,#719);
#518=LINE('',#3323,#720);
#519=LINE('',#3328,#721);
#520=LINE('',#3335,#722);
#521=LINE('',#3340,#723);
#522=LINE('',#3347,#724);
#523=LINE('',#3353,#725);
#524=LINE('',#3359,#726);
#525=LINE('',#3365,#727);
#526=LINE('',#3370,#728);
#527=LINE('',#3374,#729);
#528=LINE('',#3378,#730);
#529=LINE('',#3381,#731);
#530=LINE('',#3384,#732);
#531=LINE('',#3386,#733);
#532=LINE('',#3387,#734);
#533=LINE('',#3390,#735);
#534=LINE('',#3391,#736);
#535=LINE('',#3393,#737);
#536=LINE('',#3396,#738);
#537=LINE('',#3399,#739);
#538=LINE('',#3400,#740);
#539=LINE('',#3403,#741);
#540=LINE('',#3408,#742);
#541=LINE('',#3412,#743);
#542=LINE('',#3416,#744);
#543=LINE('',#3417,#745);
#544=LINE('',#3421,#746);
#545=LINE('',#3423,#747);
#546=LINE('',#3425,#748);
#547=LINE('',#3426,#749);
#548=LINE('',#3428,#750);
#549=LINE('',#3429,#751);
#550=LINE('',#3434,#752);
#551=LINE('',#3435,#753);
#552=LINE('',#3440,#754);
#553=LINE('',#3441,#755);
#554=LINE('',#3445,#756);
#555=LINE('',#3448,#757);
#556=LINE('',#3451,#758);
#557=LINE('',#3454,#759);
#558=LINE('',#3456,#760);
#559=LINE('',#3459,#761);
#560=LINE('',#3460,#762);
#561=LINE('',#3462,#763);
#562=LINE('',#3465,#764);
#563=LINE('',#3468,#765);
#564=LINE('',#3472,#766);
#565=LINE('',#3473,#767);
#566=LINE('',#3475,#768);
#567=LINE('',#3478,#769);
#568=LINE('',#3479,#770);
#569=LINE('',#3482,#771);
#570=LINE('',#3484,#772);
#571=LINE('',#3485,#773);
#572=LINE('',#3487,#774);
#573=LINE('',#3489,#775);
#574=LINE('',#3497,#776);
#575=LINE('',#3499,#777);
#576=LINE('',#3501,#778);
#577=LINE('',#3502,#779);
#578=LINE('',#3505,#780);
#579=LINE('',#3507,#781);
#580=LINE('',#3508,#782);
#581=LINE('',#3511,#783);
#582=LINE('',#3513,#784);
#583=LINE('',#3514,#785);
#584=LINE('',#3516,#786);
#585=LINE('',#3517,#787);
#586=LINE('',#3522,#788);
#587=LINE('',#3528,#789);
#588=LINE('',#3534,#790);
#589=LINE('',#3540,#791);
#590=LINE('',#3549,#792);
#591=LINE('',#3553,#793);
#592=LINE('',#3557,#794);
#593=LINE('',#3560,#795);
#594=LINE('',#3563,#796);
#595=LINE('',#3565,#797);
#596=LINE('',#3567,#798);
#597=LINE('',#3568,#799);
#598=LINE('',#3574,#800);
#599=LINE('',#3578,#801);
#600=LINE('',#3582,#802);
#601=LINE('',#3585,#803);
#602=LINE('',#3588,#804);
#603=LINE('',#3590,#805);
#604=LINE('',#3592,#806);
#605=LINE('',#3593,#807);
#606=LINE('',#3595,#808);
#607=LINE('',#3596,#809);
#608=LINE('',#3598,#810);
#609=LINE('',#3600,#811);
#610=LINE('',#3602,#812);
#611=LINE('',#3604,#813);
#612=LINE('',#3606,#814);
#613=LINE('',#3608,#815);
#614=LINE('',#3611,#816);
#615=LINE('',#3612,#817);
#616=LINE('',#3614,#818);
#617=LINE('',#3616,#819);
#618=VECTOR('',#2388,10.);
#619=VECTOR('',#2391,10.);
#620=VECTOR('',#2394,10.);
#621=VECTOR('',#2395,10.);
#622=VECTOR('',#2396,10.);
#623=VECTOR('',#2401,10.);
#624=VECTOR('',#2404,10.);
#625=VECTOR('',#2407,10.);
#626=VECTOR('',#2408,10.);
#627=VECTOR('',#2409,10.);
#628=VECTOR('',#2414,10.);
#629=VECTOR('',#2417,10.);
#630=VECTOR('',#2420,10.);
#631=VECTOR('',#2421,10.);
#632=VECTOR('',#2422,10.);
#633=VECTOR('',#2427,10.);
#634=VECTOR('',#2430,10.);
#635=VECTOR('',#2433,10.);
#636=VECTOR('',#2434,10.);
#637=VECTOR('',#2435,10.);
#638=VECTOR('',#2436,10.);
#639=VECTOR('',#2437,10.);
#640=VECTOR('',#2438,10.);
#641=VECTOR('',#2439,10.);
#642=VECTOR('',#2440,10.);
#643=VECTOR('',#2441,10.);
#644=VECTOR('',#2448,10.);
#645=VECTOR('',#2453,10.);
#646=VECTOR('',#2456,10.);
#647=VECTOR('',#2459,10.);
#648=VECTOR('',#2460,10.);
#649=VECTOR('',#2465,10.);
#650=VECTOR('',#2470,10.);
#651=VECTOR('',#2473,10.);
#652=VECTOR('',#2476,10.);
#653=VECTOR('',#2477,10.);
#654=VECTOR('',#2478,10.);
#655=VECTOR('',#2479,10.);
#656=VECTOR('',#2480,10.);
#657=VECTOR('',#2481,10.);
#658=VECTOR('',#2482,10.);
#659=VECTOR('',#2483,10.);
#660=VECTOR('',#2484,10.);
#661=VECTOR('',#2485,10.);
#662=VECTOR('',#2492,10.);
#663=VECTOR('',#2497,10.);
#664=VECTOR('',#2502,10.);
#665=VECTOR('',#2503,10.);
#666=VECTOR('',#2504,10.);
#667=VECTOR('',#2509,10.);
#668=VECTOR('',#2514,10.);
#669=VECTOR('',#2515,10.);
#670=VECTOR('',#2516,10.);
#671=VECTOR('',#2523,10.);
#672=VECTOR('',#2528,10.);
#673=VECTOR('',#2529,10.);
#674=VECTOR('',#2530,10.);
#675=VECTOR('',#2531,10.);
#676=VECTOR('',#2536,10.);
#677=VECTOR('',#2539,10.);
#678=VECTOR('',#2540,10.);
#679=VECTOR('',#2551,4.);
#680=VECTOR('',#2558,1.5);
#681=VECTOR('',#2563,10.);
#682=VECTOR('',#2564,10.);
#683=VECTOR('',#2565,10.);
#684=VECTOR('',#2568,10.);
#685=VECTOR('',#2569,10.);
#686=VECTOR('',#2574,1.5);
#687=VECTOR('',#2579,10.);
#688=VECTOR('',#2584,1.5);
#689=VECTOR('',#2589,10.);
#690=VECTOR('',#2590,10.);
#691=VECTOR('',#2591,10.);
#692=VECTOR('',#2594,10.);
#693=VECTOR('',#2595,10.);
#694=VECTOR('',#2602,1.5);
#695=VECTOR('',#2607,10.);
#696=VECTOR('',#2608,10.);
#697=VECTOR('',#2609,10.);
#698=VECTOR('',#2612,10.);
#699=VECTOR('',#2613,10.);
#700=VECTOR('',#2618,10.);
#701=VECTOR('',#2619,10.);
#702=VECTOR('',#2620,10.);
#703=VECTOR('',#2621,10.);
#704=VECTOR('',#2624,10.);
#705=VECTOR('',#2625,10.);
#706=VECTOR('',#2626,10.);
#707=VECTOR('',#2629,10.);
#708=VECTOR('',#2630,10.);
#709=VECTOR('',#2631,10.);
#710=VECTOR('',#2634,10.);
#711=VECTOR('',#2635,10.);
#712=VECTOR('',#2642,1.25);
#713=VECTOR('',#2649,3.);
#714=VECTOR('',#2658,10.);
#715=VECTOR('',#2661,10.);
#716=VECTOR('',#2664,10.);
#717=VECTOR('',#2667,10.);
#718=VECTOR('',#2678,1.25);
#719=VECTOR('',#2685,3.);
#720=VECTOR('',#2694,1.25);
#721=VECTOR('',#2701,3.);
#722=VECTOR('',#2710,1.25);
#723=VECTOR('',#2717,3.);
#724=VECTOR('',#2726,1.25);
#725=VECTOR('',#2733,1.25);
#726=VECTOR('',#2740,1.25);
#727=VECTOR('',#2747,1.25);
#728=VECTOR('',#2752,10.);
#729=VECTOR('',#2755,10.);
#730=VECTOR('',#2760,10.);
#731=VECTOR('',#2763,10.);
#732=VECTOR('',#2766,10.);
#733=VECTOR('',#2767,10.);
#734=VECTOR('',#2768,10.);
#735=VECTOR('',#2771,10.);
#736=VECTOR('',#2772,10.);
#737=VECTOR('',#2775,10.);
#738=VECTOR('',#2780,10.);
#739=VECTOR('',#2783,10.);
#740=VECTOR('',#2784,10.);
#741=VECTOR('',#2787,10.);
#742=VECTOR('',#2792,10.);
#743=VECTOR('',#2795,10.);
#744=VECTOR('',#2800,10.);
#745=VECTOR('',#2801,10.);
#746=VECTOR('',#2804,10.);
#747=VECTOR('',#2805,10.);
#748=VECTOR('',#2806,10.);
#749=VECTOR('',#2807,10.);
#750=VECTOR('',#2808,10.);
#751=VECTOR('',#2809,10.);
#752=VECTOR('',#2812,10.);
#753=VECTOR('',#2813,10.);
#754=VECTOR('',#2816,10.);
#755=VECTOR('',#2817,10.);
#756=VECTOR('',#2820,10.);
#757=VECTOR('',#2825,10.);
#758=VECTOR('',#2828,10.);
#759=VECTOR('',#2831,10.);
#760=VECTOR('',#2834,10.);
#761=VECTOR('',#2837,10.);
#762=VECTOR('',#2838,10.);
#763=VECTOR('',#2841,10.);
#764=VECTOR('',#2844,10.);
#765=VECTOR('',#2847,10.);
#766=VECTOR('',#2852,10.);
#767=VECTOR('',#2853,10.);
#768=VECTOR('',#2856,10.);
#769=VECTOR('',#2859,10.);
#770=VECTOR('',#2860,10.);
#771=VECTOR('',#2865,10.);
#772=VECTOR('',#2868,10.);
#773=VECTOR('',#2869,10.);
#774=VECTOR('',#2872,10.);
#775=VECTOR('',#2875,10.);
#776=VECTOR('',#2886,10.);
#777=VECTOR('',#2887,10.);
#778=VECTOR('',#2888,10.);
#779=VECTOR('',#2889,10.);
#780=VECTOR('',#2892,10.);
#781=VECTOR('',#2893,10.);
#782=VECTOR('',#2894,10.);
#783=VECTOR('',#2897,10.);
#784=VECTOR('',#2898,10.);
#785=VECTOR('',#2899,10.);
#786=VECTOR('',#2902,10.);
#787=VECTOR('',#2903,10.);
#788=VECTOR('',#2908,1.49999999999999);
#789=VECTOR('',#2915,1.49999999999999);
#790=VECTOR('',#2922,1.49999999999999);
#791=VECTOR('',#2929,1.49999999999999);
#792=VECTOR('',#2940,10.);
#793=VECTOR('',#2943,10.);
#794=VECTOR('',#2946,10.);
#795=VECTOR('',#2949,10.);
#796=VECTOR('',#2950,10.);
#797=VECTOR('',#2951,10.);
#798=VECTOR('',#2952,10.);
#799=VECTOR('',#2953,10.);
#800=VECTOR('',#2958,10.);
#801=VECTOR('',#2961,10.);
#802=VECTOR('',#2964,10.);
#803=VECTOR('',#2967,10.);
#804=VECTOR('',#2968,10.);
#805=VECTOR('',#2969,10.);
#806=VECTOR('',#2970,10.);
#807=VECTOR('',#2971,10.);
#808=VECTOR('',#2974,10.);
#809=VECTOR('',#2975,10.);
#810=VECTOR('',#2978,10.);
#811=VECTOR('',#2981,10.);
#812=VECTOR('',#2984,10.);
#813=VECTOR('',#2987,10.);
#814=VECTOR('',#2990,10.);
#815=VECTOR('',#2993,10.);
#816=VECTOR('',#2998,10.);
#817=VECTOR('',#2999,10.);
#818=VECTOR('',#3002,10.);
#819=VECTOR('',#3005,10.);
#820=CIRCLE('',#2172,1.);
#821=CIRCLE('',#2173,1.);
#822=CIRCLE('',#2176,1.);
#823=CIRCLE('',#2177,1.);
#824=CIRCLE('',#2180,1.);
#825=CIRCLE('',#2181,1.);
#826=CIRCLE('',#2184,1.);
#827=CIRCLE('',#2185,1.);
#828=CIRCLE('',#2188,1.);
#829=CIRCLE('',#2189,1.);
#830=CIRCLE('',#2191,1.);
#831=CIRCLE('',#2192,1.);
#832=CIRCLE('',#2194,1.5);
#833=CIRCLE('',#2197,1.);
#834=CIRCLE('',#2198,1.);
#835=CIRCLE('',#2201,1.);
#836=CIRCLE('',#2202,1.);
#837=CIRCLE('',#2204,1.);
#838=CIRCLE('',#2205,1.);
#839=CIRCLE('',#2208,2.);
#840=CIRCLE('',#2209,2.);
#841=CIRCLE('',#2211,4.);
#842=CIRCLE('',#2213,2.);
#843=CIRCLE('',#2214,2.);
#844=CIRCLE('',#2215,2.);
#845=CIRCLE('',#2217,2.);
#846=CIRCLE('',#2220,2.);
#847=CIRCLE('',#2222,2.);
#848=CIRCLE('',#2224,4.);
#849=CIRCLE('',#2226,1.5);
#850=CIRCLE('',#2227,1.5);
#851=CIRCLE('',#2232,1.5);
#852=CIRCLE('',#2235,1.5);
#853=CIRCLE('',#2236,1.5);
#854=CIRCLE('',#2241,1.5);
#855=CIRCLE('',#2242,1.5);
#856=CIRCLE('',#2252,1.25);
#857=CIRCLE('',#2253,1.25);
#858=CIRCLE('',#2255,3.);
#859=CIRCLE('',#2256,3.);
#860=CIRCLE('',#2259,3.);
#861=CIRCLE('',#2260,3.);
#862=CIRCLE('',#2261,3.);
#863=CIRCLE('',#2262,3.);
#864=CIRCLE('',#2263,3.);
#865=CIRCLE('',#2264,3.);
#866=CIRCLE('',#2265,3.);
#867=CIRCLE('',#2267,1.25);
#868=CIRCLE('',#2268,1.25);
#869=CIRCLE('',#2270,3.);
#870=CIRCLE('',#2274,1.25);
#871=CIRCLE('',#2275,1.25);
#872=CIRCLE('',#2277,3.);
#873=CIRCLE('',#2281,1.25);
#874=CIRCLE('',#2282,1.25);
#875=CIRCLE('',#2284,3.);
#876=CIRCLE('',#2288,1.25);
#877=CIRCLE('',#2289,1.25);
#878=CIRCLE('',#2291,1.25);
#879=CIRCLE('',#2292,1.25);
#880=CIRCLE('',#2294,1.25);
#881=CIRCLE('',#2295,1.25);
#882=CIRCLE('',#2297,1.25);
#883=CIRCLE('',#2298,1.25);
#884=CIRCLE('',#2300,3.);
#885=CIRCLE('',#2301,3.);
#886=CIRCLE('',#2303,3.);
#887=CIRCLE('',#2311,3.);
#888=CIRCLE('',#2313,3.);
#889=CIRCLE('',#2314,3.);
#890=CIRCLE('',#2317,3.);
#891=CIRCLE('',#2318,3.);
#892=CIRCLE('',#2319,3.);
#893=CIRCLE('',#2320,3.);
#894=CIRCLE('',#2323,3.);
#895=CIRCLE('',#2328,3.);
#896=CIRCLE('',#2347,1.49999999999999);
#897=CIRCLE('',#2348,1.49999999999999);
#898=CIRCLE('',#2350,1.49999999999999);
#899=CIRCLE('',#2351,1.49999999999999);
#900=CIRCLE('',#2353,1.49999999999999);
#901=CIRCLE('',#2354,1.49999999999999);
#902=CIRCLE('',#2356,1.49999999999999);
#903=CIRCLE('',#2357,1.49999999999999);
#904=CIRCLE('',#2361,2.);
#905=CIRCLE('',#2362,2.);
#906=CIRCLE('',#2363,2.);
#907=CIRCLE('',#2364,2.);
#908=CIRCLE('',#2366,2.);
#909=CIRCLE('',#2367,2.);
#910=CIRCLE('',#2368,2.);
#911=CIRCLE('',#2369,2.);
#912=VERTEX_POINT('',#3010);
#913=VERTEX_POINT('',#3011);
#914=VERTEX_POINT('',#3013);
#915=VERTEX_POINT('',#3015);
#916=VERTEX_POINT('',#3019);
#917=VERTEX_POINT('',#3021);
#918=VERTEX_POINT('',#3025);
#919=VERTEX_POINT('',#3026);
#920=VERTEX_POINT('',#3028);
#921=VERTEX_POINT('',#3030);
#922=VERTEX_POINT('',#3034);
#923=VERTEX_POINT('',#3036);
#924=VERTEX_POINT('',#3040);
#925=VERTEX_POINT('',#3041);
#926=VERTEX_POINT('',#3043);
#927=VERTEX_POINT('',#3045);
#928=VERTEX_POINT('',#3049);
#929=VERTEX_POINT('',#3051);
#930=VERTEX_POINT('',#3055);
#931=VERTEX_POINT('',#3056);
#932=VERTEX_POINT('',#3058);
#933=VERTEX_POINT('',#3060);
#934=VERTEX_POINT('',#3064);
#935=VERTEX_POINT('',#3066);
#936=VERTEX_POINT('',#3068);
#937=VERTEX_POINT('',#3070);
#938=VERTEX_POINT('',#3072);
#939=VERTEX_POINT('',#3074);
#940=VERTEX_POINT('',#3080);
#941=VERTEX_POINT('',#3082);
#942=VERTEX_POINT('',#3086);
#943=VERTEX_POINT('',#3087);
#944=VERTEX_POINT('',#3089);
#945=VERTEX_POINT('',#3091);
#946=VERTEX_POINT('',#3097);
#947=VERTEX_POINT('',#3102);
#948=VERTEX_POINT('',#3103);
#949=VERTEX_POINT('',#3105);
#950=VERTEX_POINT('',#3107);
#951=VERTEX_POINT('',#3111);
#952=VERTEX_POINT('',#3113);
#953=VERTEX_POINT('',#3115);
#954=VERTEX_POINT('',#3117);
#955=VERTEX_POINT('',#3119);
#956=VERTEX_POINT('',#3121);
#957=VERTEX_POINT('',#3123);
#958=VERTEX_POINT('',#3125);
#959=VERTEX_POINT('',#3130);
#960=VERTEX_POINT('',#3132);
#961=VERTEX_POINT('',#3136);
#962=VERTEX_POINT('',#3138);
#963=VERTEX_POINT('',#3142);
#964=VERTEX_POINT('',#3144);
#965=VERTEX_POINT('',#3148);
#966=VERTEX_POINT('',#3150);
#967=VERTEX_POINT('',#3154);
#968=VERTEX_POINT('',#3156);
#969=VERTEX_POINT('',#3159);
#970=VERTEX_POINT('',#3162);
#971=VERTEX_POINT('',#3164);
#972=VERTEX_POINT('',#3168);
#973=VERTEX_POINT('',#3169);
#974=VERTEX_POINT('',#3171);
#975=VERTEX_POINT('',#3173);
#976=VERTEX_POINT('',#3177);
#977=VERTEX_POINT('',#3181);
#978=VERTEX_POINT('',#3189);
#979=VERTEX_POINT('',#3193);
#980=VERTEX_POINT('',#3195);
#981=VERTEX_POINT('',#3199);
#982=VERTEX_POINT('',#3201);
#983=VERTEX_POINT('',#3209);
#984=VERTEX_POINT('',#3215);
#985=VERTEX_POINT('',#3217);
#986=VERTEX_POINT('',#3221);
#987=VERTEX_POINT('',#3223);
#988=VERTEX_POINT('',#3231);
#989=VERTEX_POINT('',#3233);
#990=VERTEX_POINT('',#3237);
#991=VERTEX_POINT('',#3239);
#992=VERTEX_POINT('',#3247);
#993=VERTEX_POINT('',#3248);
#994=VERTEX_POINT('',#3250);
#995=VERTEX_POINT('',#3252);
#996=VERTEX_POINT('',#3256);
#997=VERTEX_POINT('',#3258);
#998=VERTEX_POINT('',#3262);
#999=VERTEX_POINT('',#3264);
#1000=VERTEX_POINT('',#3272);
#1001=VERTEX_POINT('',#3274);
#1002=VERTEX_POINT('',#3278);
#1003=VERTEX_POINT('',#3280);
#1004=VERTEX_POINT('',#3285);
#1005=VERTEX_POINT('',#3286);
#1006=VERTEX_POINT('',#3288);
#1007=VERTEX_POINT('',#3290);
#1008=VERTEX_POINT('',#3292);
#1009=VERTEX_POINT('',#3294);
#1010=VERTEX_POINT('',#3296);
#1011=VERTEX_POINT('',#3298);
#1012=VERTEX_POINT('',#3301);
#1013=VERTEX_POINT('',#3303);
#1014=VERTEX_POINT('',#3305);
#1015=VERTEX_POINT('',#3308);
#1016=VERTEX_POINT('',#3310);
#1017=VERTEX_POINT('',#3314);
#1018=VERTEX_POINT('',#3320);
#1019=VERTEX_POINT('',#3322);
#1020=VERTEX_POINT('',#3326);
#1021=VERTEX_POINT('',#3332);
#1022=VERTEX_POINT('',#3334);
#1023=VERTEX_POINT('',#3338);
#1024=VERTEX_POINT('',#3344);
#1025=VERTEX_POINT('',#3346);
#1026=VERTEX_POINT('',#3350);
#1027=VERTEX_POINT('',#3352);
#1028=VERTEX_POINT('',#3356);
#1029=VERTEX_POINT('',#3358);
#1030=VERTEX_POINT('',#3362);
#1031=VERTEX_POINT('',#3364);
#1032=VERTEX_POINT('',#3368);
#1033=VERTEX_POINT('',#3369);
#1034=VERTEX_POINT('',#3371);
#1035=VERTEX_POINT('',#3373);
#1036=VERTEX_POINT('',#3377);
#1037=VERTEX_POINT('',#3379);
#1038=VERTEX_POINT('',#3383);
#1039=VERTEX_POINT('',#3385);
#1040=VERTEX_POINT('',#3389);
#1041=VERTEX_POINT('',#3398);
#1042=VERTEX_POINT('',#3402);
#1043=VERTEX_POINT('',#3406);
#1044=VERTEX_POINT('',#3407);
#1045=VERTEX_POINT('',#3409);
#1046=VERTEX_POINT('',#3411);
#1047=VERTEX_POINT('',#3415);
#1048=VERTEX_POINT('',#3419);
#1049=VERTEX_POINT('',#3420);
#1050=VERTEX_POINT('',#3422);
#1051=VERTEX_POINT('',#3424);
#1052=VERTEX_POINT('',#3427);
#1053=VERTEX_POINT('',#3430);
#1054=VERTEX_POINT('',#3431);
#1055=VERTEX_POINT('',#3433);
#1056=VERTEX_POINT('',#3436);
#1057=VERTEX_POINT('',#3437);
#1058=VERTEX_POINT('',#3439);
#1059=VERTEX_POINT('',#3442);
#1060=VERTEX_POINT('',#3444);
#1061=VERTEX_POINT('',#3450);
#1062=VERTEX_POINT('',#3452);
#1063=VERTEX_POINT('',#3458);
#1064=VERTEX_POINT('',#3464);
#1065=VERTEX_POINT('',#3466);
#1066=VERTEX_POINT('',#3471);
#1067=VERTEX_POINT('',#3477);
#1068=VERTEX_POINT('',#3495);
#1069=VERTEX_POINT('',#3496);
#1070=VERTEX_POINT('',#3498);
#1071=VERTEX_POINT('',#3500);
#1072=VERTEX_POINT('',#3504);
#1073=VERTEX_POINT('',#3506);
#1074=VERTEX_POINT('',#3510);
#1075=VERTEX_POINT('',#3512);
#1076=VERTEX_POINT('',#3519);
#1077=VERTEX_POINT('',#3521);
#1078=VERTEX_POINT('',#3525);
#1079=VERTEX_POINT('',#3527);
#1080=VERTEX_POINT('',#3531);
#1081=VERTEX_POINT('',#3533);
#1082=VERTEX_POINT('',#3537);
#1083=VERTEX_POINT('',#3539);
#1084=VERTEX_POINT('',#3545);
#1085=VERTEX_POINT('',#3546);
#1086=VERTEX_POINT('',#3548);
#1087=VERTEX_POINT('',#3550);
#1088=VERTEX_POINT('',#3552);
#1089=VERTEX_POINT('',#3554);
#1090=VERTEX_POINT('',#3556);
#1091=VERTEX_POINT('',#3558);
#1092=VERTEX_POINT('',#3561);
#1093=VERTEX_POINT('',#3562);
#1094=VERTEX_POINT('',#3564);
#1095=VERTEX_POINT('',#3566);
#1096=VERTEX_POINT('',#3570);
#1097=VERTEX_POINT('',#3571);
#1098=VERTEX_POINT('',#3573);
#1099=VERTEX_POINT('',#3575);
#1100=VERTEX_POINT('',#3577);
#1101=VERTEX_POINT('',#3579);
#1102=VERTEX_POINT('',#3581);
#1103=VERTEX_POINT('',#3583);
#1104=VERTEX_POINT('',#3586);
#1105=VERTEX_POINT('',#3587);
#1106=VERTEX_POINT('',#3589);
#1107=VERTEX_POINT('',#3591);
#1108=EDGE_CURVE('',#912,#913,#820,.T.);
#1109=EDGE_CURVE('',#913,#914,#416,.T.);
#1110=EDGE_CURVE('',#914,#915,#821,.T.);
#1111=EDGE_CURVE('',#915,#912,#417,.T.);
#1112=EDGE_CURVE('',#916,#913,#418,.T.);
#1113=EDGE_CURVE('',#917,#916,#419,.T.);
#1114=EDGE_CURVE('',#917,#914,#420,.T.);
#1115=EDGE_CURVE('',#918,#919,#822,.T.);
#1116=EDGE_CURVE('',#919,#920,#421,.T.);
#1117=EDGE_CURVE('',#920,#921,#823,.T.);
#1118=EDGE_CURVE('',#921,#918,#422,.T.);
#1119=EDGE_CURVE('',#922,#919,#423,.T.);
#1120=EDGE_CURVE('',#923,#922,#424,.T.);
#1121=EDGE_CURVE('',#920,#923,#425,.T.);
#1122=EDGE_CURVE('',#924,#925,#824,.T.);
#1123=EDGE_CURVE('',#925,#926,#426,.T.);
#1124=EDGE_CURVE('',#926,#927,#825,.T.);
#1125=EDGE_CURVE('',#927,#924,#427,.T.);
#1126=EDGE_CURVE('',#928,#925,#428,.T.);
#1127=EDGE_CURVE('',#929,#928,#429,.T.);
#1128=EDGE_CURVE('',#929,#926,#430,.T.);
#1129=EDGE_CURVE('',#930,#931,#826,.T.);
#1130=EDGE_CURVE('',#931,#932,#431,.T.);
#1131=EDGE_CURVE('',#932,#933,#827,.T.);
#1132=EDGE_CURVE('',#933,#930,#432,.T.);
#1133=EDGE_CURVE('',#921,#934,#433,.T.);
#1134=EDGE_CURVE('',#935,#934,#434,.T.);
#1135=EDGE_CURVE('',#936,#935,#435,.T.);
#1136=EDGE_CURVE('',#937,#936,#436,.T.);
#1137=EDGE_CURVE('',#937,#938,#437,.T.);
#1138=EDGE_CURVE('',#939,#938,#438,.T.);
#1139=EDGE_CURVE('',#939,#924,#439,.T.);
#1140=EDGE_CURVE('',#927,#932,#440,.T.);
#1141=EDGE_CURVE('',#931,#918,#441,.T.);
#1142=EDGE_CURVE('',#940,#939,#828,.T.);
#1143=EDGE_CURVE('',#938,#941,#829,.T.);
#1144=EDGE_CURVE('',#941,#940,#442,.T.);
#1145=EDGE_CURVE('',#942,#943,#830,.T.);
#1146=EDGE_CURVE('',#943,#944,#443,.T.);
#1147=EDGE_CURVE('',#944,#945,#831,.T.);
#1148=EDGE_CURVE('',#945,#942,#444,.T.);
#1149=EDGE_CURVE('',#942,#928,#445,.T.);
#1150=EDGE_CURVE('',#940,#943,#446,.T.);
#1151=EDGE_CURVE('',#946,#946,#832,.T.);
#1152=EDGE_CURVE('',#945,#929,#447,.T.);
#1153=EDGE_CURVE('',#947,#948,#833,.T.);
#1154=EDGE_CURVE('',#948,#949,#448,.T.);
#1155=EDGE_CURVE('',#949,#950,#834,.T.);
#1156=EDGE_CURVE('',#950,#947,#449,.T.);
#1157=EDGE_CURVE('',#915,#951,#450,.T.);
#1158=EDGE_CURVE('',#952,#951,#451,.T.);
#1159=EDGE_CURVE('',#952,#953,#452,.T.);
#1160=EDGE_CURVE('',#954,#953,#453,.T.);
#1161=EDGE_CURVE('',#954,#955,#454,.T.);
#1162=EDGE_CURVE('',#956,#955,#455,.T.);
#1163=EDGE_CURVE('',#957,#956,#456,.T.);
#1164=EDGE_CURVE('',#958,#957,#457,.T.);
#1165=EDGE_CURVE('',#958,#949,#458,.T.);
#1166=EDGE_CURVE('',#948,#912,#459,.T.);
#1167=EDGE_CURVE('',#959,#952,#835,.T.);
#1168=EDGE_CURVE('',#951,#960,#836,.T.);
#1169=EDGE_CURVE('',#960,#959,#460,.T.);
#1170=EDGE_CURVE('',#953,#961,#837,.T.);
#1171=EDGE_CURVE('',#961,#962,#461,.T.);
#1172=EDGE_CURVE('',#962,#954,#838,.T.);
#1173=EDGE_CURVE('',#963,#961,#462,.T.);
#1174=EDGE_CURVE('',#964,#963,#463,.T.);
#1175=EDGE_CURVE('',#962,#964,#464,.T.);
#1176=EDGE_CURVE('',#936,#965,#839,.T.);
#1177=EDGE_CURVE('',#965,#966,#465,.T.);
#1178=EDGE_CURVE('',#966,#937,#840,.T.);
#1179=EDGE_CURVE('',#967,#965,#466,.T.);
#1180=EDGE_CURVE('',#968,#967,#467,.T.);
#1181=EDGE_CURVE('',#968,#966,#468,.T.);
#1182=EDGE_CURVE('',#969,#969,#841,.T.);
#1183=EDGE_CURVE('',#970,#935,#842,.T.);
#1184=EDGE_CURVE('',#970,#971,#469,.T.);
#1185=EDGE_CURVE('',#957,#971,#843,.T.);
#1186=EDGE_CURVE('',#967,#956,#844,.T.);
#1187=EDGE_CURVE('',#972,#973,#470,.T.);
#1188=EDGE_CURVE('',#973,#974,#471,.T.);
#1189=EDGE_CURVE('',#974,#975,#472,.T.);
#1190=EDGE_CURVE('',#975,#972,#473,.T.);
#1191=EDGE_CURVE('',#934,#976,#845,.T.);
#1192=EDGE_CURVE('',#976,#970,#474,.T.);
#1193=EDGE_CURVE('',#976,#977,#475,.T.);
#1194=EDGE_CURVE('',#971,#977,#476,.T.);
#1195=EDGE_CURVE('',#977,#958,#846,.T.);
#1196=EDGE_CURVE('',#955,#968,#847,.T.);
#1197=EDGE_CURVE('',#969,#978,#477,.T.);
#1198=EDGE_CURVE('',#978,#978,#848,.T.);
#1199=EDGE_CURVE('',#979,#979,#849,.T.);
#1200=EDGE_CURVE('',#979,#980,#478,.T.);
#1201=EDGE_CURVE('',#980,#980,#850,.T.);
#1202=EDGE_CURVE('',#964,#981,#479,.T.);
#1203=EDGE_CURVE('',#982,#963,#480,.T.);
#1204=EDGE_CURVE('',#981,#982,#481,.T.);
#1205=EDGE_CURVE('',#981,#960,#482,.T.);
#1206=EDGE_CURVE('',#959,#982,#483,.T.);
#1207=EDGE_CURVE('',#946,#983,#484,.T.);
#1208=EDGE_CURVE('',#983,#983,#851,.T.);
#1209=EDGE_CURVE('',#941,#944,#485,.T.);
#1210=EDGE_CURVE('',#984,#984,#852,.T.);
#1211=EDGE_CURVE('',#984,#985,#486,.T.);
#1212=EDGE_CURVE('',#985,#985,#853,.T.);
#1213=EDGE_CURVE('',#986,#917,#487,.T.);
#1214=EDGE_CURVE('',#987,#916,#488,.T.);
#1215=EDGE_CURVE('',#986,#987,#489,.T.);
#1216=EDGE_CURVE('',#950,#986,#490,.T.);
#1217=EDGE_CURVE('',#947,#987,#491,.T.);
#1218=EDGE_CURVE('',#988,#988,#854,.T.);
#1219=EDGE_CURVE('',#988,#989,#492,.T.);
#1220=EDGE_CURVE('',#989,#989,#855,.T.);
#1221=EDGE_CURVE('',#990,#933,#493,.T.);
#1222=EDGE_CURVE('',#990,#991,#494,.T.);
#1223=EDGE_CURVE('',#930,#991,#495,.T.);
#1224=EDGE_CURVE('',#923,#990,#496,.T.);
#1225=EDGE_CURVE('',#991,#922,#497,.T.);
#1226=EDGE_CURVE('',#992,#993,#498,.T.);
#1227=EDGE_CURVE('',#992,#994,#499,.T.);
#1228=EDGE_CURVE('',#995,#994,#500,.T.);
#1229=EDGE_CURVE('',#993,#995,#501,.T.);
#1230=EDGE_CURVE('',#993,#996,#502,.T.);
#1231=EDGE_CURVE('',#997,#995,#503,.T.);
#1232=EDGE_CURVE('',#996,#997,#504,.T.);
#1233=EDGE_CURVE('',#996,#998,#505,.T.);
#1234=EDGE_CURVE('',#999,#997,#506,.T.);
#1235=EDGE_CURVE('',#998,#999,#507,.T.);
#1236=EDGE_CURVE('',#998,#992,#508,.T.);
#1237=EDGE_CURVE('',#994,#999,#509,.T.);
#1238=EDGE_CURVE('',#1000,#1000,#856,.T.);
#1239=EDGE_CURVE('',#1000,#1001,#510,.T.);
#1240=EDGE_CURVE('',#1001,#1001,#857,.T.);
#1241=EDGE_CURVE('',#1002,#1002,#858,.T.);
#1242=EDGE_CURVE('',#1002,#1003,#511,.T.);
#1243=EDGE_CURVE('',#1003,#1003,#859,.T.);
#1244=EDGE_CURVE('',#1004,#1005,#860,.T.);
#1245=EDGE_CURVE('',#1006,#1005,#512,.T.);
#1246=EDGE_CURVE('',#1006,#1007,#861,.T.);
#1247=EDGE_CURVE('',#1008,#1007,#513,.T.);
#1248=EDGE_CURVE('',#1008,#1009,#862,.T.);
#1249=EDGE_CURVE('',#1010,#1009,#514,.T.);
#1250=EDGE_CURVE('',#1010,#1011,#863,.T.);
#1251=EDGE_CURVE('',#1004,#1011,#515,.T.);
#1252=EDGE_CURVE('',#1012,#1012,#864,.T.);
#1253=EDGE_CURVE('',#1013,#1013,#865,.T.);
#1254=EDGE_CURVE('',#1014,#1014,#866,.T.);
#1255=EDGE_CURVE('',#1015,#1015,#867,.T.);
#1256=EDGE_CURVE('',#1015,#1016,#516,.T.);
#1257=EDGE_CURVE('',#1016,#1016,#868,.T.);
#1258=EDGE_CURVE('',#1017,#1017,#869,.T.);
#1259=EDGE_CURVE('',#1017,#1012,#517,.T.);
#1260=EDGE_CURVE('',#1018,#1018,#870,.T.);
#1261=EDGE_CURVE('',#1018,#1019,#518,.T.);
#1262=EDGE_CURVE('',#1019,#1019,#871,.T.);
#1263=EDGE_CURVE('',#1020,#1020,#872,.T.);
#1264=EDGE_CURVE('',#1020,#1014,#519,.T.);
#1265=EDGE_CURVE('',#1021,#1021,#873,.T.);
#1266=EDGE_CURVE('',#1021,#1022,#520,.T.);
#1267=EDGE_CURVE('',#1022,#1022,#874,.T.);
#1268=EDGE_CURVE('',#1023,#1023,#875,.T.);
#1269=EDGE_CURVE('',#1023,#1013,#521,.T.);
#1270=EDGE_CURVE('',#1024,#1024,#876,.T.);
#1271=EDGE_CURVE('',#1024,#1025,#522,.T.);
#1272=EDGE_CURVE('',#1025,#1025,#877,.T.);
#1273=EDGE_CURVE('',#1026,#1026,#878,.T.);
#1274=EDGE_CURVE('',#1026,#1027,#523,.T.);
#1275=EDGE_CURVE('',#1027,#1027,#879,.T.);
#1276=EDGE_CURVE('',#1028,#1028,#880,.T.);
#1277=EDGE_CURVE('',#1028,#1029,#524,.T.);
#1278=EDGE_CURVE('',#1029,#1029,#881,.T.);
#1279=EDGE_CURVE('',#1030,#1030,#882,.T.);
#1280=EDGE_CURVE('',#1030,#1031,#525,.T.);
#1281=EDGE_CURVE('',#1031,#1031,#883,.T.);
#1282=EDGE_CURVE('',#1032,#1033,#526,.T.);
#1283=EDGE_CURVE('',#1034,#1032,#884,.T.);
#1284=EDGE_CURVE('',#1035,#1034,#527,.T.);
#1285=EDGE_CURVE('',#1033,#1035,#885,.T.);
#1286=EDGE_CURVE('',#1036,#1004,#528,.T.);
#1287=EDGE_CURVE('',#1037,#1036,#886,.T.);
#1288=EDGE_CURVE('',#1005,#1037,#529,.T.);
#1289=EDGE_CURVE('',#1033,#1038,#530,.T.);
#1290=EDGE_CURVE('',#1039,#1038,#531,.F.);
#1291=EDGE_CURVE('',#1039,#1032,#532,.T.);
#1292=EDGE_CURVE('',#1011,#1040,#533,.T.);
#1293=EDGE_CURVE('',#1040,#1036,#534,.T.);
#1294=EDGE_CURVE('',#1034,#1039,#535,.T.);
#1295=EDGE_CURVE('',#1038,#1035,#536,.T.);
#1296=EDGE_CURVE('',#1037,#1041,#537,.T.);
#1297=EDGE_CURVE('',#1041,#1006,#538,.T.);
#1298=EDGE_CURVE('',#1042,#1010,#539,.T.);
#1299=EDGE_CURVE('',#1040,#1042,#887,.T.);
#1300=EDGE_CURVE('',#1043,#1044,#540,.T.);
#1301=EDGE_CURVE('',#1045,#1043,#888,.T.);
#1302=EDGE_CURVE('',#1046,#1045,#541,.T.);
#1303=EDGE_CURVE('',#1044,#1046,#889,.T.);
#1304=EDGE_CURVE('',#1009,#1047,#542,.T.);
#1305=EDGE_CURVE('',#1047,#1042,#543,.T.);
#1306=EDGE_CURVE('',#1048,#1049,#544,.T.);
#1307=EDGE_CURVE('',#1050,#1048,#545,.T.);
#1308=EDGE_CURVE('',#1051,#1050,#546,.T.);
#1309=EDGE_CURVE('',#1049,#1051,#547,.T.);
#1310=EDGE_CURVE('',#1052,#1046,#548,.T.);
#1311=EDGE_CURVE('',#1044,#1052,#549,.T.);
#1312=EDGE_CURVE('',#1053,#1054,#890,.T.);
#1313=EDGE_CURVE('',#1055,#1054,#550,.T.);
#1314=EDGE_CURVE('',#1053,#1055,#551,.T.);
#1315=EDGE_CURVE('',#1056,#1057,#891,.T.);
#1316=EDGE_CURVE('',#1058,#1057,#552,.T.);
#1317=EDGE_CURVE('',#1056,#1058,#553,.T.);
#1318=EDGE_CURVE('',#1047,#1059,#892,.T.);
#1319=EDGE_CURVE('',#1060,#1059,#554,.T.);
#1320=EDGE_CURVE('',#1060,#1041,#893,.T.);
#1321=EDGE_CURVE('',#1059,#1008,#555,.T.);
#1322=EDGE_CURVE('',#1061,#1056,#556,.T.);
#1323=EDGE_CURVE('',#1062,#1061,#894,.T.);
#1324=EDGE_CURVE('',#1057,#1062,#557,.T.);
#1325=EDGE_CURVE('',#1007,#1060,#558,.T.);
#1326=EDGE_CURVE('',#1063,#1043,#559,.T.);
#1327=EDGE_CURVE('',#1045,#1063,#560,.T.);
#1328=EDGE_CURVE('',#1063,#1052,#561,.F.);
#1329=EDGE_CURVE('',#1064,#1053,#562,.T.);
#1330=EDGE_CURVE('',#1065,#1064,#895,.T.);
#1331=EDGE_CURVE('',#1054,#1065,#563,.T.);
#1332=EDGE_CURVE('',#1066,#1055,#564,.F.);
#1333=EDGE_CURVE('',#1066,#1064,#565,.T.);
#1334=EDGE_CURVE('',#1065,#1066,#566,.T.);
#1335=EDGE_CURVE('',#1067,#1058,#567,.T.);
#1336=EDGE_CURVE('',#1067,#1061,#568,.T.);
#1337=EDGE_CURVE('',#1062,#1067,#569,.T.);
#1338=EDGE_CURVE('',#972,#1050,#570,.T.);
#1339=EDGE_CURVE('',#973,#1048,#571,.T.);
#1340=EDGE_CURVE('',#975,#1051,#572,.T.);
#1341=EDGE_CURVE('',#974,#1049,#573,.T.);
#1342=EDGE_CURVE('',#1068,#1069,#574,.T.);
#1343=EDGE_CURVE('',#1070,#1068,#575,.T.);
#1344=EDGE_CURVE('',#1070,#1071,#576,.T.);
#1345=EDGE_CURVE('',#1071,#1069,#577,.T.);
#1346=EDGE_CURVE('',#1069,#1072,#578,.T.);
#1347=EDGE_CURVE('',#1071,#1073,#579,.T.);
#1348=EDGE_CURVE('',#1073,#1072,#580,.T.);
#1349=EDGE_CURVE('',#1072,#1074,#581,.T.);
#1350=EDGE_CURVE('',#1073,#1075,#582,.T.);
#1351=EDGE_CURVE('',#1075,#1074,#583,.T.);
#1352=EDGE_CURVE('',#1074,#1068,#584,.T.);
#1353=EDGE_CURVE('',#1075,#1070,#585,.T.);
#1354=EDGE_CURVE('',#1076,#1076,#896,.T.);
#1355=EDGE_CURVE('',#1076,#1077,#586,.T.);
#1356=EDGE_CURVE('',#1077,#1077,#897,.T.);
#1357=EDGE_CURVE('',#1078,#1078,#898,.T.);
#1358=EDGE_CURVE('',#1078,#1079,#587,.T.);
#1359=EDGE_CURVE('',#1079,#1079,#899,.T.);
#1360=EDGE_CURVE('',#1080,#1080,#900,.T.);
#1361=EDGE_CURVE('',#1080,#1081,#588,.T.);
#1362=EDGE_CURVE('',#1081,#1081,#901,.T.);
#1363=EDGE_CURVE('',#1082,#1082,#902,.T.);
#1364=EDGE_CURVE('',#1082,#1083,#589,.T.);
#1365=EDGE_CURVE('',#1083,#1083,#903,.T.);
#1366=EDGE_CURVE('',#1084,#1085,#904,.T.);
#1367=EDGE_CURVE('',#1086,#1085,#590,.T.);
#1368=EDGE_CURVE('',#1086,#1087,#905,.T.);
#1369=EDGE_CURVE('',#1088,#1087,#591,.T.);
#1370=EDGE_CURVE('',#1088,#1089,#906,.T.);
#1371=EDGE_CURVE('',#1090,#1089,#592,.T.);
#1372=EDGE_CURVE('',#1090,#1091,#907,.T.);
#1373=EDGE_CURVE('',#1084,#1091,#593,.T.);
#1374=EDGE_CURVE('',#1092,#1093,#594,.T.);
#1375=EDGE_CURVE('',#1094,#1092,#595,.T.);
#1376=EDGE_CURVE('',#1095,#1094,#596,.T.);
#1377=EDGE_CURVE('',#1093,#1095,#597,.T.);
#1378=EDGE_CURVE('',#1096,#1097,#908,.T.);
#1379=EDGE_CURVE('',#1097,#1098,#598,.T.);
#1380=EDGE_CURVE('',#1098,#1099,#909,.T.);
#1381=EDGE_CURVE('',#1099,#1100,#599,.T.);
#1382=EDGE_CURVE('',#1100,#1101,#910,.T.);
#1383=EDGE_CURVE('',#1101,#1102,#600,.T.);
#1384=EDGE_CURVE('',#1102,#1103,#911,.T.);
#1385=EDGE_CURVE('',#1103,#1096,#601,.T.);
#1386=EDGE_CURVE('',#1104,#1105,#602,.T.);
#1387=EDGE_CURVE('',#1105,#1106,#603,.T.);
#1388=EDGE_CURVE('',#1106,#1107,#604,.T.);
#1389=EDGE_CURVE('',#1107,#1104,#605,.T.);
#1390=EDGE_CURVE('',#1084,#1097,#606,.T.);
#1391=EDGE_CURVE('',#1085,#1096,#607,.T.);
#1392=EDGE_CURVE('',#1091,#1098,#608,.T.);
#1393=EDGE_CURVE('',#1090,#1099,#609,.T.);
#1394=EDGE_CURVE('',#1089,#1100,#610,.T.);
#1395=EDGE_CURVE('',#1088,#1101,#611,.T.);
#1396=EDGE_CURVE('',#1087,#1102,#612,.T.);
#1397=EDGE_CURVE('',#1086,#1103,#613,.T.);
#1398=EDGE_CURVE('',#1092,#1105,#614,.T.);
#1399=EDGE_CURVE('',#1094,#1104,#615,.T.);
#1400=EDGE_CURVE('',#1093,#1106,#616,.T.);
#1401=EDGE_CURVE('',#1095,#1107,#617,.T.);
#1402=ORIENTED_EDGE('',*,*,#1108,.T.);
#1403=ORIENTED_EDGE('',*,*,#1109,.T.);
#1404=ORIENTED_EDGE('',*,*,#1110,.T.);
#1405=ORIENTED_EDGE('',*,*,#1111,.T.);
#1406=ORIENTED_EDGE('',*,*,#1109,.F.);
#1407=ORIENTED_EDGE('',*,*,#1112,.F.);
#1408=ORIENTED_EDGE('',*,*,#1113,.F.);
#1409=ORIENTED_EDGE('',*,*,#1114,.T.);
#1410=ORIENTED_EDGE('',*,*,#1115,.T.);
#1411=ORIENTED_EDGE('',*,*,#1116,.T.);
#1412=ORIENTED_EDGE('',*,*,#1117,.T.);
#1413=ORIENTED_EDGE('',*,*,#1118,.T.);
#1414=ORIENTED_EDGE('',*,*,#1116,.F.);
#1415=ORIENTED_EDGE('',*,*,#1119,.F.);
#1416=ORIENTED_EDGE('',*,*,#1120,.F.);
#1417=ORIENTED_EDGE('',*,*,#1121,.F.);
#1418=ORIENTED_EDGE('',*,*,#1122,.T.);
#1419=ORIENTED_EDGE('',*,*,#1123,.T.);
#1420=ORIENTED_EDGE('',*,*,#1124,.T.);
#1421=ORIENTED_EDGE('',*,*,#1125,.T.);
#1422=ORIENTED_EDGE('',*,*,#1123,.F.);
#1423=ORIENTED_EDGE('',*,*,#1126,.F.);
#1424=ORIENTED_EDGE('',*,*,#1127,.F.);
#1425=ORIENTED_EDGE('',*,*,#1128,.T.);
#1426=ORIENTED_EDGE('',*,*,#1129,.T.);
#1427=ORIENTED_EDGE('',*,*,#1130,.T.);
#1428=ORIENTED_EDGE('',*,*,#1131,.T.);
#1429=ORIENTED_EDGE('',*,*,#1132,.T.);
#1430=ORIENTED_EDGE('',*,*,#1118,.F.);
#1431=ORIENTED_EDGE('',*,*,#1133,.T.);
#1432=ORIENTED_EDGE('',*,*,#1134,.F.);
#1433=ORIENTED_EDGE('',*,*,#1135,.F.);
#1434=ORIENTED_EDGE('',*,*,#1136,.F.);
#1435=ORIENTED_EDGE('',*,*,#1137,.T.);
#1436=ORIENTED_EDGE('',*,*,#1138,.F.);
#1437=ORIENTED_EDGE('',*,*,#1139,.T.);
#1438=ORIENTED_EDGE('',*,*,#1125,.F.);
#1439=ORIENTED_EDGE('',*,*,#1140,.T.);
#1440=ORIENTED_EDGE('',*,*,#1130,.F.);
#1441=ORIENTED_EDGE('',*,*,#1141,.T.);
#1442=ORIENTED_EDGE('',*,*,#1142,.T.);
#1443=ORIENTED_EDGE('',*,*,#1138,.T.);
#1444=ORIENTED_EDGE('',*,*,#1143,.T.);
#1445=ORIENTED_EDGE('',*,*,#1144,.T.);
#1446=ORIENTED_EDGE('',*,*,#1145,.T.);
#1447=ORIENTED_EDGE('',*,*,#1146,.T.);
#1448=ORIENTED_EDGE('',*,*,#1147,.T.);
#1449=ORIENTED_EDGE('',*,*,#1148,.T.);
#1450=ORIENTED_EDGE('',*,*,#1145,.F.);
#1451=ORIENTED_EDGE('',*,*,#1149,.T.);
#1452=ORIENTED_EDGE('',*,*,#1126,.T.);
#1453=ORIENTED_EDGE('',*,*,#1122,.F.);
#1454=ORIENTED_EDGE('',*,*,#1139,.F.);
#1455=ORIENTED_EDGE('',*,*,#1142,.F.);
#1456=ORIENTED_EDGE('',*,*,#1150,.T.);
#1457=ORIENTED_EDGE('',*,*,#1151,.T.);
#1458=ORIENTED_EDGE('',*,*,#1148,.F.);
#1459=ORIENTED_EDGE('',*,*,#1152,.T.);
#1460=ORIENTED_EDGE('',*,*,#1127,.T.);
#1461=ORIENTED_EDGE('',*,*,#1149,.F.);
#1462=ORIENTED_EDGE('',*,*,#1153,.T.);
#1463=ORIENTED_EDGE('',*,*,#1154,.T.);
#1464=ORIENTED_EDGE('',*,*,#1155,.T.);
#1465=ORIENTED_EDGE('',*,*,#1156,.T.);
#1466=ORIENTED_EDGE('',*,*,#1111,.F.);
#1467=ORIENTED_EDGE('',*,*,#1157,.T.);
#1468=ORIENTED_EDGE('',*,*,#1158,.F.);
#1469=ORIENTED_EDGE('',*,*,#1159,.T.);
#1470=ORIENTED_EDGE('',*,*,#1160,.F.);
#1471=ORIENTED_EDGE('',*,*,#1161,.T.);
#1472=ORIENTED_EDGE('',*,*,#1162,.F.);
#1473=ORIENTED_EDGE('',*,*,#1163,.F.);
#1474=ORIENTED_EDGE('',*,*,#1164,.F.);
#1475=ORIENTED_EDGE('',*,*,#1165,.T.);
#1476=ORIENTED_EDGE('',*,*,#1154,.F.);
#1477=ORIENTED_EDGE('',*,*,#1166,.T.);
#1478=ORIENTED_EDGE('',*,*,#1167,.T.);
#1479=ORIENTED_EDGE('',*,*,#1158,.T.);
#1480=ORIENTED_EDGE('',*,*,#1168,.T.);
#1481=ORIENTED_EDGE('',*,*,#1169,.T.);
#1482=ORIENTED_EDGE('',*,*,#1170,.T.);
#1483=ORIENTED_EDGE('',*,*,#1171,.T.);
#1484=ORIENTED_EDGE('',*,*,#1172,.T.);
#1485=ORIENTED_EDGE('',*,*,#1160,.T.);
#1486=ORIENTED_EDGE('',*,*,#1171,.F.);
#1487=ORIENTED_EDGE('',*,*,#1173,.F.);
#1488=ORIENTED_EDGE('',*,*,#1174,.F.);
#1489=ORIENTED_EDGE('',*,*,#1175,.F.);
#1490=ORIENTED_EDGE('',*,*,#1176,.T.);
#1491=ORIENTED_EDGE('',*,*,#1177,.T.);
#1492=ORIENTED_EDGE('',*,*,#1178,.T.);
#1493=ORIENTED_EDGE('',*,*,#1136,.T.);
#1494=ORIENTED_EDGE('',*,*,#1177,.F.);
#1495=ORIENTED_EDGE('',*,*,#1179,.F.);
#1496=ORIENTED_EDGE('',*,*,#1180,.F.);
#1497=ORIENTED_EDGE('',*,*,#1181,.T.);
#1498=ORIENTED_EDGE('',*,*,#1182,.T.);
#1499=ORIENTED_EDGE('',*,*,#1176,.F.);
#1500=ORIENTED_EDGE('',*,*,#1135,.T.);
#1501=ORIENTED_EDGE('',*,*,#1183,.F.);
#1502=ORIENTED_EDGE('',*,*,#1184,.T.);
#1503=ORIENTED_EDGE('',*,*,#1185,.F.);
#1504=ORIENTED_EDGE('',*,*,#1163,.T.);
#1505=ORIENTED_EDGE('',*,*,#1186,.F.);
#1506=ORIENTED_EDGE('',*,*,#1179,.T.);
#1507=ORIENTED_EDGE('',*,*,#1187,.T.);
#1508=ORIENTED_EDGE('',*,*,#1188,.T.);
#1509=ORIENTED_EDGE('',*,*,#1189,.T.);
#1510=ORIENTED_EDGE('',*,*,#1190,.T.);
#1511=ORIENTED_EDGE('',*,*,#1183,.T.);
#1512=ORIENTED_EDGE('',*,*,#1134,.T.);
#1513=ORIENTED_EDGE('',*,*,#1191,.T.);
#1514=ORIENTED_EDGE('',*,*,#1192,.T.);
#1515=ORIENTED_EDGE('',*,*,#1192,.F.);
#1516=ORIENTED_EDGE('',*,*,#1193,.T.);
#1517=ORIENTED_EDGE('',*,*,#1194,.F.);
#1518=ORIENTED_EDGE('',*,*,#1184,.F.);
#1519=ORIENTED_EDGE('',*,*,#1185,.T.);
#1520=ORIENTED_EDGE('',*,*,#1194,.T.);
#1521=ORIENTED_EDGE('',*,*,#1195,.T.);
#1522=ORIENTED_EDGE('',*,*,#1164,.T.);
#1523=ORIENTED_EDGE('',*,*,#1186,.T.);
#1524=ORIENTED_EDGE('',*,*,#1162,.T.);
#1525=ORIENTED_EDGE('',*,*,#1196,.T.);
#1526=ORIENTED_EDGE('',*,*,#1180,.T.);
#1527=ORIENTED_EDGE('',*,*,#1182,.F.);
#1528=ORIENTED_EDGE('',*,*,#1197,.T.);
#1529=ORIENTED_EDGE('',*,*,#1198,.F.);
#1530=ORIENTED_EDGE('',*,*,#1197,.F.);
#1531=ORIENTED_EDGE('',*,*,#1199,.F.);
#1532=ORIENTED_EDGE('',*,*,#1200,.T.);
#1533=ORIENTED_EDGE('',*,*,#1201,.T.);
#1534=ORIENTED_EDGE('',*,*,#1200,.F.);
#1535=ORIENTED_EDGE('',*,*,#1202,.F.);
#1536=ORIENTED_EDGE('',*,*,#1174,.T.);
#1537=ORIENTED_EDGE('',*,*,#1203,.F.);
#1538=ORIENTED_EDGE('',*,*,#1204,.F.);
#1539=ORIENTED_EDGE('',*,*,#1169,.F.);
#1540=ORIENTED_EDGE('',*,*,#1205,.F.);
#1541=ORIENTED_EDGE('',*,*,#1204,.T.);
#1542=ORIENTED_EDGE('',*,*,#1206,.F.);
#1543=ORIENTED_EDGE('',*,*,#1159,.F.);
#1544=ORIENTED_EDGE('',*,*,#1167,.F.);
#1545=ORIENTED_EDGE('',*,*,#1206,.T.);
#1546=ORIENTED_EDGE('',*,*,#1203,.T.);
#1547=ORIENTED_EDGE('',*,*,#1173,.T.);
#1548=ORIENTED_EDGE('',*,*,#1170,.F.);
#1549=ORIENTED_EDGE('',*,*,#1199,.T.);
#1550=ORIENTED_EDGE('',*,*,#1151,.F.);
#1551=ORIENTED_EDGE('',*,*,#1207,.T.);
#1552=ORIENTED_EDGE('',*,*,#1208,.T.);
#1553=ORIENTED_EDGE('',*,*,#1207,.F.);
#1554=ORIENTED_EDGE('',*,*,#1144,.F.);
#1555=ORIENTED_EDGE('',*,*,#1209,.T.);
#1556=ORIENTED_EDGE('',*,*,#1146,.F.);
#1557=ORIENTED_EDGE('',*,*,#1150,.F.);
#1558=ORIENTED_EDGE('',*,*,#1210,.F.);
#1559=ORIENTED_EDGE('',*,*,#1211,.T.);
#1560=ORIENTED_EDGE('',*,*,#1212,.T.);
#1561=ORIENTED_EDGE('',*,*,#1211,.F.);
#1562=ORIENTED_EDGE('',*,*,#1213,.T.);
#1563=ORIENTED_EDGE('',*,*,#1113,.T.);
#1564=ORIENTED_EDGE('',*,*,#1214,.F.);
#1565=ORIENTED_EDGE('',*,*,#1215,.F.);
#1566=ORIENTED_EDGE('',*,*,#1156,.F.);
#1567=ORIENTED_EDGE('',*,*,#1216,.T.);
#1568=ORIENTED_EDGE('',*,*,#1215,.T.);
#1569=ORIENTED_EDGE('',*,*,#1217,.F.);
#1570=ORIENTED_EDGE('',*,*,#1217,.T.);
#1571=ORIENTED_EDGE('',*,*,#1214,.T.);
#1572=ORIENTED_EDGE('',*,*,#1112,.T.);
#1573=ORIENTED_EDGE('',*,*,#1108,.F.);
#1574=ORIENTED_EDGE('',*,*,#1166,.F.);
#1575=ORIENTED_EDGE('',*,*,#1153,.F.);
#1576=ORIENTED_EDGE('',*,*,#1210,.T.);
#1577=ORIENTED_EDGE('',*,*,#1218,.F.);
#1578=ORIENTED_EDGE('',*,*,#1219,.T.);
#1579=ORIENTED_EDGE('',*,*,#1220,.T.);
#1580=ORIENTED_EDGE('',*,*,#1219,.F.);
#1581=ORIENTED_EDGE('',*,*,#1132,.F.);
#1582=ORIENTED_EDGE('',*,*,#1221,.F.);
#1583=ORIENTED_EDGE('',*,*,#1222,.T.);
#1584=ORIENTED_EDGE('',*,*,#1223,.F.);
#1585=ORIENTED_EDGE('',*,*,#1224,.F.);
#1586=ORIENTED_EDGE('',*,*,#1120,.T.);
#1587=ORIENTED_EDGE('',*,*,#1225,.F.);
#1588=ORIENTED_EDGE('',*,*,#1222,.F.);
#1589=ORIENTED_EDGE('',*,*,#1225,.T.);
#1590=ORIENTED_EDGE('',*,*,#1119,.T.);
#1591=ORIENTED_EDGE('',*,*,#1115,.F.);
#1592=ORIENTED_EDGE('',*,*,#1141,.F.);
#1593=ORIENTED_EDGE('',*,*,#1129,.F.);
#1594=ORIENTED_EDGE('',*,*,#1223,.T.);
#1595=ORIENTED_EDGE('',*,*,#1218,.T.);
#1596=ORIENTED_EDGE('',*,*,#1226,.F.);
#1597=ORIENTED_EDGE('',*,*,#1227,.T.);
#1598=ORIENTED_EDGE('',*,*,#1228,.F.);
#1599=ORIENTED_EDGE('',*,*,#1229,.F.);
#1600=ORIENTED_EDGE('',*,*,#1230,.F.);
#1601=ORIENTED_EDGE('',*,*,#1229,.T.);
#1602=ORIENTED_EDGE('',*,*,#1231,.F.);
#1603=ORIENTED_EDGE('',*,*,#1232,.F.);
#1604=ORIENTED_EDGE('',*,*,#1233,.F.);
#1605=ORIENTED_EDGE('',*,*,#1232,.T.);
#1606=ORIENTED_EDGE('',*,*,#1234,.F.);
#1607=ORIENTED_EDGE('',*,*,#1235,.F.);
#1608=ORIENTED_EDGE('',*,*,#1236,.F.);
#1609=ORIENTED_EDGE('',*,*,#1235,.T.);
#1610=ORIENTED_EDGE('',*,*,#1237,.F.);
#1611=ORIENTED_EDGE('',*,*,#1227,.F.);
#1612=ORIENTED_EDGE('',*,*,#1237,.T.);
#1613=ORIENTED_EDGE('',*,*,#1234,.T.);
#1614=ORIENTED_EDGE('',*,*,#1231,.T.);
#1615=ORIENTED_EDGE('',*,*,#1228,.T.);
#1616=ORIENTED_EDGE('',*,*,#1238,.F.);
#1617=ORIENTED_EDGE('',*,*,#1239,.T.);
#1618=ORIENTED_EDGE('',*,*,#1240,.F.);
#1619=ORIENTED_EDGE('',*,*,#1239,.F.);
#1620=ORIENTED_EDGE('',*,*,#1241,.F.);
#1621=ORIENTED_EDGE('',*,*,#1242,.T.);
#1622=ORIENTED_EDGE('',*,*,#1243,.F.);
#1623=ORIENTED_EDGE('',*,*,#1242,.F.);
#1624=ORIENTED_EDGE('',*,*,#1241,.T.);
#1625=ORIENTED_EDGE('',*,*,#1238,.T.);
#1626=ORIENTED_EDGE('',*,*,#1244,.T.);
#1627=ORIENTED_EDGE('',*,*,#1245,.F.);
#1628=ORIENTED_EDGE('',*,*,#1246,.T.);
#1629=ORIENTED_EDGE('',*,*,#1247,.F.);
#1630=ORIENTED_EDGE('',*,*,#1248,.T.);
#1631=ORIENTED_EDGE('',*,*,#1249,.F.);
#1632=ORIENTED_EDGE('',*,*,#1250,.T.);
#1633=ORIENTED_EDGE('',*,*,#1251,.F.);
#1634=ORIENTED_EDGE('',*,*,#1226,.T.);
#1635=ORIENTED_EDGE('',*,*,#1230,.T.);
#1636=ORIENTED_EDGE('',*,*,#1233,.T.);
#1637=ORIENTED_EDGE('',*,*,#1236,.T.);
#1638=ORIENTED_EDGE('',*,*,#1252,.T.);
#1639=ORIENTED_EDGE('',*,*,#1253,.T.);
#1640=ORIENTED_EDGE('',*,*,#1254,.T.);
#1641=ORIENTED_EDGE('',*,*,#1243,.T.);
#1642=ORIENTED_EDGE('',*,*,#1255,.F.);
#1643=ORIENTED_EDGE('',*,*,#1256,.T.);
#1644=ORIENTED_EDGE('',*,*,#1257,.F.);
#1645=ORIENTED_EDGE('',*,*,#1256,.F.);
#1646=ORIENTED_EDGE('',*,*,#1258,.F.);
#1647=ORIENTED_EDGE('',*,*,#1259,.T.);
#1648=ORIENTED_EDGE('',*,*,#1252,.F.);
#1649=ORIENTED_EDGE('',*,*,#1259,.F.);
#1650=ORIENTED_EDGE('',*,*,#1258,.T.);
#1651=ORIENTED_EDGE('',*,*,#1255,.T.);
#1652=ORIENTED_EDGE('',*,*,#1240,.T.);
#1653=ORIENTED_EDGE('',*,*,#1260,.F.);
#1654=ORIENTED_EDGE('',*,*,#1261,.T.);
#1655=ORIENTED_EDGE('',*,*,#1262,.F.);
#1656=ORIENTED_EDGE('',*,*,#1261,.F.);
#1657=ORIENTED_EDGE('',*,*,#1263,.F.);
#1658=ORIENTED_EDGE('',*,*,#1264,.T.);
#1659=ORIENTED_EDGE('',*,*,#1254,.F.);
#1660=ORIENTED_EDGE('',*,*,#1264,.F.);
#1661=ORIENTED_EDGE('',*,*,#1263,.T.);
#1662=ORIENTED_EDGE('',*,*,#1260,.T.);
#1663=ORIENTED_EDGE('',*,*,#1257,.T.);
#1664=ORIENTED_EDGE('',*,*,#1265,.F.);
#1665=ORIENTED_EDGE('',*,*,#1266,.T.);
#1666=ORIENTED_EDGE('',*,*,#1267,.F.);
#1667=ORIENTED_EDGE('',*,*,#1266,.F.);
#1668=ORIENTED_EDGE('',*,*,#1268,.F.);
#1669=ORIENTED_EDGE('',*,*,#1269,.T.);
#1670=ORIENTED_EDGE('',*,*,#1253,.F.);
#1671=ORIENTED_EDGE('',*,*,#1269,.F.);
#1672=ORIENTED_EDGE('',*,*,#1268,.T.);
#1673=ORIENTED_EDGE('',*,*,#1265,.T.);
#1674=ORIENTED_EDGE('',*,*,#1262,.T.);
#1675=ORIENTED_EDGE('',*,*,#1270,.F.);
#1676=ORIENTED_EDGE('',*,*,#1271,.T.);
#1677=ORIENTED_EDGE('',*,*,#1272,.F.);
#1678=ORIENTED_EDGE('',*,*,#1271,.F.);
#1679=ORIENTED_EDGE('',*,*,#1273,.F.);
#1680=ORIENTED_EDGE('',*,*,#1274,.T.);
#1681=ORIENTED_EDGE('',*,*,#1275,.F.);
#1682=ORIENTED_EDGE('',*,*,#1274,.F.);
#1683=ORIENTED_EDGE('',*,*,#1276,.F.);
#1684=ORIENTED_EDGE('',*,*,#1277,.T.);
#1685=ORIENTED_EDGE('',*,*,#1278,.F.);
#1686=ORIENTED_EDGE('',*,*,#1277,.F.);
#1687=ORIENTED_EDGE('',*,*,#1279,.F.);
#1688=ORIENTED_EDGE('',*,*,#1280,.T.);
#1689=ORIENTED_EDGE('',*,*,#1281,.F.);
#1690=ORIENTED_EDGE('',*,*,#1280,.F.);
#1691=ORIENTED_EDGE('',*,*,#1282,.F.);
#1692=ORIENTED_EDGE('',*,*,#1283,.F.);
#1693=ORIENTED_EDGE('',*,*,#1284,.F.);
#1694=ORIENTED_EDGE('',*,*,#1285,.F.);
#1695=ORIENTED_EDGE('',*,*,#1286,.F.);
#1696=ORIENTED_EDGE('',*,*,#1287,.F.);
#1697=ORIENTED_EDGE('',*,*,#1288,.F.);
#1698=ORIENTED_EDGE('',*,*,#1244,.F.);
#1699=ORIENTED_EDGE('',*,*,#1282,.T.);
#1700=ORIENTED_EDGE('',*,*,#1289,.T.);
#1701=ORIENTED_EDGE('',*,*,#1290,.F.);
#1702=ORIENTED_EDGE('',*,*,#1291,.T.);
#1703=ORIENTED_EDGE('',*,*,#1286,.T.);
#1704=ORIENTED_EDGE('',*,*,#1251,.T.);
#1705=ORIENTED_EDGE('',*,*,#1292,.T.);
#1706=ORIENTED_EDGE('',*,*,#1293,.T.);
#1707=ORIENTED_EDGE('',*,*,#1283,.T.);
#1708=ORIENTED_EDGE('',*,*,#1291,.F.);
#1709=ORIENTED_EDGE('',*,*,#1294,.F.);
#1710=ORIENTED_EDGE('',*,*,#1267,.T.);
#1711=ORIENTED_EDGE('',*,*,#1284,.T.);
#1712=ORIENTED_EDGE('',*,*,#1294,.T.);
#1713=ORIENTED_EDGE('',*,*,#1290,.T.);
#1714=ORIENTED_EDGE('',*,*,#1295,.T.);
#1715=ORIENTED_EDGE('',*,*,#1288,.T.);
#1716=ORIENTED_EDGE('',*,*,#1296,.T.);
#1717=ORIENTED_EDGE('',*,*,#1297,.T.);
#1718=ORIENTED_EDGE('',*,*,#1245,.T.);
#1719=ORIENTED_EDGE('',*,*,#1298,.F.);
#1720=ORIENTED_EDGE('',*,*,#1299,.F.);
#1721=ORIENTED_EDGE('',*,*,#1292,.F.);
#1722=ORIENTED_EDGE('',*,*,#1250,.F.);
#1723=ORIENTED_EDGE('',*,*,#1300,.F.);
#1724=ORIENTED_EDGE('',*,*,#1301,.F.);
#1725=ORIENTED_EDGE('',*,*,#1302,.F.);
#1726=ORIENTED_EDGE('',*,*,#1303,.F.);
#1727=ORIENTED_EDGE('',*,*,#1298,.T.);
#1728=ORIENTED_EDGE('',*,*,#1249,.T.);
#1729=ORIENTED_EDGE('',*,*,#1304,.T.);
#1730=ORIENTED_EDGE('',*,*,#1305,.T.);
#1731=ORIENTED_EDGE('',*,*,#1198,.T.);
#1732=ORIENTED_EDGE('',*,*,#1306,.F.);
#1733=ORIENTED_EDGE('',*,*,#1307,.F.);
#1734=ORIENTED_EDGE('',*,*,#1308,.F.);
#1735=ORIENTED_EDGE('',*,*,#1309,.F.);
#1736=ORIENTED_EDGE('',*,*,#1303,.T.);
#1737=ORIENTED_EDGE('',*,*,#1310,.F.);
#1738=ORIENTED_EDGE('',*,*,#1311,.F.);
#1739=ORIENTED_EDGE('',*,*,#1312,.T.);
#1740=ORIENTED_EDGE('',*,*,#1313,.F.);
#1741=ORIENTED_EDGE('',*,*,#1314,.F.);
#1742=ORIENTED_EDGE('',*,*,#1315,.T.);
#1743=ORIENTED_EDGE('',*,*,#1316,.F.);
#1744=ORIENTED_EDGE('',*,*,#1317,.F.);
#1745=ORIENTED_EDGE('',*,*,#1285,.T.);
#1746=ORIENTED_EDGE('',*,*,#1295,.F.);
#1747=ORIENTED_EDGE('',*,*,#1289,.F.);
#1748=ORIENTED_EDGE('',*,*,#1293,.F.);
#1749=ORIENTED_EDGE('',*,*,#1299,.T.);
#1750=ORIENTED_EDGE('',*,*,#1305,.F.);
#1751=ORIENTED_EDGE('',*,*,#1318,.T.);
#1752=ORIENTED_EDGE('',*,*,#1319,.F.);
#1753=ORIENTED_EDGE('',*,*,#1320,.T.);
#1754=ORIENTED_EDGE('',*,*,#1296,.F.);
#1755=ORIENTED_EDGE('',*,*,#1287,.T.);
#1756=ORIENTED_EDGE('',*,*,#1281,.T.);
#1757=ORIENTED_EDGE('',*,*,#1278,.T.);
#1758=ORIENTED_EDGE('',*,*,#1275,.T.);
#1759=ORIENTED_EDGE('',*,*,#1272,.T.);
#1760=ORIENTED_EDGE('',*,*,#1321,.F.);
#1761=ORIENTED_EDGE('',*,*,#1318,.F.);
#1762=ORIENTED_EDGE('',*,*,#1304,.F.);
#1763=ORIENTED_EDGE('',*,*,#1248,.F.);
#1764=ORIENTED_EDGE('',*,*,#1322,.F.);
#1765=ORIENTED_EDGE('',*,*,#1323,.F.);
#1766=ORIENTED_EDGE('',*,*,#1324,.F.);
#1767=ORIENTED_EDGE('',*,*,#1315,.F.);
#1768=ORIENTED_EDGE('',*,*,#1321,.T.);
#1769=ORIENTED_EDGE('',*,*,#1247,.T.);
#1770=ORIENTED_EDGE('',*,*,#1325,.T.);
#1771=ORIENTED_EDGE('',*,*,#1319,.T.);
#1772=ORIENTED_EDGE('',*,*,#1301,.T.);
#1773=ORIENTED_EDGE('',*,*,#1326,.F.);
#1774=ORIENTED_EDGE('',*,*,#1327,.F.);
#1775=ORIENTED_EDGE('',*,*,#1300,.T.);
#1776=ORIENTED_EDGE('',*,*,#1311,.T.);
#1777=ORIENTED_EDGE('',*,*,#1328,.F.);
#1778=ORIENTED_EDGE('',*,*,#1326,.T.);
#1779=ORIENTED_EDGE('',*,*,#1329,.F.);
#1780=ORIENTED_EDGE('',*,*,#1330,.F.);
#1781=ORIENTED_EDGE('',*,*,#1331,.F.);
#1782=ORIENTED_EDGE('',*,*,#1312,.F.);
#1783=ORIENTED_EDGE('',*,*,#1297,.F.);
#1784=ORIENTED_EDGE('',*,*,#1320,.F.);
#1785=ORIENTED_EDGE('',*,*,#1325,.F.);
#1786=ORIENTED_EDGE('',*,*,#1246,.F.);
#1787=ORIENTED_EDGE('',*,*,#1329,.T.);
#1788=ORIENTED_EDGE('',*,*,#1314,.T.);
#1789=ORIENTED_EDGE('',*,*,#1332,.F.);
#1790=ORIENTED_EDGE('',*,*,#1333,.T.);
#1791=ORIENTED_EDGE('',*,*,#1331,.T.);
#1792=ORIENTED_EDGE('',*,*,#1334,.T.);
#1793=ORIENTED_EDGE('',*,*,#1332,.T.);
#1794=ORIENTED_EDGE('',*,*,#1313,.T.);
#1795=ORIENTED_EDGE('',*,*,#1322,.T.);
#1796=ORIENTED_EDGE('',*,*,#1317,.T.);
#1797=ORIENTED_EDGE('',*,*,#1335,.F.);
#1798=ORIENTED_EDGE('',*,*,#1336,.T.);
#1799=ORIENTED_EDGE('',*,*,#1330,.T.);
#1800=ORIENTED_EDGE('',*,*,#1333,.F.);
#1801=ORIENTED_EDGE('',*,*,#1334,.F.);
#1802=ORIENTED_EDGE('',*,*,#1323,.T.);
#1803=ORIENTED_EDGE('',*,*,#1336,.F.);
#1804=ORIENTED_EDGE('',*,*,#1337,.F.);
#1805=ORIENTED_EDGE('',*,*,#1187,.F.);
#1806=ORIENTED_EDGE('',*,*,#1338,.T.);
#1807=ORIENTED_EDGE('',*,*,#1307,.T.);
#1808=ORIENTED_EDGE('',*,*,#1339,.F.);
#1809=ORIENTED_EDGE('',*,*,#1190,.F.);
#1810=ORIENTED_EDGE('',*,*,#1340,.T.);
#1811=ORIENTED_EDGE('',*,*,#1308,.T.);
#1812=ORIENTED_EDGE('',*,*,#1338,.F.);
#1813=ORIENTED_EDGE('',*,*,#1189,.F.);
#1814=ORIENTED_EDGE('',*,*,#1341,.T.);
#1815=ORIENTED_EDGE('',*,*,#1309,.T.);
#1816=ORIENTED_EDGE('',*,*,#1340,.F.);
#1817=ORIENTED_EDGE('',*,*,#1188,.F.);
#1818=ORIENTED_EDGE('',*,*,#1339,.T.);
#1819=ORIENTED_EDGE('',*,*,#1306,.T.);
#1820=ORIENTED_EDGE('',*,*,#1341,.F.);
#1821=ORIENTED_EDGE('',*,*,#1324,.T.);
#1822=ORIENTED_EDGE('',*,*,#1337,.T.);
#1823=ORIENTED_EDGE('',*,*,#1335,.T.);
#1824=ORIENTED_EDGE('',*,*,#1316,.T.);
#1825=ORIENTED_EDGE('',*,*,#1302,.T.);
#1826=ORIENTED_EDGE('',*,*,#1327,.T.);
#1827=ORIENTED_EDGE('',*,*,#1328,.T.);
#1828=ORIENTED_EDGE('',*,*,#1310,.T.);
#1829=ORIENTED_EDGE('',*,*,#1147,.F.);
#1830=ORIENTED_EDGE('',*,*,#1209,.F.);
#1831=ORIENTED_EDGE('',*,*,#1143,.F.);
#1832=ORIENTED_EDGE('',*,*,#1137,.F.);
#1833=ORIENTED_EDGE('',*,*,#1178,.F.);
#1834=ORIENTED_EDGE('',*,*,#1181,.F.);
#1835=ORIENTED_EDGE('',*,*,#1196,.F.);
#1836=ORIENTED_EDGE('',*,*,#1161,.F.);
#1837=ORIENTED_EDGE('',*,*,#1172,.F.);
#1838=ORIENTED_EDGE('',*,*,#1175,.T.);
#1839=ORIENTED_EDGE('',*,*,#1202,.T.);
#1840=ORIENTED_EDGE('',*,*,#1205,.T.);
#1841=ORIENTED_EDGE('',*,*,#1168,.F.);
#1842=ORIENTED_EDGE('',*,*,#1157,.F.);
#1843=ORIENTED_EDGE('',*,*,#1110,.F.);
#1844=ORIENTED_EDGE('',*,*,#1114,.F.);
#1845=ORIENTED_EDGE('',*,*,#1213,.F.);
#1846=ORIENTED_EDGE('',*,*,#1216,.F.);
#1847=ORIENTED_EDGE('',*,*,#1155,.F.);
#1848=ORIENTED_EDGE('',*,*,#1165,.F.);
#1849=ORIENTED_EDGE('',*,*,#1195,.F.);
#1850=ORIENTED_EDGE('',*,*,#1193,.F.);
#1851=ORIENTED_EDGE('',*,*,#1191,.F.);
#1852=ORIENTED_EDGE('',*,*,#1133,.F.);
#1853=ORIENTED_EDGE('',*,*,#1117,.F.);
#1854=ORIENTED_EDGE('',*,*,#1121,.T.);
#1855=ORIENTED_EDGE('',*,*,#1224,.T.);
#1856=ORIENTED_EDGE('',*,*,#1221,.T.);
#1857=ORIENTED_EDGE('',*,*,#1131,.F.);
#1858=ORIENTED_EDGE('',*,*,#1140,.F.);
#1859=ORIENTED_EDGE('',*,*,#1124,.F.);
#1860=ORIENTED_EDGE('',*,*,#1128,.F.);
#1861=ORIENTED_EDGE('',*,*,#1152,.F.);
#1862=ORIENTED_EDGE('',*,*,#1201,.F.);
#1863=ORIENTED_EDGE('',*,*,#1208,.F.);
#1864=ORIENTED_EDGE('',*,*,#1212,.F.);
#1865=ORIENTED_EDGE('',*,*,#1220,.F.);
#1866=ORIENTED_EDGE('',*,*,#1270,.T.);
#1867=ORIENTED_EDGE('',*,*,#1273,.T.);
#1868=ORIENTED_EDGE('',*,*,#1276,.T.);
#1869=ORIENTED_EDGE('',*,*,#1279,.T.);
#1870=ORIENTED_EDGE('',*,*,#1342,.F.);
#1871=ORIENTED_EDGE('',*,*,#1343,.F.);
#1872=ORIENTED_EDGE('',*,*,#1344,.T.);
#1873=ORIENTED_EDGE('',*,*,#1345,.T.);
#1874=ORIENTED_EDGE('',*,*,#1346,.F.);
#1875=ORIENTED_EDGE('',*,*,#1345,.F.);
#1876=ORIENTED_EDGE('',*,*,#1347,.T.);
#1877=ORIENTED_EDGE('',*,*,#1348,.T.);
#1878=ORIENTED_EDGE('',*,*,#1349,.F.);
#1879=ORIENTED_EDGE('',*,*,#1348,.F.);
#1880=ORIENTED_EDGE('',*,*,#1350,.T.);
#1881=ORIENTED_EDGE('',*,*,#1351,.T.);
#1882=ORIENTED_EDGE('',*,*,#1352,.F.);
#1883=ORIENTED_EDGE('',*,*,#1351,.F.);
#1884=ORIENTED_EDGE('',*,*,#1353,.T.);
#1885=ORIENTED_EDGE('',*,*,#1343,.T.);
#1886=ORIENTED_EDGE('',*,*,#1354,.F.);
#1887=ORIENTED_EDGE('',*,*,#1355,.T.);
#1888=ORIENTED_EDGE('',*,*,#1356,.F.);
#1889=ORIENTED_EDGE('',*,*,#1355,.F.);
#1890=ORIENTED_EDGE('',*,*,#1357,.F.);
#1891=ORIENTED_EDGE('',*,*,#1358,.T.);
#1892=ORIENTED_EDGE('',*,*,#1359,.F.);
#1893=ORIENTED_EDGE('',*,*,#1358,.F.);
#1894=ORIENTED_EDGE('',*,*,#1360,.F.);
#1895=ORIENTED_EDGE('',*,*,#1361,.T.);
#1896=ORIENTED_EDGE('',*,*,#1362,.F.);
#1897=ORIENTED_EDGE('',*,*,#1361,.F.);
#1898=ORIENTED_EDGE('',*,*,#1363,.F.);
#1899=ORIENTED_EDGE('',*,*,#1364,.T.);
#1900=ORIENTED_EDGE('',*,*,#1365,.F.);
#1901=ORIENTED_EDGE('',*,*,#1364,.F.);
#1902=ORIENTED_EDGE('',*,*,#1353,.F.);
#1903=ORIENTED_EDGE('',*,*,#1350,.F.);
#1904=ORIENTED_EDGE('',*,*,#1347,.F.);
#1905=ORIENTED_EDGE('',*,*,#1344,.F.);
#1906=ORIENTED_EDGE('',*,*,#1354,.T.);
#1907=ORIENTED_EDGE('',*,*,#1357,.T.);
#1908=ORIENTED_EDGE('',*,*,#1360,.T.);
#1909=ORIENTED_EDGE('',*,*,#1363,.T.);
#1910=ORIENTED_EDGE('',*,*,#1349,.T.);
#1911=ORIENTED_EDGE('',*,*,#1352,.T.);
#1912=ORIENTED_EDGE('',*,*,#1342,.T.);
#1913=ORIENTED_EDGE('',*,*,#1346,.T.);
#1914=ORIENTED_EDGE('',*,*,#1356,.T.);
#1915=ORIENTED_EDGE('',*,*,#1359,.T.);
#1916=ORIENTED_EDGE('',*,*,#1362,.T.);
#1917=ORIENTED_EDGE('',*,*,#1365,.T.);
#1918=ORIENTED_EDGE('',*,*,#1366,.T.);
#1919=ORIENTED_EDGE('',*,*,#1367,.F.);
#1920=ORIENTED_EDGE('',*,*,#1368,.T.);
#1921=ORIENTED_EDGE('',*,*,#1369,.F.);
#1922=ORIENTED_EDGE('',*,*,#1370,.T.);
#1923=ORIENTED_EDGE('',*,*,#1371,.F.);
#1924=ORIENTED_EDGE('',*,*,#1372,.T.);
#1925=ORIENTED_EDGE('',*,*,#1373,.F.);
#1926=ORIENTED_EDGE('',*,*,#1374,.F.);
#1927=ORIENTED_EDGE('',*,*,#1375,.F.);
#1928=ORIENTED_EDGE('',*,*,#1376,.F.);
#1929=ORIENTED_EDGE('',*,*,#1377,.F.);
#1930=ORIENTED_EDGE('',*,*,#1378,.T.);
#1931=ORIENTED_EDGE('',*,*,#1379,.T.);
#1932=ORIENTED_EDGE('',*,*,#1380,.T.);
#1933=ORIENTED_EDGE('',*,*,#1381,.T.);
#1934=ORIENTED_EDGE('',*,*,#1382,.T.);
#1935=ORIENTED_EDGE('',*,*,#1383,.T.);
#1936=ORIENTED_EDGE('',*,*,#1384,.T.);
#1937=ORIENTED_EDGE('',*,*,#1385,.T.);
#1938=ORIENTED_EDGE('',*,*,#1386,.T.);
#1939=ORIENTED_EDGE('',*,*,#1387,.T.);
#1940=ORIENTED_EDGE('',*,*,#1388,.T.);
#1941=ORIENTED_EDGE('',*,*,#1389,.T.);
#1942=ORIENTED_EDGE('',*,*,#1366,.F.);
#1943=ORIENTED_EDGE('',*,*,#1390,.T.);
#1944=ORIENTED_EDGE('',*,*,#1378,.F.);
#1945=ORIENTED_EDGE('',*,*,#1391,.F.);
#1946=ORIENTED_EDGE('',*,*,#1373,.T.);
#1947=ORIENTED_EDGE('',*,*,#1392,.T.);
#1948=ORIENTED_EDGE('',*,*,#1379,.F.);
#1949=ORIENTED_EDGE('',*,*,#1390,.F.);
#1950=ORIENTED_EDGE('',*,*,#1372,.F.);
#1951=ORIENTED_EDGE('',*,*,#1393,.T.);
#1952=ORIENTED_EDGE('',*,*,#1380,.F.);
#1953=ORIENTED_EDGE('',*,*,#1392,.F.);
#1954=ORIENTED_EDGE('',*,*,#1371,.T.);
#1955=ORIENTED_EDGE('',*,*,#1394,.T.);
#1956=ORIENTED_EDGE('',*,*,#1381,.F.);
#1957=ORIENTED_EDGE('',*,*,#1393,.F.);
#1958=ORIENTED_EDGE('',*,*,#1370,.F.);
#1959=ORIENTED_EDGE('',*,*,#1395,.T.);
#1960=ORIENTED_EDGE('',*,*,#1382,.F.);
#1961=ORIENTED_EDGE('',*,*,#1394,.F.);
#1962=ORIENTED_EDGE('',*,*,#1369,.T.);
#1963=ORIENTED_EDGE('',*,*,#1396,.T.);
#1964=ORIENTED_EDGE('',*,*,#1383,.F.);
#1965=ORIENTED_EDGE('',*,*,#1395,.F.);
#1966=ORIENTED_EDGE('',*,*,#1368,.F.);
#1967=ORIENTED_EDGE('',*,*,#1397,.T.);
#1968=ORIENTED_EDGE('',*,*,#1384,.F.);
#1969=ORIENTED_EDGE('',*,*,#1396,.F.);
#1970=ORIENTED_EDGE('',*,*,#1367,.T.);
#1971=ORIENTED_EDGE('',*,*,#1391,.T.);
#1972=ORIENTED_EDGE('',*,*,#1385,.F.);
#1973=ORIENTED_EDGE('',*,*,#1397,.F.);
#1974=ORIENTED_EDGE('',*,*,#1375,.T.);
#1975=ORIENTED_EDGE('',*,*,#1398,.T.);
#1976=ORIENTED_EDGE('',*,*,#1386,.F.);
#1977=ORIENTED_EDGE('',*,*,#1399,.F.);
#1978=ORIENTED_EDGE('',*,*,#1374,.T.);
#1979=ORIENTED_EDGE('',*,*,#1400,.T.);
#1980=ORIENTED_EDGE('',*,*,#1387,.F.);
#1981=ORIENTED_EDGE('',*,*,#1398,.F.);
#1982=ORIENTED_EDGE('',*,*,#1377,.T.);
#1983=ORIENTED_EDGE('',*,*,#1401,.T.);
#1984=ORIENTED_EDGE('',*,*,#1388,.F.);
#1985=ORIENTED_EDGE('',*,*,#1400,.F.);
#1986=ORIENTED_EDGE('',*,*,#1376,.T.);
#1987=ORIENTED_EDGE('',*,*,#1399,.T.);
#1988=ORIENTED_EDGE('',*,*,#1389,.F.);
#1989=ORIENTED_EDGE('',*,*,#1401,.F.);
#1990=CYLINDRICAL_SURFACE('',#2171,1.);
#1991=CYLINDRICAL_SURFACE('',#2175,1.);
#1992=CYLINDRICAL_SURFACE('',#2179,1.);
#1993=CYLINDRICAL_SURFACE('',#2183,1.);
#1994=CYLINDRICAL_SURFACE('',#2187,1.);
#1995=CYLINDRICAL_SURFACE('',#2190,1.);
#1996=CYLINDRICAL_SURFACE('',#2196,1.);
#1997=CYLINDRICAL_SURFACE('',#2200,1.);
#1998=CYLINDRICAL_SURFACE('',#2203,1.);
#1999=CYLINDRICAL_SURFACE('',#2207,2.);
#2000=CYLINDRICAL_SURFACE('',#2216,2.);
#2001=CYLINDRICAL_SURFACE('',#2219,2.);
#2002=CYLINDRICAL_SURFACE('',#2221,2.);
#2003=CYLINDRICAL_SURFACE('',#2223,4.);
#2004=CYLINDRICAL_SURFACE('',#2225,1.5);
#2005=CYLINDRICAL_SURFACE('',#2231,1.5);
#2006=CYLINDRICAL_SURFACE('',#2234,1.5);
#2007=CYLINDRICAL_SURFACE('',#2240,1.5);
#2008=CYLINDRICAL_SURFACE('',#2251,1.25);
#2009=CYLINDRICAL_SURFACE('',#2254,3.);
#2010=CYLINDRICAL_SURFACE('',#2266,1.25);
#2011=CYLINDRICAL_SURFACE('',#2269,3.);
#2012=CYLINDRICAL_SURFACE('',#2273,1.25);
#2013=CYLINDRICAL_SURFACE('',#2276,3.);
#2014=CYLINDRICAL_SURFACE('',#2280,1.25);
#2015=CYLINDRICAL_SURFACE('',#2283,3.);
#2016=CYLINDRICAL_SURFACE('',#2287,1.25);
#2017=CYLINDRICAL_SURFACE('',#2290,1.25);
#2018=CYLINDRICAL_SURFACE('',#2293,1.25);
#2019=CYLINDRICAL_SURFACE('',#2296,1.25);
#2020=CYLINDRICAL_SURFACE('',#2299,3.);
#2021=CYLINDRICAL_SURFACE('',#2302,3.);
#2022=CYLINDRICAL_SURFACE('',#2310,3.);
#2023=CYLINDRICAL_SURFACE('',#2312,3.);
#2024=CYLINDRICAL_SURFACE('',#2321,3.);
#2025=CYLINDRICAL_SURFACE('',#2322,3.);
#2026=CYLINDRICAL_SURFACE('',#2327,3.);
#2027=CYLINDRICAL_SURFACE('',#2329,3.);
#2028=CYLINDRICAL_SURFACE('',#2346,1.49999999999999);
#2029=CYLINDRICAL_SURFACE('',#2349,1.49999999999999);
#2030=CYLINDRICAL_SURFACE('',#2352,1.49999999999999);
#2031=CYLINDRICAL_SURFACE('',#2355,1.49999999999999);
#2032=CYLINDRICAL_SURFACE('',#2370,2.);
#2033=CYLINDRICAL_SURFACE('',#2372,2.);
#2034=CYLINDRICAL_SURFACE('',#2374,2.);
#2035=CYLINDRICAL_SURFACE('',#2376,2.);
#2036=ADVANCED_FACE('',(#135),#1990,.F.);
#2037=ADVANCED_FACE('',(#136),#62,.T.);
#2038=ADVANCED_FACE('',(#137),#1991,.F.);
#2039=ADVANCED_FACE('',(#138),#63,.T.);
#2040=ADVANCED_FACE('',(#139),#1992,.F.);
#2041=ADVANCED_FACE('',(#140),#64,.T.);
#2042=ADVANCED_FACE('',(#141),#1993,.F.);
#2043=ADVANCED_FACE('',(#142),#65,.T.);
#2044=ADVANCED_FACE('',(#143),#1994,.F.);
#2045=ADVANCED_FACE('',(#144),#1995,.T.);
#2046=ADVANCED_FACE('',(#145,#19),#66,.T.);
#2047=ADVANCED_FACE('',(#146),#67,.T.);
#2048=ADVANCED_FACE('',(#147),#1996,.F.);
#2049=ADVANCED_FACE('',(#148),#68,.T.);
#2050=ADVANCED_FACE('',(#149),#1997,.F.);
#2051=ADVANCED_FACE('',(#150),#1998,.F.);
#2052=ADVANCED_FACE('',(#151),#69,.T.);
#2053=ADVANCED_FACE('',(#152),#1999,.T.);
#2054=ADVANCED_FACE('',(#153,#20),#70,.T.);
#2055=ADVANCED_FACE('',(#154,#21),#71,.T.);
#2056=ADVANCED_FACE('',(#155),#2000,.T.);
#2057=ADVANCED_FACE('',(#156),#72,.T.);
#2058=ADVANCED_FACE('',(#157),#2001,.T.);
#2059=ADVANCED_FACE('',(#158),#2002,.T.);
#2060=ADVANCED_FACE('',(#159),#2003,.F.);
#2061=ADVANCED_FACE('',(#160),#2004,.F.);
#2062=ADVANCED_FACE('',(#161),#73,.T.);
#2063=ADVANCED_FACE('',(#162),#74,.T.);
#2064=ADVANCED_FACE('',(#163,#22),#75,.T.);
#2065=ADVANCED_FACE('',(#164),#2005,.F.);
#2066=ADVANCED_FACE('',(#165),#76,.T.);
#2067=ADVANCED_FACE('',(#166),#2006,.F.);
#2068=ADVANCED_FACE('',(#167),#77,.T.);
#2069=ADVANCED_FACE('',(#168),#78,.T.);
#2070=ADVANCED_FACE('',(#169,#23),#79,.T.);
#2071=ADVANCED_FACE('',(#170),#2007,.F.);
#2072=ADVANCED_FACE('',(#171),#80,.T.);
#2073=ADVANCED_FACE('',(#172),#81,.T.);
#2074=ADVANCED_FACE('',(#173,#24),#82,.T.);
#2075=ADVANCED_FACE('',(#174),#83,.T.);
#2076=ADVANCED_FACE('',(#175),#84,.T.);
#2077=ADVANCED_FACE('',(#176),#85,.T.);
#2078=ADVANCED_FACE('',(#177),#86,.T.);
#2079=ADVANCED_FACE('',(#178),#87,.T.);
#2080=ADVANCED_FACE('',(#179),#2008,.F.);
#2081=ADVANCED_FACE('',(#180),#2009,.T.);
#2082=ADVANCED_FACE('',(#181,#25),#88,.T.);
#2083=ADVANCED_FACE('',(#182,#26,#27,#28,#29,#30),#89,.T.);
#2084=ADVANCED_FACE('',(#183),#2010,.F.);
#2085=ADVANCED_FACE('',(#184),#2011,.T.);
#2086=ADVANCED_FACE('',(#185,#31),#90,.T.);
#2087=ADVANCED_FACE('',(#186),#91,.T.);
#2088=ADVANCED_FACE('',(#187),#2012,.F.);
#2089=ADVANCED_FACE('',(#188),#2013,.T.);
#2090=ADVANCED_FACE('',(#189,#32),#92,.T.);
#2091=ADVANCED_FACE('',(#190),#93,.T.);
#2092=ADVANCED_FACE('',(#191),#2014,.F.);
#2093=ADVANCED_FACE('',(#192),#2015,.T.);
#2094=ADVANCED_FACE('',(#193,#33),#94,.T.);
#2095=ADVANCED_FACE('',(#194),#95,.T.);
#2096=ADVANCED_FACE('',(#195),#2016,.F.);
#2097=ADVANCED_FACE('',(#196),#2017,.F.);
#2098=ADVANCED_FACE('',(#197),#2018,.F.);
#2099=ADVANCED_FACE('',(#198),#2019,.F.);
#2100=ADVANCED_FACE('',(#199),#2020,.T.);
#2101=ADVANCED_FACE('',(#200),#2021,.T.);
#2102=ADVANCED_FACE('',(#201),#96,.F.);
#2103=ADVANCED_FACE('',(#202),#97,.F.);
#2104=ADVANCED_FACE('',(#203),#98,.T.);
#2105=ADVANCED_FACE('',(#204),#99,.T.);
#2106=ADVANCED_FACE('',(#205),#100,.F.);
#2107=ADVANCED_FACE('',(#206),#101,.F.);
#2108=ADVANCED_FACE('',(#207),#2022,.T.);
#2109=ADVANCED_FACE('',(#208),#2023,.T.);
#2110=ADVANCED_FACE('',(#209,#34),#102,.F.);
#2111=ADVANCED_FACE('',(#210,#35,#36,#37,#38,#39,#40,#41,#42,#43),#103,
 .F.);
#2112=ADVANCED_FACE('',(#211),#2024,.T.);
#2113=ADVANCED_FACE('',(#212),#2025,.T.);
#2114=ADVANCED_FACE('',(#213),#104,.F.);
#2115=ADVANCED_FACE('',(#214),#105,.T.);
#2116=ADVANCED_FACE('',(#215),#106,.F.);
#2117=ADVANCED_FACE('',(#216),#2026,.T.);
#2118=ADVANCED_FACE('',(#217),#2027,.T.);
#2119=ADVANCED_FACE('',(#218),#107,.F.);
#2120=ADVANCED_FACE('',(#219),#108,.F.);
#2121=ADVANCED_FACE('',(#220),#109,.F.);
#2122=ADVANCED_FACE('',(#221),#110,.T.);
#2123=ADVANCED_FACE('',(#222),#111,.T.);
#2124=ADVANCED_FACE('',(#223),#112,.F.);
#2125=ADVANCED_FACE('',(#224),#113,.F.);
#2126=ADVANCED_FACE('',(#225),#114,.F.);
#2127=ADVANCED_FACE('',(#226),#115,.F.);
#2128=ADVANCED_FACE('',(#227),#116,.F.);
#2129=ADVANCED_FACE('',(#228),#117,.F.);
#2130=ADVANCED_FACE('',(#229,#44,#45,#46,#47,#48,#49,#50,#51),#118,.F.);
#2131=ADVANCED_FACE('',(#230),#119,.F.);
#2132=ADVANCED_FACE('',(#231),#120,.F.);
#2133=ADVANCED_FACE('',(#232),#121,.F.);
#2134=ADVANCED_FACE('',(#233),#122,.F.);
#2135=ADVANCED_FACE('',(#234),#2028,.F.);
#2136=ADVANCED_FACE('',(#235),#2029,.F.);
#2137=ADVANCED_FACE('',(#236),#2030,.F.);
#2138=ADVANCED_FACE('',(#237),#2031,.F.);
#2139=ADVANCED_FACE('',(#238,#52,#53,#54,#55),#123,.T.);
#2140=ADVANCED_FACE('',(#239,#56,#57,#58,#59),#124,.F.);
#2141=ADVANCED_FACE('',(#240,#60),#125,.F.);
#2142=ADVANCED_FACE('',(#241,#61),#126,.T.);
#2143=ADVANCED_FACE('',(#242),#2032,.T.);
#2144=ADVANCED_FACE('',(#243),#127,.T.);
#2145=ADVANCED_FACE('',(#244),#2033,.T.);
#2146=ADVANCED_FACE('',(#245),#128,.T.);
#2147=ADVANCED_FACE('',(#246),#2034,.T.);
#2148=ADVANCED_FACE('',(#247),#129,.T.);
#2149=ADVANCED_FACE('',(#248),#2035,.T.);
#2150=ADVANCED_FACE('',(#249),#130,.T.);
#2151=ADVANCED_FACE('',(#250),#131,.T.);
#2152=ADVANCED_FACE('',(#251),#132,.T.);
#2153=ADVANCED_FACE('',(#252),#133,.T.);
#2154=ADVANCED_FACE('',(#253),#134,.T.);
#2155=CLOSED_SHELL('',(#2036,#2037,#2038,#2039,#2040,#2041,#2042,#2043,
#2044,#2045,#2046,#2047,#2048,#2049,#2050,#2051,#2052,#2053,#2054,#2055,
#2056,#2057,#2058,#2059,#2060,#2061,#2062,#2063,#2064,#2065,#2066,#2067,
#2068,#2069,#2070,#2071,#2072,#2073,#2074,#2075,#2076,#2077,#2078,#2079,
#2080,#2081,#2082,#2083,#2084,#2085,#2086,#2087,#2088,#2089,#2090,#2091,
#2092,#2093,#2094,#2095,#2096,#2097,#2098,#2099,#2100,#2101,#2102,#2103,
#2104,#2105,#2106,#2107,#2108,#2109,#2110,#2111,#2112,#2113,#2114,#2115,
#2116,#2117,#2118,#2119,#2120,#2121,#2122,#2123,#2124,#2125,#2126,#2127,
#2128,#2129,#2130));
#2156=CLOSED_SHELL('',(#2131,#2132,#2133,#2134,#2135,#2136,#2137,#2138,
#2139,#2140));
#2157=CLOSED_SHELL('',(#2141,#2142,#2143,#2144,#2145,#2146,#2147,#2148,
#2149,#2150,#2151,#2152,#2153,#2154));
#2158=DERIVED_UNIT_ELEMENT(#2160,1.);
#2159=DERIVED_UNIT_ELEMENT(#3623,-3.);
#2160=(
MASS_UNIT()
NAMED_UNIT(*)
SI_UNIT(.KILO.,.GRAM.)
);
#2161=DERIVED_UNIT((#2158,#2159));
#2162=MEASURE_REPRESENTATION_ITEM('density measure',
POSITIVE_RATIO_MEASURE(2700.),#2161);
#2163=PROPERTY_DEFINITION_REPRESENTATION(#2168,#2165);
#2164=PROPERTY_DEFINITION_REPRESENTATION(#2169,#2166);
#2165=REPRESENTATION('material name',(#2167),#3620);
#2166=REPRESENTATION('density',(#2162),#3620);
#2167=DESCRIPTIVE_REPRESENTATION_ITEM('Aluminum 6061','Aluminum 6061');
#2168=PROPERTY_DEFINITION('material property','material name',#3630);
#2169=PROPERTY_DEFINITION('material property','density of part',#3630);
#2170=AXIS2_PLACEMENT_3D('',#3008,#2382,#2383);
#2171=AXIS2_PLACEMENT_3D('',#3009,#2384,#2385);
#2172=AXIS2_PLACEMENT_3D('',#3012,#2386,#2387);
#2173=AXIS2_PLACEMENT_3D('',#3016,#2389,#2390);
#2174=AXIS2_PLACEMENT_3D('',#3018,#2392,#2393);
#2175=AXIS2_PLACEMENT_3D('',#3024,#2397,#2398);
#2176=AXIS2_PLACEMENT_3D('',#3027,#2399,#2400);
#2177=AXIS2_PLACEMENT_3D('',#3031,#2402,#2403);
#2178=AXIS2_PLACEMENT_3D('',#3033,#2405,#2406);
#2179=AXIS2_PLACEMENT_3D('',#3039,#2410,#2411);
#2180=AXIS2_PLACEMENT_3D('',#3042,#2412,#2413);
#2181=AXIS2_PLACEMENT_3D('',#3046,#2415,#2416);
#2182=AXIS2_PLACEMENT_3D('',#3048,#2418,#2419);
#2183=AXIS2_PLACEMENT_3D('',#3054,#2423,#2424);
#2184=AXIS2_PLACEMENT_3D('',#3057,#2425,#2426);
#2185=AXIS2_PLACEMENT_3D('',#3061,#2428,#2429);
#2186=AXIS2_PLACEMENT_3D('',#3063,#2431,#2432);
#2187=AXIS2_PLACEMENT_3D('',#3079,#2442,#2443);
#2188=AXIS2_PLACEMENT_3D('',#3081,#2444,#2445);
#2189=AXIS2_PLACEMENT_3D('',#3083,#2446,#2447);
#2190=AXIS2_PLACEMENT_3D('',#3085,#2449,#2450);
#2191=AXIS2_PLACEMENT_3D('',#3088,#2451,#2452);
#2192=AXIS2_PLACEMENT_3D('',#3092,#2454,#2455);
#2193=AXIS2_PLACEMENT_3D('',#3094,#2457,#2458);
#2194=AXIS2_PLACEMENT_3D('',#3098,#2461,#2462);
#2195=AXIS2_PLACEMENT_3D('',#3099,#2463,#2464);
#2196=AXIS2_PLACEMENT_3D('',#3101,#2466,#2467);
#2197=AXIS2_PLACEMENT_3D('',#3104,#2468,#2469);
#2198=AXIS2_PLACEMENT_3D('',#3108,#2471,#2472);
#2199=AXIS2_PLACEMENT_3D('',#3110,#2474,#2475);
#2200=AXIS2_PLACEMENT_3D('',#3129,#2486,#2487);
#2201=AXIS2_PLACEMENT_3D('',#3131,#2488,#2489);
#2202=AXIS2_PLACEMENT_3D('',#3133,#2490,#2491);
#2203=AXIS2_PLACEMENT_3D('',#3135,#2493,#2494);
#2204=AXIS2_PLACEMENT_3D('',#3137,#2495,#2496);
#2205=AXIS2_PLACEMENT_3D('',#3140,#2498,#2499);
#2206=AXIS2_PLACEMENT_3D('',#3141,#2500,#2501);
#2207=AXIS2_PLACEMENT_3D('',#3147,#2505,#2506);
#2208=AXIS2_PLACEMENT_3D('',#3149,#2507,#2508);
#2209=AXIS2_PLACEMENT_3D('',#3152,#2510,#2511);
#2210=AXIS2_PLACEMENT_3D('',#3153,#2512,#2513);
#2211=AXIS2_PLACEMENT_3D('',#3160,#2517,#2518);
#2212=AXIS2_PLACEMENT_3D('',#3161,#2519,#2520);
#2213=AXIS2_PLACEMENT_3D('',#3163,#2521,#2522);
#2214=AXIS2_PLACEMENT_3D('',#3166,#2524,#2525);
#2215=AXIS2_PLACEMENT_3D('',#3167,#2526,#2527);
#2216=AXIS2_PLACEMENT_3D('',#3176,#2532,#2533);
#2217=AXIS2_PLACEMENT_3D('',#3178,#2534,#2535);
#2218=AXIS2_PLACEMENT_3D('',#3180,#2537,#2538);
#2219=AXIS2_PLACEMENT_3D('',#3184,#2541,#2542);
#2220=AXIS2_PLACEMENT_3D('',#3185,#2543,#2544);
#2221=AXIS2_PLACEMENT_3D('',#3186,#2545,#2546);
#2222=AXIS2_PLACEMENT_3D('',#3187,#2547,#2548);
#2223=AXIS2_PLACEMENT_3D('',#3188,#2549,#2550);
#2224=AXIS2_PLACEMENT_3D('',#3191,#2552,#2553);
#2225=AXIS2_PLACEMENT_3D('',#3192,#2554,#2555);
#2226=AXIS2_PLACEMENT_3D('',#3194,#2556,#2557);
#2227=AXIS2_PLACEMENT_3D('',#3197,#2559,#2560);
#2228=AXIS2_PLACEMENT_3D('',#3198,#2561,#2562);
#2229=AXIS2_PLACEMENT_3D('',#3204,#2566,#2567);
#2230=AXIS2_PLACEMENT_3D('',#3207,#2570,#2571);
#2231=AXIS2_PLACEMENT_3D('',#3208,#2572,#2573);
#2232=AXIS2_PLACEMENT_3D('',#3211,#2575,#2576);
#2233=AXIS2_PLACEMENT_3D('',#3212,#2577,#2578);
#2234=AXIS2_PLACEMENT_3D('',#3214,#2580,#2581);
#2235=AXIS2_PLACEMENT_3D('',#3216,#2582,#2583);
#2236=AXIS2_PLACEMENT_3D('',#3219,#2585,#2586);
#2237=AXIS2_PLACEMENT_3D('',#3220,#2587,#2588);
#2238=AXIS2_PLACEMENT_3D('',#3226,#2592,#2593);
#2239=AXIS2_PLACEMENT_3D('',#3229,#2596,#2597);
#2240=AXIS2_PLACEMENT_3D('',#3230,#2598,#2599);
#2241=AXIS2_PLACEMENT_3D('',#3232,#2600,#2601);
#2242=AXIS2_PLACEMENT_3D('',#3235,#2603,#2604);
#2243=AXIS2_PLACEMENT_3D('',#3236,#2605,#2606);
#2244=AXIS2_PLACEMENT_3D('',#3242,#2610,#2611);
#2245=AXIS2_PLACEMENT_3D('',#3245,#2614,#2615);
#2246=AXIS2_PLACEMENT_3D('',#3246,#2616,#2617);
#2247=AXIS2_PLACEMENT_3D('',#3255,#2622,#2623);
#2248=AXIS2_PLACEMENT_3D('',#3261,#2627,#2628);
#2249=AXIS2_PLACEMENT_3D('',#3267,#2632,#2633);
#2250=AXIS2_PLACEMENT_3D('',#3270,#2636,#2637);
#2251=AXIS2_PLACEMENT_3D('',#3271,#2638,#2639);
#2252=AXIS2_PLACEMENT_3D('',#3273,#2640,#2641);
#2253=AXIS2_PLACEMENT_3D('',#3276,#2643,#2644);
#2254=AXIS2_PLACEMENT_3D('',#3277,#2645,#2646);
#2255=AXIS2_PLACEMENT_3D('',#3279,#2647,#2648);
#2256=AXIS2_PLACEMENT_3D('',#3282,#2650,#2651);
#2257=AXIS2_PLACEMENT_3D('',#3283,#2652,#2653);
#2258=AXIS2_PLACEMENT_3D('',#3284,#2654,#2655);
#2259=AXIS2_PLACEMENT_3D('',#3287,#2656,#2657);
#2260=AXIS2_PLACEMENT_3D('',#3291,#2659,#2660);
#2261=AXIS2_PLACEMENT_3D('',#3295,#2662,#2663);
#2262=AXIS2_PLACEMENT_3D('',#3299,#2665,#2666);
#2263=AXIS2_PLACEMENT_3D('',#3302,#2668,#2669);
#2264=AXIS2_PLACEMENT_3D('',#3304,#2670,#2671);
#2265=AXIS2_PLACEMENT_3D('',#3306,#2672,#2673);
#2266=AXIS2_PLACEMENT_3D('',#3307,#2674,#2675);
#2267=AXIS2_PLACEMENT_3D('',#3309,#2676,#2677);
#2268=AXIS2_PLACEMENT_3D('',#3312,#2679,#2680);
#2269=AXIS2_PLACEMENT_3D('',#3313,#2681,#2682);
#2270=AXIS2_PLACEMENT_3D('',#3315,#2683,#2684);
#2271=AXIS2_PLACEMENT_3D('',#3317,#2686,#2687);
#2272=AXIS2_PLACEMENT_3D('',#3318,#2688,#2689);
#2273=AXIS2_PLACEMENT_3D('',#3319,#2690,#2691);
#2274=AXIS2_PLACEMENT_3D('',#3321,#2692,#2693);
#2275=AXIS2_PLACEMENT_3D('',#3324,#2695,#2696);
#2276=AXIS2_PLACEMENT_3D('',#3325,#2697,#2698);
#2277=AXIS2_PLACEMENT_3D('',#3327,#2699,#2700);
#2278=AXIS2_PLACEMENT_3D('',#3329,#2702,#2703);
#2279=AXIS2_PLACEMENT_3D('',#3330,#2704,#2705);
#2280=AXIS2_PLACEMENT_3D('',#3331,#2706,#2707);
#2281=AXIS2_PLACEMENT_3D('',#3333,#2708,#2709);
#2282=AXIS2_PLACEMENT_3D('',#3336,#2711,#2712);
#2283=AXIS2_PLACEMENT_3D('',#3337,#2713,#2714);
#2284=AXIS2_PLACEMENT_3D('',#3339,#2715,#2716);
#2285=AXIS2_PLACEMENT_3D('',#3341,#2718,#2719);
#2286=AXIS2_PLACEMENT_3D('',#3342,#2720,#2721);
#2287=AXIS2_PLACEMENT_3D('',#3343,#2722,#2723);
#2288=AXIS2_PLACEMENT_3D('',#3345,#2724,#2725);
#2289=AXIS2_PLACEMENT_3D('',#3348,#2727,#2728);
#2290=AXIS2_PLACEMENT_3D('',#3349,#2729,#2730);
#2291=AXIS2_PLACEMENT_3D('',#3351,#2731,#2732);
#2292=AXIS2_PLACEMENT_3D('',#3354,#2734,#2735);
#2293=AXIS2_PLACEMENT_3D('',#3355,#2736,#2737);
#2294=AXIS2_PLACEMENT_3D('',#3357,#2738,#2739);
#2295=AXIS2_PLACEMENT_3D('',#3360,#2741,#2742);
#2296=AXIS2_PLACEMENT_3D('',#3361,#2743,#2744);
#2297=AXIS2_PLACEMENT_3D('',#3363,#2745,#2746);
#2298=AXIS2_PLACEMENT_3D('',#3366,#2748,#2749);
#2299=AXIS2_PLACEMENT_3D('',#3367,#2750,#2751);
#2300=AXIS2_PLACEMENT_3D('',#3372,#2753,#2754);
#2301=AXIS2_PLACEMENT_3D('',#3375,#2756,#2757);
#2302=AXIS2_PLACEMENT_3D('',#3376,#2758,#2759);
#2303=AXIS2_PLACEMENT_3D('',#3380,#2761,#2762);
#2304=AXIS2_PLACEMENT_3D('',#3382,#2764,#2765);
#2305=AXIS2_PLACEMENT_3D('',#3388,#2769,#2770);
#2306=AXIS2_PLACEMENT_3D('',#3392,#2773,#2774);
#2307=AXIS2_PLACEMENT_3D('',#3394,#2776,#2777);
#2308=AXIS2_PLACEMENT_3D('',#3395,#2778,#2779);
#2309=AXIS2_PLACEMENT_3D('',#3397,#2781,#2782);
#2310=AXIS2_PLACEMENT_3D('',#3401,#2785,#2786);
#2311=AXIS2_PLACEMENT_3D('',#3404,#2788,#2789);
#2312=AXIS2_PLACEMENT_3D('',#3405,#2790,#2791);
#2313=AXIS2_PLACEMENT_3D('',#3410,#2793,#2794);
#2314=AXIS2_PLACEMENT_3D('',#3413,#2796,#2797);
#2315=AXIS2_PLACEMENT_3D('',#3414,#2798,#2799);
#2316=AXIS2_PLACEMENT_3D('',#3418,#2802,#2803);
#2317=AXIS2_PLACEMENT_3D('',#3432,#2810,#2811);
#2318=AXIS2_PLACEMENT_3D('',#3438,#2814,#2815);
#2319=AXIS2_PLACEMENT_3D('',#3443,#2818,#2819);
#2320=AXIS2_PLACEMENT_3D('',#3446,#2821,#2822);
#2321=AXIS2_PLACEMENT_3D('',#3447,#2823,#2824);
#2322=AXIS2_PLACEMENT_3D('',#3449,#2826,#2827);
#2323=AXIS2_PLACEMENT_3D('',#3453,#2829,#2830);
#2324=AXIS2_PLACEMENT_3D('',#3455,#2832,#2833);
#2325=AXIS2_PLACEMENT_3D('',#3457,#2835,#2836);
#2326=AXIS2_PLACEMENT_3D('',#3461,#2839,#2840);
#2327=AXIS2_PLACEMENT_3D('',#3463,#2842,#2843);
#2328=AXIS2_PLACEMENT_3D('',#3467,#2845,#2846);
#2329=AXIS2_PLACEMENT_3D('',#3469,#2848,#2849);
#2330=AXIS2_PLACEMENT_3D('',#3470,#2850,#2851);
#2331=AXIS2_PLACEMENT_3D('',#3474,#2854,#2855);
#2332=AXIS2_PLACEMENT_3D('',#3476,#2857,#2858);
#2333=AXIS2_PLACEMENT_3D('',#3480,#2861,#2862);
#2334=AXIS2_PLACEMENT_3D('',#3481,#2863,#2864);
#2335=AXIS2_PLACEMENT_3D('',#3483,#2866,#2867);
#2336=AXIS2_PLACEMENT_3D('',#3486,#2870,#2871);
#2337=AXIS2_PLACEMENT_3D('',#3488,#2873,#2874);
#2338=AXIS2_PLACEMENT_3D('',#3490,#2876,#2877);
#2339=AXIS2_PLACEMENT_3D('',#3491,#2878,#2879);
#2340=AXIS2_PLACEMENT_3D('',#3492,#2880,#2881);
#2341=AXIS2_PLACEMENT_3D('',#3493,#2882,#2883);
#2342=AXIS2_PLACEMENT_3D('',#3494,#2884,#2885);
#2343=AXIS2_PLACEMENT_3D('',#3503,#2890,#2891);
#2344=AXIS2_PLACEMENT_3D('',#3509,#2895,#2896);
#2345=AXIS2_PLACEMENT_3D('',#3515,#2900,#2901);
#2346=AXIS2_PLACEMENT_3D('',#3518,#2904,#2905);
#2347=AXIS2_PLACEMENT_3D('',#3520,#2906,#2907);
#2348=AXIS2_PLACEMENT_3D('',#3523,#2909,#2910);
#2349=AXIS2_PLACEMENT_3D('',#3524,#2911,#2912);
#2350=AXIS2_PLACEMENT_3D('',#3526,#2913,#2914);
#2351=AXIS2_PLACEMENT_3D('',#3529,#2916,#2917);
#2352=AXIS2_PLACEMENT_3D('',#3530,#2918,#2919);
#2353=AXIS2_PLACEMENT_3D('',#3532,#2920,#2921);
#2354=AXIS2_PLACEMENT_3D('',#3535,#2923,#2924);
#2355=AXIS2_PLACEMENT_3D('',#3536,#2925,#2926);
#2356=AXIS2_PLACEMENT_3D('',#3538,#2927,#2928);
#2357=AXIS2_PLACEMENT_3D('',#3541,#2930,#2931);
#2358=AXIS2_PLACEMENT_3D('',#3542,#2932,#2933);
#2359=AXIS2_PLACEMENT_3D('',#3543,#2934,#2935);
#2360=AXIS2_PLACEMENT_3D('',#3544,#2936,#2937);
#2361=AXIS2_PLACEMENT_3D('',#3547,#2938,#2939);
#2362=AXIS2_PLACEMENT_3D('',#3551,#2941,#2942);
#2363=AXIS2_PLACEMENT_3D('',#3555,#2944,#2945);
#2364=AXIS2_PLACEMENT_3D('',#3559,#2947,#2948);
#2365=AXIS2_PLACEMENT_3D('',#3569,#2954,#2955);
#2366=AXIS2_PLACEMENT_3D('',#3572,#2956,#2957);
#2367=AXIS2_PLACEMENT_3D('',#3576,#2959,#2960);
#2368=AXIS2_PLACEMENT_3D('',#3580,#2962,#2963);
#2369=AXIS2_PLACEMENT_3D('',#3584,#2965,#2966);
#2370=AXIS2_PLACEMENT_3D('',#3594,#2972,#2973);
#2371=AXIS2_PLACEMENT_3D('',#3597,#2976,#2977);
#2372=AXIS2_PLACEMENT_3D('',#3599,#2979,#2980);
#2373=AXIS2_PLACEMENT_3D('',#3601,#2982,#2983);
#2374=AXIS2_PLACEMENT_3D('',#3603,#2985,#2986);
#2375=AXIS2_PLACEMENT_3D('',#3605,#2988,#2989);
#2376=AXIS2_PLACEMENT_3D('',#3607,#2991,#2992);
#2377=AXIS2_PLACEMENT_3D('',#3609,#2994,#2995);
#2378=AXIS2_PLACEMENT_3D('',#3610,#2996,#2997);
#2379=AXIS2_PLACEMENT_3D('',#3613,#3000,#3001);
#2380=AXIS2_PLACEMENT_3D('',#3615,#3003,#3004);
#2381=AXIS2_PLACEMENT_3D('',#3617,#3006,#3007);
#2382=DIRECTION('axis',(0.,0.,1.));
#2383=DIRECTION('refdir',(1.,0.,0.));
#2384=DIRECTION('center_axis',(0.,0.,-1.));
#2385=DIRECTION('ref_axis',(-0.707106781186544,0.707106781186551,0.));
#2386=DIRECTION('center_axis',(0.,0.,1.));
#2387=DIRECTION('ref_axis',(-0.707106781186544,0.707106781186551,0.));
#2388=DIRECTION('',(0.,0.,-1.));
#2389=DIRECTION('center_axis',(0.,0.,-1.));
#2390=DIRECTION('ref_axis',(-0.707106781186544,0.707106781186551,0.));
#2391=DIRECTION('',(0.,0.,1.));
#2392=DIRECTION('center_axis',(1.,0.,0.));
#2393=DIRECTION('ref_axis',(0.,1.,0.));
#2394=DIRECTION('',(0.,1.,0.));
#2395=DIRECTION('',(0.,0.,1.));
#2396=DIRECTION('',(0.,1.,0.));
#2397=DIRECTION('center_axis',(0.,0.,-1.));
#2398=DIRECTION('ref_axis',(0.707106781186544,-0.707106781186551,0.));
#2399=DIRECTION('center_axis',(0.,0.,1.));
#2400=DIRECTION('ref_axis',(0.707106781186544,-0.707106781186551,0.));
#2401=DIRECTION('',(0.,0.,-1.));
#2402=DIRECTION('center_axis',(0.,0.,-1.));
#2403=DIRECTION('ref_axis',(0.707106781186544,-0.707106781186551,0.));
#2404=DIRECTION('',(0.,0.,1.));
#2405=DIRECTION('center_axis',(-1.,0.,0.));
#2406=DIRECTION('ref_axis',(0.,-1.,0.));
#2407=DIRECTION('',(0.,-1.,0.));
#2408=DIRECTION('',(0.,0.,1.));
#2409=DIRECTION('',(0.,1.,0.));
#2410=DIRECTION('center_axis',(0.,0.,-1.));
#2411=DIRECTION('ref_axis',(0.707106781186544,-0.707106781186551,0.));
#2412=DIRECTION('center_axis',(0.,0.,1.));
#2413=DIRECTION('ref_axis',(0.707106781186544,-0.707106781186551,0.));
#2414=DIRECTION('',(0.,0.,-1.));
#2415=DIRECTION('center_axis',(0.,0.,-1.));
#2416=DIRECTION('ref_axis',(0.707106781186544,-0.707106781186551,0.));
#2417=DIRECTION('',(0.,0.,1.));
#2418=DIRECTION('center_axis',(-1.,0.,0.));
#2419=DIRECTION('ref_axis',(0.,-1.,0.));
#2420=DIRECTION('',(0.,-1.,0.));
#2421=DIRECTION('',(0.,0.,1.));
#2422=DIRECTION('',(0.,-1.,0.));
#2423=DIRECTION('center_axis',(0.,0.,1.));
#2424=DIRECTION('ref_axis',(-0.707106781186548,-0.707106781186548,0.));
#2425=DIRECTION('center_axis',(0.,0.,1.));
#2426=DIRECTION('ref_axis',(-0.707106781186548,-0.707106781186548,0.));
#2427=DIRECTION('',(0.,0.,-1.));
#2428=DIRECTION('center_axis',(0.,0.,-1.));
#2429=DIRECTION('ref_axis',(-0.707106781186548,-0.707106781186548,0.));
#2430=DIRECTION('',(0.,0.,1.));
#2431=DIRECTION('center_axis',(0.,1.,0.));
#2432=DIRECTION('ref_axis',(-1.,0.,0.));
#2433=DIRECTION('',(-1.,0.,0.));
#2434=DIRECTION('',(0.,0.,-1.));
#2435=DIRECTION('',(-1.,0.,0.));
#2436=DIRECTION('',(0.,0.,1.));
#2437=DIRECTION('',(-1.,0.,0.));
#2438=DIRECTION('',(0.,0.,-1.));
#2439=DIRECTION('',(-1.,0.,0.));
#2440=DIRECTION('',(-1.,0.,0.));
#2441=DIRECTION('',(-1.,0.,0.));
#2442=DIRECTION('center_axis',(0.,0.,1.));
#2443=DIRECTION('ref_axis',(-0.707106781186548,-0.707106781186548,0.));
#2444=DIRECTION('center_axis',(0.,0.,1.));
#2445=DIRECTION('ref_axis',(-0.707106781186548,-0.707106781186548,0.));
#2446=DIRECTION('center_axis',(0.,0.,-1.));
#2447=DIRECTION('ref_axis',(-0.707106781186548,-0.707106781186548,0.));
#2448=DIRECTION('',(0.,0.,1.));
#2449=DIRECTION('center_axis',(0.,0.,1.));
#2450=DIRECTION('ref_axis',(0.707106781186544,0.707106781186551,0.));
#2451=DIRECTION('center_axis',(0.,0.,-1.));
#2452=DIRECTION('ref_axis',(0.707106781186544,0.707106781186551,0.));
#2453=DIRECTION('',(0.,0.,-1.));
#2454=DIRECTION('center_axis',(0.,0.,1.));
#2455=DIRECTION('ref_axis',(0.707106781186544,0.707106781186551,0.));
#2456=DIRECTION('',(0.,0.,1.));
#2457=DIRECTION('center_axis',(0.,0.,1.));
#2458=DIRECTION('ref_axis',(1.,0.,0.));
#2459=DIRECTION('',(-1.,0.,0.));
#2460=DIRECTION('',(0.,1.,0.));
#2461=DIRECTION('center_axis',(0.,0.,-1.));
#2462=DIRECTION('ref_axis',(1.,0.,0.));
#2463=DIRECTION('center_axis',(0.,1.,0.));
#2464=DIRECTION('ref_axis',(-1.,0.,0.));
#2465=DIRECTION('',(-1.,0.,0.));
#2466=DIRECTION('center_axis',(0.,0.,1.));
#2467=DIRECTION('ref_axis',(0.707106781186548,0.707106781186548,0.));
#2468=DIRECTION('center_axis',(0.,0.,1.));
#2469=DIRECTION('ref_axis',(0.707106781186548,0.707106781186548,0.));
#2470=DIRECTION('',(0.,0.,-1.));
#2471=DIRECTION('center_axis',(0.,0.,-1.));
#2472=DIRECTION('ref_axis',(0.707106781186548,0.707106781186548,0.));
#2473=DIRECTION('',(0.,0.,1.));
#2474=DIRECTION('center_axis',(0.,-1.,0.));
#2475=DIRECTION('ref_axis',(1.,0.,0.));
#2476=DIRECTION('',(1.,0.,0.));
#2477=DIRECTION('',(0.,0.,-1.));
#2478=DIRECTION('',(1.,0.,0.));
#2479=DIRECTION('',(0.,0.,1.));
#2480=DIRECTION('',(1.,0.,0.));
#2481=DIRECTION('',(0.,0.,-1.));
#2482=DIRECTION('',(1.,0.,0.));
#2483=DIRECTION('',(0.,0.,1.));
#2484=DIRECTION('',(1.,0.,0.));
#2485=DIRECTION('',(1.,0.,0.));
#2486=DIRECTION('center_axis',(0.,0.,1.));
#2487=DIRECTION('ref_axis',(0.707106781186548,0.707106781186548,0.));
#2488=DIRECTION('center_axis',(0.,0.,1.));
#2489=DIRECTION('ref_axis',(0.707106781186548,0.707106781186548,0.));
#2490=DIRECTION('center_axis',(0.,0.,-1.));
#2491=DIRECTION('ref_axis',(0.707106781186548,0.707106781186548,0.));
#2492=DIRECTION('',(0.,0.,1.));
#2493=DIRECTION('center_axis',(0.,0.,-1.));
#2494=DIRECTION('ref_axis',(-0.707106781186544,0.707106781186551,0.));
#2495=DIRECTION('center_axis',(0.,0.,1.));
#2496=DIRECTION('ref_axis',(-0.707106781186544,0.707106781186551,0.));
#2497=DIRECTION('',(0.,0.,-1.));
#2498=DIRECTION('center_axis',(0.,0.,-1.));
#2499=DIRECTION('ref_axis',(-0.707106781186544,0.707106781186551,0.));
#2500=DIRECTION('center_axis',(1.,0.,0.));
#2501=DIRECTION('ref_axis',(0.,1.,0.));
#2502=DIRECTION('',(0.,1.,0.));
#2503=DIRECTION('',(0.,0.,1.));
#2504=DIRECTION('',(0.,-1.,0.));
#2505=DIRECTION('center_axis',(0.,0.,1.));
#2506=DIRECTION('ref_axis',(0.707106781186546,0.707106781186549,0.));
#2507=DIRECTION('center_axis',(0.,0.,-1.));
#2508=DIRECTION('ref_axis',(0.707106781186546,0.707106781186549,0.));
#2509=DIRECTION('',(0.,0.,-1.));
#2510=DIRECTION('center_axis',(0.,0.,1.));
#2511=DIRECTION('ref_axis',(0.707106781186546,0.707106781186549,0.));
#2512=DIRECTION('center_axis',(1.,0.,0.));
#2513=DIRECTION('ref_axis',(0.,1.,0.));
#2514=DIRECTION('',(0.,1.,0.));
#2515=DIRECTION('',(0.,0.,1.));
#2516=DIRECTION('',(0.,1.,0.));
#2517=DIRECTION('center_axis',(-1.,0.,0.));
#2518=DIRECTION('ref_axis',(0.,1.,0.));
#2519=DIRECTION('center_axis',(0.,0.,1.));
#2520=DIRECTION('ref_axis',(1.,0.,0.));
#2521=DIRECTION('center_axis',(0.,0.,-1.));
#2522=DIRECTION('ref_axis',(-0.707106781186546,0.707106781186549,0.));
#2523=DIRECTION('',(0.,-1.,0.));
#2524=DIRECTION('center_axis',(0.,0.,-1.));
#2525=DIRECTION('ref_axis',(-0.707106781186546,-0.707106781186549,0.));
#2526=DIRECTION('center_axis',(0.,0.,-1.));
#2527=DIRECTION('ref_axis',(0.707106781186546,-0.707106781186549,0.));
#2528=DIRECTION('',(-1.,0.,0.));
#2529=DIRECTION('',(0.,1.,0.));
#2530=DIRECTION('',(1.,0.,0.));
#2531=DIRECTION('',(0.,-1.,0.));
#2532=DIRECTION('center_axis',(0.,0.,1.));
#2533=DIRECTION('ref_axis',(-0.707106781186546,0.707106781186549,0.));
#2534=DIRECTION('center_axis',(0.,0.,1.));
#2535=DIRECTION('ref_axis',(-0.707106781186546,0.707106781186549,0.));
#2536=DIRECTION('',(0.,0.,1.));
#2537=DIRECTION('center_axis',(-1.,0.,0.));
#2538=DIRECTION('ref_axis',(0.,-1.,0.));
#2539=DIRECTION('',(0.,-1.,0.));
#2540=DIRECTION('',(0.,0.,-1.));
#2541=DIRECTION('center_axis',(0.,0.,1.));
#2542=DIRECTION('ref_axis',(-0.707106781186546,-0.707106781186549,0.));
#2543=DIRECTION('center_axis',(0.,0.,1.));
#2544=DIRECTION('ref_axis',(-0.707106781186546,-0.707106781186549,0.));
#2545=DIRECTION('center_axis',(0.,0.,1.));
#2546=DIRECTION('ref_axis',(0.707106781186546,-0.707106781186549,0.));
#2547=DIRECTION('center_axis',(0.,0.,1.));
#2548=DIRECTION('ref_axis',(0.707106781186546,-0.707106781186549,0.));
#2549=DIRECTION('center_axis',(-1.,0.,0.));
#2550=DIRECTION('ref_axis',(0.,1.,0.));
#2551=DIRECTION('',(-1.,0.,0.));
#2552=DIRECTION('center_axis',(1.,0.,0.));
#2553=DIRECTION('ref_axis',(0.,1.,0.));
#2554=DIRECTION('center_axis',(0.,0.,1.));
#2555=DIRECTION('ref_axis',(1.,0.,0.));
#2556=DIRECTION('center_axis',(0.,0.,-1.));
#2557=DIRECTION('ref_axis',(1.,0.,0.));
#2558=DIRECTION('',(0.,0.,-1.));
#2559=DIRECTION('center_axis',(0.,0.,-1.));
#2560=DIRECTION('ref_axis',(1.,0.,0.));
#2561=DIRECTION('center_axis',(0.,-1.,0.));
#2562=DIRECTION('ref_axis',(1.,0.,0.));
#2563=DIRECTION('',(-1.,0.,0.));
#2564=DIRECTION('',(1.,0.,0.));
#2565=DIRECTION('',(0.,0.,1.));
#2566=DIRECTION('center_axis',(-1.,0.,0.));
#2567=DIRECTION('ref_axis',(0.,-1.,0.));
#2568=DIRECTION('',(0.,1.,0.));
#2569=DIRECTION('',(0.,-1.,0.));
#2570=DIRECTION('center_axis',(0.,0.,1.));
#2571=DIRECTION('ref_axis',(1.,0.,0.));
#2572=DIRECTION('center_axis',(0.,0.,1.));
#2573=DIRECTION('ref_axis',(1.,0.,0.));
#2574=DIRECTION('',(0.,0.,-1.));
#2575=DIRECTION('center_axis',(0.,0.,-1.));
#2576=DIRECTION('ref_axis',(1.,0.,0.));
#2577=DIRECTION('center_axis',(1.,0.,0.));
#2578=DIRECTION('ref_axis',(0.,1.,0.));
#2579=DIRECTION('',(0.,1.,0.));
#2580=DIRECTION('center_axis',(0.,0.,1.));
#2581=DIRECTION('ref_axis',(1.,0.,0.));
#2582=DIRECTION('center_axis',(0.,0.,-1.));
#2583=DIRECTION('ref_axis',(1.,0.,0.));
#2584=DIRECTION('',(0.,0.,-1.));
#2585=DIRECTION('center_axis',(0.,0.,-1.));
#2586=DIRECTION('ref_axis',(1.,0.,0.));
#2587=DIRECTION('center_axis',(0.,-1.,0.));
#2588=DIRECTION('ref_axis',(1.,0.,0.));
#2589=DIRECTION('',(1.,0.,0.));
#2590=DIRECTION('',(1.,0.,0.));
#2591=DIRECTION('',(0.,0.,1.));
#2592=DIRECTION('center_axis',(-1.,0.,0.));
#2593=DIRECTION('ref_axis',(0.,-1.,0.));
#2594=DIRECTION('',(0.,-1.,0.));
#2595=DIRECTION('',(0.,-1.,0.));
#2596=DIRECTION('center_axis',(0.,0.,1.));
#2597=DIRECTION('ref_axis',(1.,0.,0.));
#2598=DIRECTION('center_axis',(0.,0.,1.));
#2599=DIRECTION('ref_axis',(1.,0.,0.));
#2600=DIRECTION('center_axis',(0.,0.,-1.));
#2601=DIRECTION('ref_axis',(1.,0.,0.));
#2602=DIRECTION('',(0.,0.,-1.));
#2603=DIRECTION('center_axis',(0.,0.,-1.));
#2604=DIRECTION('ref_axis',(1.,0.,0.));
#2605=DIRECTION('center_axis',(1.,0.,0.));
#2606=DIRECTION('ref_axis',(0.,1.,0.));
#2607=DIRECTION('',(0.,-1.,0.));
#2608=DIRECTION('',(0.,0.,1.));
#2609=DIRECTION('',(0.,1.,0.));
#2610=DIRECTION('center_axis',(0.,1.,0.));
#2611=DIRECTION('ref_axis',(-1.,0.,0.));
#2612=DIRECTION('',(1.,0.,0.));
#2613=DIRECTION('',(-1.,0.,0.));
#2614=DIRECTION('center_axis',(0.,0.,1.));
#2615=DIRECTION('ref_axis',(1.,0.,0.));
#2616=DIRECTION('center_axis',(-1.,0.,0.));
#2617=DIRECTION('ref_axis',(0.,-1.,0.));
#2618=DIRECTION('',(0.,1.,0.));
#2619=DIRECTION('',(0.,0.,1.));
#2620=DIRECTION('',(0.,-1.,0.));
#2621=DIRECTION('',(0.,0.,1.));
#2622=DIRECTION('center_axis',(0.,1.,0.));
#2623=DIRECTION('ref_axis',(-1.,0.,0.));
#2624=DIRECTION('',(1.,0.,0.));
#2625=DIRECTION('',(-1.,0.,0.));
#2626=DIRECTION('',(0.,0.,1.));
#2627=DIRECTION('center_axis',(1.,0.,0.));
#2628=DIRECTION('ref_axis',(0.,1.,0.));
#2629=DIRECTION('',(0.,-1.,0.));
#2630=DIRECTION('',(0.,1.,0.));
#2631=DIRECTION('',(0.,0.,1.));
#2632=DIRECTION('center_axis',(0.,-1.,0.));
#2633=DIRECTION('ref_axis',(1.,0.,0.));
#2634=DIRECTION('',(-1.,0.,0.));
#2635=DIRECTION('',(1.,0.,0.));
#2636=DIRECTION('center_axis',(0.,0.,1.));
#2637=DIRECTION('ref_axis',(1.,0.,0.));
#2638=DIRECTION('center_axis',(0.,0.,1.));
#2639=DIRECTION('ref_axis',(-1.,0.,0.));
#2640=DIRECTION('center_axis',(0.,0.,-1.));
#2641=DIRECTION('ref_axis',(-1.,0.,0.));
#2642=DIRECTION('',(0.,0.,-1.));
#2643=DIRECTION('center_axis',(0.,0.,1.));
#2644=DIRECTION('ref_axis',(-1.,0.,0.));
#2645=DIRECTION('center_axis',(0.,0.,1.));
#2646=DIRECTION('ref_axis',(-1.,0.,0.));
#2647=DIRECTION('center_axis',(0.,0.,1.));
#2648=DIRECTION('ref_axis',(-1.,0.,0.));
#2649=DIRECTION('',(0.,0.,-1.));
#2650=DIRECTION('center_axis',(0.,0.,-1.));
#2651=DIRECTION('ref_axis',(-1.,0.,0.));
#2652=DIRECTION('center_axis',(0.,0.,1.));
#2653=DIRECTION('ref_axis',(-1.,0.,0.));
#2654=DIRECTION('center_axis',(0.,0.,1.));
#2655=DIRECTION('ref_axis',(1.,0.,0.));
#2656=DIRECTION('center_axis',(0.,0.,-1.));
#2657=DIRECTION('ref_axis',(1.,0.,0.));
#2658=DIRECTION('',(0.,1.,0.));
#2659=DIRECTION('center_axis',(0.,0.,-1.));
#2660=DIRECTION('ref_axis',(1.,0.,0.));
#2661=DIRECTION('',(-1.,0.,0.));
#2662=DIRECTION('center_axis',(0.,0.,-1.));
#2663=DIRECTION('ref_axis',(1.,0.,0.));
#2664=DIRECTION('',(0.,-1.,0.));
#2665=DIRECTION('center_axis',(0.,0.,-1.));
#2666=DIRECTION('ref_axis',(1.,0.,0.));
#2667=DIRECTION('',(1.,0.,0.));
#2668=DIRECTION('center_axis',(0.,0.,-1.));
#2669=DIRECTION('ref_axis',(-1.,0.,0.));
#2670=DIRECTION('center_axis',(0.,0.,-1.));
#2671=DIRECTION('ref_axis',(-1.,0.,0.));
#2672=DIRECTION('center_axis',(0.,0.,-1.));
#2673=DIRECTION('ref_axis',(-1.,0.,0.));
#2674=DIRECTION('center_axis',(0.,0.,1.));
#2675=DIRECTION('ref_axis',(-1.,0.,0.));
#2676=DIRECTION('center_axis',(0.,0.,-1.));
#2677=DIRECTION('ref_axis',(-1.,0.,0.));
#2678=DIRECTION('',(0.,0.,-1.));
#2679=DIRECTION('center_axis',(0.,0.,1.));
#2680=DIRECTION('ref_axis',(-1.,0.,0.));
#2681=DIRECTION('center_axis',(0.,0.,1.));
#2682=DIRECTION('ref_axis',(-1.,0.,0.));
#2683=DIRECTION('center_axis',(0.,0.,1.));
#2684=DIRECTION('ref_axis',(-1.,0.,0.));
#2685=DIRECTION('',(0.,0.,-1.));
#2686=DIRECTION('center_axis',(0.,0.,1.));
#2687=DIRECTION('ref_axis',(-1.,0.,0.));
#2688=DIRECTION('center_axis',(0.,0.,1.));
#2689=DIRECTION('ref_axis',(1.,0.,0.));
#2690=DIRECTION('center_axis',(0.,0.,1.));
#2691=DIRECTION('ref_axis',(-1.,0.,0.));
#2692=DIRECTION('center_axis',(0.,0.,-1.));
#2693=DIRECTION('ref_axis',(-1.,0.,0.));
#2694=DIRECTION('',(0.,0.,-1.));
#2695=DIRECTION('center_axis',(0.,0.,1.));
#2696=DIRECTION('ref_axis',(-1.,0.,0.));
#2697=DIRECTION('center_axis',(0.,0.,1.));
#2698=DIRECTION('ref_axis',(-1.,0.,0.));
#2699=DIRECTION('center_axis',(0.,0.,1.));
#2700=DIRECTION('ref_axis',(-1.,0.,0.));
#2701=DIRECTION('',(0.,0.,-1.));
#2702=DIRECTION('center_axis',(0.,0.,1.));
#2703=DIRECTION('ref_axis',(-1.,0.,0.));
#2704=DIRECTION('center_axis',(0.,0.,1.));
#2705=DIRECTION('ref_axis',(1.,0.,0.));
#2706=DIRECTION('center_axis',(0.,0.,1.));
#2707=DIRECTION('ref_axis',(-1.,0.,0.));
#2708=DIRECTION('center_axis',(0.,0.,-1.));
#2709=DIRECTION('ref_axis',(-1.,0.,0.));
#2710=DIRECTION('',(0.,0.,-1.));
#2711=DIRECTION('center_axis',(0.,0.,1.));
#2712=DIRECTION('ref_axis',(-1.,0.,0.));
#2713=DIRECTION('center_axis',(0.,0.,1.));
#2714=DIRECTION('ref_axis',(-1.,0.,0.));
#2715=DIRECTION('center_axis',(0.,0.,1.));
#2716=DIRECTION('ref_axis',(-1.,0.,0.));
#2717=DIRECTION('',(0.,0.,-1.));
#2718=DIRECTION('center_axis',(0.,0.,1.));
#2719=DIRECTION('ref_axis',(-1.,0.,0.));
#2720=DIRECTION('center_axis',(0.,0.,1.));
#2721=DIRECTION('ref_axis',(1.,0.,0.));
#2722=DIRECTION('center_axis',(0.,0.,1.));
#2723=DIRECTION('ref_axis',(1.,0.,0.));
#2724=DIRECTION('center_axis',(0.,0.,1.));
#2725=DIRECTION('ref_axis',(1.,0.,0.));
#2726=DIRECTION('',(0.,0.,1.));
#2727=DIRECTION('center_axis',(0.,0.,-1.));
#2728=DIRECTION('ref_axis',(1.,0.,0.));
#2729=DIRECTION('center_axis',(0.,0.,1.));
#2730=DIRECTION('ref_axis',(1.,0.,0.));
#2731=DIRECTION('center_axis',(0.,0.,1.));
#2732=DIRECTION('ref_axis',(1.,0.,0.));
#2733=DIRECTION('',(0.,0.,1.));
#2734=DIRECTION('center_axis',(0.,0.,-1.));
#2735=DIRECTION('ref_axis',(1.,0.,0.));
#2736=DIRECTION('center_axis',(0.,0.,1.));
#2737=DIRECTION('ref_axis',(1.,0.,0.));
#2738=DIRECTION('center_axis',(0.,0.,1.));
#2739=DIRECTION('ref_axis',(1.,0.,0.));
#2740=DIRECTION('',(0.,0.,1.));
#2741=DIRECTION('center_axis',(0.,0.,-1.));
#2742=DIRECTION('ref_axis',(1.,0.,0.));
#2743=DIRECTION('center_axis',(0.,0.,1.));
#2744=DIRECTION('ref_axis',(1.,0.,0.));
#2745=DIRECTION('center_axis',(0.,0.,1.));
#2746=DIRECTION('ref_axis',(1.,0.,0.));
#2747=DIRECTION('',(0.,0.,1.));
#2748=DIRECTION('center_axis',(0.,0.,-1.));
#2749=DIRECTION('ref_axis',(1.,0.,0.));
#2750=DIRECTION('center_axis',(0.,0.,1.));
#2751=DIRECTION('ref_axis',(1.,0.,0.));
#2752=DIRECTION('',(0.,0.,1.));
#2753=DIRECTION('center_axis',(0.,0.,-1.));
#2754=DIRECTION('ref_axis',(1.,0.,0.));
#2755=DIRECTION('',(0.,0.,-1.));
#2756=DIRECTION('center_axis',(0.,0.,1.));
#2757=DIRECTION('ref_axis',(1.,0.,0.));
#2758=DIRECTION('center_axis',(0.,0.,1.));
#2759=DIRECTION('ref_axis',(1.,0.,0.));
#2760=DIRECTION('',(0.,0.,-1.));
#2761=DIRECTION('center_axis',(0.,0.,1.));
#2762=DIRECTION('ref_axis',(1.,0.,0.));
#2763=DIRECTION('',(0.,0.,1.));
#2764=DIRECTION('center_axis',(0.,1.,0.));
#2765=DIRECTION('ref_axis',(-1.,0.,0.));
#2766=DIRECTION('',(-1.,0.,0.));
#2767=DIRECTION('',(0.,0.,-1.));
#2768=DIRECTION('',(1.,0.,0.));
#2769=DIRECTION('center_axis',(0.,1.,0.));
#2770=DIRECTION('ref_axis',(-1.,0.,0.));
#2771=DIRECTION('',(0.,0.,1.));
#2772=DIRECTION('',(-1.,0.,0.));
#2773=DIRECTION('center_axis',(0.,0.,1.));
#2774=DIRECTION('ref_axis',(1.,0.,0.));
#2775=DIRECTION('',(0.,1.,0.));
#2776=DIRECTION('center_axis',(0.,0.,1.));
#2777=DIRECTION('ref_axis',(1.,0.,0.));
#2778=DIRECTION('center_axis',(-1.,0.,0.));
#2779=DIRECTION('ref_axis',(0.,-1.,0.));
#2780=DIRECTION('',(0.,-1.,0.));
#2781=DIRECTION('center_axis',(-1.,0.,0.));
#2782=DIRECTION('ref_axis',(0.,-1.,0.));
#2783=DIRECTION('',(0.,-1.,0.));
#2784=DIRECTION('',(0.,0.,-1.));
#2785=DIRECTION('center_axis',(0.,0.,1.));
#2786=DIRECTION('ref_axis',(-0.707106781186547,-0.707106781186548,0.));
#2787=DIRECTION('',(0.,0.,-1.));
#2788=DIRECTION('center_axis',(0.,0.,1.));
#2789=DIRECTION('ref_axis',(1.,0.,0.));
#2790=DIRECTION('center_axis',(0.,0.,1.));
#2791=DIRECTION('ref_axis',(1.,0.,0.));
#2792=DIRECTION('',(0.,0.,1.));
#2793=DIRECTION('center_axis',(0.,0.,-1.));
#2794=DIRECTION('ref_axis',(1.,0.,0.));
#2795=DIRECTION('',(0.,0.,-1.));
#2796=DIRECTION('center_axis',(0.,0.,1.));
#2797=DIRECTION('ref_axis',(1.,0.,0.));
#2798=DIRECTION('center_axis',(1.,0.,0.));
#2799=DIRECTION('ref_axis',(0.,1.,0.));
#2800=DIRECTION('',(0.,0.,1.));
#2801=DIRECTION('',(0.,1.,0.));
#2802=DIRECTION('center_axis',(0.,0.,-1.));
#2803=DIRECTION('ref_axis',(-1.,0.,0.));
#2804=DIRECTION('',(0.,1.,0.));
#2805=DIRECTION('',(-1.,0.,0.));
#2806=DIRECTION('',(0.,-1.,0.));
#2807=DIRECTION('',(1.,0.,0.));
#2808=DIRECTION('',(-1.,0.,0.));
#2809=DIRECTION('',(0.,1.,0.));
#2810=DIRECTION('center_axis',(0.,0.,1.));
#2811=DIRECTION('ref_axis',(1.,0.,0.));
#2812=DIRECTION('',(1.,0.,0.));
#2813=DIRECTION('',(0.,-1.,0.));
#2814=DIRECTION('center_axis',(0.,0.,1.));
#2815=DIRECTION('ref_axis',(1.,0.,0.));
#2816=DIRECTION('',(0.,1.,0.));
#2817=DIRECTION('',(1.,0.,0.));
#2818=DIRECTION('center_axis',(0.,0.,1.));
#2819=DIRECTION('ref_axis',(1.,0.,0.));
#2820=DIRECTION('',(1.,0.,0.));
#2821=DIRECTION('center_axis',(0.,0.,1.));
#2822=DIRECTION('ref_axis',(1.,0.,0.));
#2823=DIRECTION('center_axis',(0.,0.,1.));
#2824=DIRECTION('ref_axis',(-0.707106781186548,0.707106781186547,0.));
#2825=DIRECTION('',(0.,0.,-1.));
#2826=DIRECTION('center_axis',(0.,0.,1.));
#2827=DIRECTION('ref_axis',(1.,0.,0.));
#2828=DIRECTION('',(0.,0.,1.));
#2829=DIRECTION('center_axis',(0.,0.,-1.));
#2830=DIRECTION('ref_axis',(1.,0.,0.));
#2831=DIRECTION('',(0.,0.,-1.));
#2832=DIRECTION('center_axis',(0.,-1.,0.));
#2833=DIRECTION('ref_axis',(1.,0.,0.));
#2834=DIRECTION('',(0.,0.,1.));
#2835=DIRECTION('center_axis',(0.,0.,1.));
#2836=DIRECTION('ref_axis',(1.,0.,0.));
#2837=DIRECTION('',(0.,-1.,0.));
#2838=DIRECTION('',(1.,0.,0.));
#2839=DIRECTION('center_axis',(1.,0.,0.));
#2840=DIRECTION('ref_axis',(0.,1.,0.));
#2841=DIRECTION('',(0.,0.,-1.));
#2842=DIRECTION('center_axis',(0.,0.,1.));
#2843=DIRECTION('ref_axis',(1.,0.,0.));
#2844=DIRECTION('',(0.,0.,1.));
#2845=DIRECTION('center_axis',(0.,0.,-1.));
#2846=DIRECTION('ref_axis',(1.,0.,0.));
#2847=DIRECTION('',(0.,0.,-1.));
#2848=DIRECTION('center_axis',(0.,0.,1.));
#2849=DIRECTION('ref_axis',(1.,0.,0.));
#2850=DIRECTION('center_axis',(-1.,0.,0.));
#2851=DIRECTION('ref_axis',(0.,-1.,0.));
#2852=DIRECTION('',(0.,0.,-1.));
#2853=DIRECTION('',(0.,1.,0.));
#2854=DIRECTION('center_axis',(0.,-1.,0.));
#2855=DIRECTION('ref_axis',(1.,0.,0.));
#2856=DIRECTION('',(-1.,0.,0.));
#2857=DIRECTION('center_axis',(0.,-1.,0.));
#2858=DIRECTION('ref_axis',(1.,0.,0.));
#2859=DIRECTION('',(0.,0.,1.));
#2860=DIRECTION('',(-1.,0.,0.));
#2861=DIRECTION('center_axis',(0.,0.,1.));
#2862=DIRECTION('ref_axis',(1.,0.,0.));
#2863=DIRECTION('center_axis',(0.,0.,1.));
#2864=DIRECTION('ref_axis',(1.,0.,0.));
#2865=DIRECTION('',(0.,-1.,0.));
#2866=DIRECTION('center_axis',(0.,-1.,0.));
#2867=DIRECTION('ref_axis',(-1.,0.,0.));
#2868=DIRECTION('',(0.,0.,-1.));
#2869=DIRECTION('',(0.,0.,-1.));
#2870=DIRECTION('center_axis',(1.,0.,0.));
#2871=DIRECTION('ref_axis',(0.,-1.,0.));
#2872=DIRECTION('',(0.,0.,-1.));
#2873=DIRECTION('center_axis',(0.,1.,0.));
#2874=DIRECTION('ref_axis',(1.,0.,0.));
#2875=DIRECTION('',(0.,0.,-1.));
#2876=DIRECTION('center_axis',(-1.,0.,0.));
#2877=DIRECTION('ref_axis',(0.,1.,0.));
#2878=DIRECTION('center_axis',(1.,0.,0.));
#2879=DIRECTION('ref_axis',(0.,1.,0.));
#2880=DIRECTION('center_axis',(0.,1.,0.));
#2881=DIRECTION('ref_axis',(-1.,0.,0.));
#2882=DIRECTION('center_axis',(0.,0.,1.));
#2883=DIRECTION('ref_axis',(1.,0.,0.));
#2884=DIRECTION('center_axis',(0.,1.,0.));
#2885=DIRECTION('ref_axis',(1.,0.,0.));
#2886=DIRECTION('',(-1.,0.,0.));
#2887=DIRECTION('',(0.,0.,-1.));
#2888=DIRECTION('',(-1.,0.,0.));
#2889=DIRECTION('',(0.,0.,-1.));
#2890=DIRECTION('center_axis',(1.,0.,0.));
#2891=DIRECTION('ref_axis',(0.,-1.,0.));
#2892=DIRECTION('',(0.,1.,0.));
#2893=DIRECTION('',(0.,1.,0.));
#2894=DIRECTION('',(0.,0.,-1.));
#2895=DIRECTION('center_axis',(0.,-1.,0.));
#2896=DIRECTION('ref_axis',(-1.,0.,0.));
#2897=DIRECTION('',(1.,0.,0.));
#2898=DIRECTION('',(1.,0.,0.));
#2899=DIRECTION('',(0.,0.,-1.));
#2900=DIRECTION('center_axis',(-1.,0.,0.));
#2901=DIRECTION('ref_axis',(0.,1.,0.));
#2902=DIRECTION('',(0.,-1.,0.));
#2903=DIRECTION('',(0.,-1.,0.));
#2904=DIRECTION('center_axis',(0.,0.,-1.));
#2905=DIRECTION('ref_axis',(-1.,0.,0.));
#2906=DIRECTION('center_axis',(0.,0.,-1.));
#2907=DIRECTION('ref_axis',(-1.,0.,0.));
#2908=DIRECTION('',(0.,0.,-1.));
#2909=DIRECTION('center_axis',(0.,0.,1.));
#2910=DIRECTION('ref_axis',(-1.,0.,0.));
#2911=DIRECTION('center_axis',(0.,0.,-1.));
#2912=DIRECTION('ref_axis',(-1.,0.,0.));
#2913=DIRECTION('center_axis',(0.,0.,-1.));
#2914=DIRECTION('ref_axis',(-1.,0.,0.));
#2915=DIRECTION('',(0.,0.,-1.));
#2916=DIRECTION('center_axis',(0.,0.,1.));
#2917=DIRECTION('ref_axis',(-1.,0.,0.));
#2918=DIRECTION('center_axis',(0.,0.,-1.));
#2919=DIRECTION('ref_axis',(-1.,0.,0.));
#2920=DIRECTION('center_axis',(0.,0.,-1.));
#2921=DIRECTION('ref_axis',(-1.,0.,0.));
#2922=DIRECTION('',(0.,0.,-1.));
#2923=DIRECTION('center_axis',(0.,0.,1.));
#2924=DIRECTION('ref_axis',(-1.,0.,0.));
#2925=DIRECTION('center_axis',(0.,0.,-1.));
#2926=DIRECTION('ref_axis',(-1.,0.,0.));
#2927=DIRECTION('center_axis',(0.,0.,-1.));
#2928=DIRECTION('ref_axis',(-1.,0.,0.));
#2929=DIRECTION('',(0.,0.,-1.));
#2930=DIRECTION('center_axis',(0.,0.,1.));
#2931=DIRECTION('ref_axis',(-1.,0.,0.));
#2932=DIRECTION('center_axis',(0.,0.,1.));
#2933=DIRECTION('ref_axis',(-1.,0.,0.));
#2934=DIRECTION('center_axis',(0.,0.,1.));
#2935=DIRECTION('ref_axis',(-1.,0.,0.));
#2936=DIRECTION('center_axis',(0.,0.,1.));
#2937=DIRECTION('ref_axis',(1.,0.,0.));
#2938=DIRECTION('center_axis',(0.,0.,-1.));
#2939=DIRECTION('ref_axis',(0.707106781186546,0.707106781186549,0.));
#2940=DIRECTION('',(0.,1.,0.));
#2941=DIRECTION('center_axis',(0.,0.,-1.));
#2942=DIRECTION('ref_axis',(0.707106781186546,-0.707106781186549,0.));
#2943=DIRECTION('',(1.,0.,0.));
#2944=DIRECTION('center_axis',(0.,0.,-1.));
#2945=DIRECTION('ref_axis',(-0.707106781186546,-0.707106781186549,0.));
#2946=DIRECTION('',(0.,-1.,0.));
#2947=DIRECTION('center_axis',(0.,0.,-1.));
#2948=DIRECTION('ref_axis',(-0.707106781186546,0.707106781186549,0.));
#2949=DIRECTION('',(-1.,0.,0.));
#2950=DIRECTION('',(0.,1.,0.));
#2951=DIRECTION('',(-1.,0.,0.));
#2952=DIRECTION('',(0.,-1.,0.));
#2953=DIRECTION('',(1.,0.,0.));
#2954=DIRECTION('center_axis',(0.,0.,1.));
#2955=DIRECTION('ref_axis',(1.,0.,0.));
#2956=DIRECTION('center_axis',(0.,0.,1.));
#2957=DIRECTION('ref_axis',(0.707106781186546,0.707106781186549,0.));
#2958=DIRECTION('',(-1.,0.,0.));
#2959=DIRECTION('center_axis',(0.,0.,1.));
#2960=DIRECTION('ref_axis',(-0.707106781186546,0.707106781186549,0.));
#2961=DIRECTION('',(0.,-1.,0.));
#2962=DIRECTION('center_axis',(0.,0.,1.));
#2963=DIRECTION('ref_axis',(-0.707106781186546,-0.707106781186549,0.));
#2964=DIRECTION('',(1.,0.,0.));
#2965=DIRECTION('center_axis',(0.,0.,1.));
#2966=DIRECTION('ref_axis',(0.707106781186546,-0.707106781186549,0.));
#2967=DIRECTION('',(0.,1.,0.));
#2968=DIRECTION('',(-1.,0.,0.));
#2969=DIRECTION('',(0.,1.,0.));
#2970=DIRECTION('',(1.,0.,0.));
#2971=DIRECTION('',(0.,-1.,0.));
#2972=DIRECTION('center_axis',(0.,0.,1.));
#2973=DIRECTION('ref_axis',(0.707106781186546,0.707106781186549,0.));
#2974=DIRECTION('',(0.,0.,1.));
#2975=DIRECTION('',(0.,0.,1.));
#2976=DIRECTION('center_axis',(0.,1.,0.));
#2977=DIRECTION('ref_axis',(-1.,0.,0.));
#2978=DIRECTION('',(0.,0.,1.));
#2979=DIRECTION('center_axis',(0.,0.,1.));
#2980=DIRECTION('ref_axis',(-0.707106781186546,0.707106781186549,0.));
#2981=DIRECTION('',(0.,0.,1.));
#2982=DIRECTION('center_axis',(-1.,0.,0.));
#2983=DIRECTION('ref_axis',(0.,-1.,0.));
#2984=DIRECTION('',(0.,0.,1.));
#2985=DIRECTION('center_axis',(0.,0.,1.));
#2986=DIRECTION('ref_axis',(-0.707106781186546,-0.707106781186549,0.));
#2987=DIRECTION('',(0.,0.,1.));
#2988=DIRECTION('center_axis',(0.,-1.,0.));
#2989=DIRECTION('ref_axis',(1.,0.,0.));
#2990=DIRECTION('',(0.,0.,1.));
#2991=DIRECTION('center_axis',(0.,0.,1.));
#2992=DIRECTION('ref_axis',(0.707106781186546,-0.707106781186549,0.));
#2993=DIRECTION('',(0.,0.,1.));
#2994=DIRECTION('center_axis',(1.,0.,0.));
#2995=DIRECTION('ref_axis',(0.,1.,0.));
#2996=DIRECTION('center_axis',(0.,1.,0.));
#2997=DIRECTION('ref_axis',(-1.,0.,0.));
#2998=DIRECTION('',(0.,0.,1.));
#2999=DIRECTION('',(0.,0.,1.));
#3000=DIRECTION('center_axis',(1.,0.,0.));
#3001=DIRECTION('ref_axis',(0.,1.,0.));
#3002=DIRECTION('',(0.,0.,1.));
#3003=DIRECTION('center_axis',(0.,-1.,0.));
#3004=DIRECTION('ref_axis',(1.,0.,0.));
#3005=DIRECTION('',(0.,0.,1.));
#3006=DIRECTION('center_axis',(-1.,0.,0.));
#3007=DIRECTION('ref_axis',(0.,-1.,0.));
#3008=CARTESIAN_POINT('',(0.,0.,0.));
#3009=CARTESIAN_POINT('Origin',(-28.,-32.5,0.));
#3010=CARTESIAN_POINT('',(-28.,-31.5,3.));
#3011=CARTESIAN_POINT('',(-29.,-32.5,3.));
#3012=CARTESIAN_POINT('Origin',(-28.,-32.5,3.));
#3013=CARTESIAN_POINT('',(-29.,-32.5,0.));
#3014=CARTESIAN_POINT('',(-29.,-32.5,0.));
#3015=CARTESIAN_POINT('',(-28.,-31.5,0.));
#3016=CARTESIAN_POINT('Origin',(-28.,-32.5,0.));
#3017=CARTESIAN_POINT('',(-28.,-31.5,0.));
#3018=CARTESIAN_POINT('Origin',(-29.,-39.5,0.));
#3019=CARTESIAN_POINT('',(-29.,-39.5,3.));
#3020=CARTESIAN_POINT('',(-29.,-39.5,3.));
#3021=CARTESIAN_POINT('',(-29.,-39.5,0.));
#3022=CARTESIAN_POINT('',(-29.,-39.5,0.));
#3023=CARTESIAN_POINT('',(-29.,-39.5,0.));
#3024=CARTESIAN_POINT('Origin',(-42.,32.5,0.));
#3025=CARTESIAN_POINT('',(-42.,31.5,3.));
#3026=CARTESIAN_POINT('',(-41.,32.5,3.));
#3027=CARTESIAN_POINT('Origin',(-42.,32.5,3.));
#3028=CARTESIAN_POINT('',(-41.,32.5,0.));
#3029=CARTESIAN_POINT('',(-41.,32.5,0.));
#3030=CARTESIAN_POINT('',(-42.,31.5,0.));
#3031=CARTESIAN_POINT('Origin',(-42.,32.5,0.));
#3032=CARTESIAN_POINT('',(-42.,31.5,0.));
#3033=CARTESIAN_POINT('Origin',(-41.,39.5,0.));
#3034=CARTESIAN_POINT('',(-41.,39.5,3.));
#3035=CARTESIAN_POINT('',(-41.,31.5,3.));
#3036=CARTESIAN_POINT('',(-41.,39.5,0.));
#3037=CARTESIAN_POINT('',(-41.,39.5,0.));
#3038=CARTESIAN_POINT('',(-41.,31.5,0.));
#3039=CARTESIAN_POINT('Origin',(28.,32.5,0.));
#3040=CARTESIAN_POINT('',(28.,31.5,3.));
#3041=CARTESIAN_POINT('',(29.,32.5,3.));
#3042=CARTESIAN_POINT('Origin',(28.,32.5,3.));
#3043=CARTESIAN_POINT('',(29.,32.5,0.));
#3044=CARTESIAN_POINT('',(29.,32.5,0.));
#3045=CARTESIAN_POINT('',(28.,31.5,0.));
#3046=CARTESIAN_POINT('Origin',(28.,32.5,0.));
#3047=CARTESIAN_POINT('',(28.,31.5,0.));
#3048=CARTESIAN_POINT('Origin',(29.,39.5,0.));
#3049=CARTESIAN_POINT('',(29.,39.5,3.));
#3050=CARTESIAN_POINT('',(29.,39.5,3.));
#3051=CARTESIAN_POINT('',(29.,39.5,0.));
#3052=CARTESIAN_POINT('',(29.,39.5,0.));
#3053=CARTESIAN_POINT('',(29.,39.5,0.));
#3054=CARTESIAN_POINT('Origin',(-28.,32.5,0.));
#3055=CARTESIAN_POINT('',(-29.,32.5,3.));
#3056=CARTESIAN_POINT('',(-28.,31.5,3.));
#3057=CARTESIAN_POINT('Origin',(-28.,32.5,3.));
#3058=CARTESIAN_POINT('',(-28.,31.5,0.));
#3059=CARTESIAN_POINT('',(-28.,31.5,0.));
#3060=CARTESIAN_POINT('',(-29.,32.5,0.));
#3061=CARTESIAN_POINT('Origin',(-28.,32.5,0.));
#3062=CARTESIAN_POINT('',(-29.,32.5,0.));
#3063=CARTESIAN_POINT('Origin',(46.5,31.5,0.));
#3064=CARTESIAN_POINT('',(-44.5,31.5,0.));
#3065=CARTESIAN_POINT('',(46.5,31.5,0.));
#3066=CARTESIAN_POINT('',(-44.5,31.5,30.5));
#3067=CARTESIAN_POINT('',(-44.5,31.5,0.));
#3068=CARTESIAN_POINT('',(44.5,31.5,30.5));
#3069=CARTESIAN_POINT('',(46.5,31.5,30.5));
#3070=CARTESIAN_POINT('',(44.5,31.5,0.));
#3071=CARTESIAN_POINT('',(44.5,31.5,0.));
#3072=CARTESIAN_POINT('',(42.,31.5,0.));
#3073=CARTESIAN_POINT('',(46.5,31.5,0.));
#3074=CARTESIAN_POINT('',(42.,31.5,3.));
#3075=CARTESIAN_POINT('',(42.,31.5,0.));
#3076=CARTESIAN_POINT('',(40.75,31.5,3.));
#3077=CARTESIAN_POINT('',(46.5,31.5,0.));
#3078=CARTESIAN_POINT('',(5.75,31.5,3.));
#3079=CARTESIAN_POINT('Origin',(42.,32.5,0.));
#3080=CARTESIAN_POINT('',(41.,32.5,3.));
#3081=CARTESIAN_POINT('Origin',(42.,32.5,3.));
#3082=CARTESIAN_POINT('',(41.,32.5,0.));
#3083=CARTESIAN_POINT('Origin',(42.,32.5,0.));
#3084=CARTESIAN_POINT('',(41.,32.5,0.));
#3085=CARTESIAN_POINT('Origin',(40.,38.5,0.));
#3086=CARTESIAN_POINT('',(40.,39.5,3.));
#3087=CARTESIAN_POINT('',(41.,38.5,3.));
#3088=CARTESIAN_POINT('Origin',(40.,38.5,3.));
#3089=CARTESIAN_POINT('',(41.,38.5,0.));
#3090=CARTESIAN_POINT('',(41.,38.5,0.));
#3091=CARTESIAN_POINT('',(40.,39.5,0.));
#3092=CARTESIAN_POINT('Origin',(40.,38.5,0.));
#3093=CARTESIAN_POINT('',(40.,39.5,0.));
#3094=CARTESIAN_POINT('Origin',(35.,35.5,3.));
#3095=CARTESIAN_POINT('',(41.,39.5,3.));
#3096=CARTESIAN_POINT('',(41.,31.5,3.));
#3097=CARTESIAN_POINT('',(33.5,35.5,3.));
#3098=CARTESIAN_POINT('Origin',(35.,35.5,3.));
#3099=CARTESIAN_POINT('Origin',(41.,39.5,0.));
#3100=CARTESIAN_POINT('',(41.,39.5,0.));
#3101=CARTESIAN_POINT('Origin',(-42.,-32.5,0.));
#3102=CARTESIAN_POINT('',(-41.,-32.5,3.));
#3103=CARTESIAN_POINT('',(-42.,-31.5,3.));
#3104=CARTESIAN_POINT('Origin',(-42.,-32.5,3.));
#3105=CARTESIAN_POINT('',(-42.,-31.5,0.));
#3106=CARTESIAN_POINT('',(-42.,-31.5,0.));
#3107=CARTESIAN_POINT('',(-41.,-32.5,0.));
#3108=CARTESIAN_POINT('Origin',(-42.,-32.5,0.));
#3109=CARTESIAN_POINT('',(-41.,-32.5,0.));
#3110=CARTESIAN_POINT('Origin',(-46.5,-31.5,0.));
#3111=CARTESIAN_POINT('',(28.,-31.5,0.));
#3112=CARTESIAN_POINT('',(-46.5,-31.5,0.));
#3113=CARTESIAN_POINT('',(28.,-31.5,3.));
#3114=CARTESIAN_POINT('',(28.,-31.5,0.));
#3115=CARTESIAN_POINT('',(42.,-31.5,3.));
#3116=CARTESIAN_POINT('',(-5.75,-31.5,3.));
#3117=CARTESIAN_POINT('',(42.,-31.5,0.));
#3118=CARTESIAN_POINT('',(42.,-31.5,0.));
#3119=CARTESIAN_POINT('',(44.5,-31.5,0.));
#3120=CARTESIAN_POINT('',(-46.5,-31.5,0.));
#3121=CARTESIAN_POINT('',(44.5,-31.5,30.5));
#3122=CARTESIAN_POINT('',(44.5,-31.5,0.));
#3123=CARTESIAN_POINT('',(-44.5,-31.5,30.5));
#3124=CARTESIAN_POINT('',(-46.5,-31.5,30.5));
#3125=CARTESIAN_POINT('',(-44.5,-31.5,0.));
#3126=CARTESIAN_POINT('',(-44.5,-31.5,0.));
#3127=CARTESIAN_POINT('',(-46.5,-31.5,0.));
#3128=CARTESIAN_POINT('',(-40.75,-31.5,3.));
#3129=CARTESIAN_POINT('Origin',(28.,-32.5,0.));
#3130=CARTESIAN_POINT('',(29.,-32.5,3.));
#3131=CARTESIAN_POINT('Origin',(28.,-32.5,3.));
#3132=CARTESIAN_POINT('',(29.,-32.5,0.));
#3133=CARTESIAN_POINT('Origin',(28.,-32.5,0.));
#3134=CARTESIAN_POINT('',(29.,-32.5,0.));
#3135=CARTESIAN_POINT('Origin',(42.,-32.5,0.));
#3136=CARTESIAN_POINT('',(41.,-32.5,3.));
#3137=CARTESIAN_POINT('Origin',(42.,-32.5,3.));
#3138=CARTESIAN_POINT('',(41.,-32.5,0.));
#3139=CARTESIAN_POINT('',(41.,-32.5,0.));
#3140=CARTESIAN_POINT('Origin',(42.,-32.5,0.));
#3141=CARTESIAN_POINT('Origin',(41.,-39.5,0.));
#3142=CARTESIAN_POINT('',(41.,-39.5,3.));
#3143=CARTESIAN_POINT('',(41.,-31.5,3.));
#3144=CARTESIAN_POINT('',(41.,-39.5,0.));
#3145=CARTESIAN_POINT('',(41.,-39.5,0.));
#3146=CARTESIAN_POINT('',(41.,-31.5,0.));
#3147=CARTESIAN_POINT('Origin',(44.5,29.5,0.));
#3148=CARTESIAN_POINT('',(46.5,29.5,30.5));
#3149=CARTESIAN_POINT('Origin',(44.5,29.5,30.5));
#3150=CARTESIAN_POINT('',(46.5,29.5,0.));
#3151=CARTESIAN_POINT('',(46.5,29.5,0.));
#3152=CARTESIAN_POINT('Origin',(44.5,29.5,0.));
#3153=CARTESIAN_POINT('Origin',(46.5,-31.5,0.));
#3154=CARTESIAN_POINT('',(46.5,-29.5,30.5));
#3155=CARTESIAN_POINT('',(46.5,-31.5,30.5));
#3156=CARTESIAN_POINT('',(46.5,-29.5,0.));
#3157=CARTESIAN_POINT('',(46.5,-29.5,0.));
#3158=CARTESIAN_POINT('',(46.5,-31.5,0.));
#3159=CARTESIAN_POINT('',(46.5,-19.,18.));
#3160=CARTESIAN_POINT('Origin',(46.5,-15.,18.));
#3161=CARTESIAN_POINT('Origin',(0.,0.,30.5));
#3162=CARTESIAN_POINT('',(-46.5,29.5,30.5));
#3163=CARTESIAN_POINT('Origin',(-44.5,29.5,30.5));
#3164=CARTESIAN_POINT('',(-46.5,-29.5,30.5));
#3165=CARTESIAN_POINT('',(-46.5,31.5,30.5));
#3166=CARTESIAN_POINT('Origin',(-44.5,-29.5,30.5));
#3167=CARTESIAN_POINT('Origin',(44.5,-29.5,30.5));
#3168=CARTESIAN_POINT('',(45.25,-30.25,30.5));
#3169=CARTESIAN_POINT('',(-45.25,-30.25,30.5));
#3170=CARTESIAN_POINT('',(22.625,-30.25,30.5));
#3171=CARTESIAN_POINT('',(-45.25,30.25,30.5));
#3172=CARTESIAN_POINT('',(-45.25,-15.125,30.5));
#3173=CARTESIAN_POINT('',(45.25,30.25,30.5));
#3174=CARTESIAN_POINT('',(-22.625,30.25,30.5));
#3175=CARTESIAN_POINT('',(45.25,15.125,30.5));
#3176=CARTESIAN_POINT('Origin',(-44.5,29.5,0.));
#3177=CARTESIAN_POINT('',(-46.5,29.5,0.));
#3178=CARTESIAN_POINT('Origin',(-44.5,29.5,0.));
#3179=CARTESIAN_POINT('',(-46.5,29.5,0.));
#3180=CARTESIAN_POINT('Origin',(-46.5,31.5,0.));
#3181=CARTESIAN_POINT('',(-46.5,-29.5,0.));
#3182=CARTESIAN_POINT('',(-46.5,31.5,0.));
#3183=CARTESIAN_POINT('',(-46.5,-29.5,0.));
#3184=CARTESIAN_POINT('Origin',(-44.5,-29.5,0.));
#3185=CARTESIAN_POINT('Origin',(-44.5,-29.5,0.));
#3186=CARTESIAN_POINT('Origin',(44.5,-29.5,0.));
#3187=CARTESIAN_POINT('Origin',(44.5,-29.5,0.));
#3188=CARTESIAN_POINT('Origin',(46.5,-15.,18.));
#3189=CARTESIAN_POINT('',(44.,-19.,18.));
#3190=CARTESIAN_POINT('',(46.5,-19.,18.));
#3191=CARTESIAN_POINT('Origin',(44.,-15.,18.));
#3192=CARTESIAN_POINT('Origin',(35.,-35.5,0.));
#3193=CARTESIAN_POINT('',(33.5,-35.5,3.));
#3194=CARTESIAN_POINT('Origin',(35.,-35.5,3.));
#3195=CARTESIAN_POINT('',(33.5,-35.5,0.));
#3196=CARTESIAN_POINT('',(33.5,-35.5,0.));
#3197=CARTESIAN_POINT('Origin',(35.,-35.5,0.));
#3198=CARTESIAN_POINT('Origin',(29.,-39.5,0.));
#3199=CARTESIAN_POINT('',(29.,-39.5,0.));
#3200=CARTESIAN_POINT('',(41.,-39.5,0.));
#3201=CARTESIAN_POINT('',(29.,-39.5,3.));
#3202=CARTESIAN_POINT('',(41.,-39.5,3.));
#3203=CARTESIAN_POINT('',(29.,-39.5,0.));
#3204=CARTESIAN_POINT('Origin',(29.,-31.5,0.));
#3205=CARTESIAN_POINT('',(29.,-39.5,0.));
#3206=CARTESIAN_POINT('',(29.,-39.5,3.));
#3207=CARTESIAN_POINT('Origin',(35.,-35.5,3.));
#3208=CARTESIAN_POINT('Origin',(35.,35.5,0.));
#3209=CARTESIAN_POINT('',(33.5,35.5,0.));
#3210=CARTESIAN_POINT('',(33.5,35.5,0.));
#3211=CARTESIAN_POINT('Origin',(35.,35.5,0.));
#3212=CARTESIAN_POINT('Origin',(41.,31.5,0.));
#3213=CARTESIAN_POINT('',(41.,31.5,0.));
#3214=CARTESIAN_POINT('Origin',(-35.,-35.5,0.));
#3215=CARTESIAN_POINT('',(-36.5,-35.5,3.));
#3216=CARTESIAN_POINT('Origin',(-35.,-35.5,3.));
#3217=CARTESIAN_POINT('',(-36.5,-35.5,0.));
#3218=CARTESIAN_POINT('',(-36.5,-35.5,0.));
#3219=CARTESIAN_POINT('Origin',(-35.,-35.5,0.));
#3220=CARTESIAN_POINT('Origin',(-41.,-39.5,0.));
#3221=CARTESIAN_POINT('',(-41.,-39.5,0.));
#3222=CARTESIAN_POINT('',(-41.,-39.5,0.));
#3223=CARTESIAN_POINT('',(-41.,-39.5,3.));
#3224=CARTESIAN_POINT('',(-41.,-39.5,3.));
#3225=CARTESIAN_POINT('',(-41.,-39.5,0.));
#3226=CARTESIAN_POINT('Origin',(-41.,-31.5,0.));
#3227=CARTESIAN_POINT('',(-41.,-31.5,0.));
#3228=CARTESIAN_POINT('',(-41.,-31.5,3.));
#3229=CARTESIAN_POINT('Origin',(-35.,-35.5,3.));
#3230=CARTESIAN_POINT('Origin',(-35.,35.5,0.));
#3231=CARTESIAN_POINT('',(-36.5,35.5,3.));
#3232=CARTESIAN_POINT('Origin',(-35.,35.5,3.));
#3233=CARTESIAN_POINT('',(-36.5,35.5,0.));
#3234=CARTESIAN_POINT('',(-36.5,35.5,0.));
#3235=CARTESIAN_POINT('Origin',(-35.,35.5,0.));
#3236=CARTESIAN_POINT('Origin',(-29.,31.5,0.));
#3237=CARTESIAN_POINT('',(-29.,39.5,0.));
#3238=CARTESIAN_POINT('',(-29.,39.5,0.));
#3239=CARTESIAN_POINT('',(-29.,39.5,3.));
#3240=CARTESIAN_POINT('',(-29.,39.5,0.));
#3241=CARTESIAN_POINT('',(-29.,39.5,3.));
#3242=CARTESIAN_POINT('Origin',(-29.,39.5,0.));
#3243=CARTESIAN_POINT('',(-41.,39.5,0.));
#3244=CARTESIAN_POINT('',(-41.,39.5,3.));
#3245=CARTESIAN_POINT('Origin',(-35.,35.5,3.));
#3246=CARTESIAN_POINT('Origin',(6.,18.5,3.));
#3247=CARTESIAN_POINT('',(6.,-18.5,3.));
#3248=CARTESIAN_POINT('',(6.,18.5,3.));
#3249=CARTESIAN_POINT('',(6.,9.25,3.));
#3250=CARTESIAN_POINT('',(6.,-18.5,4.));
#3251=CARTESIAN_POINT('',(6.,-18.5,3.));
#3252=CARTESIAN_POINT('',(6.,18.5,4.));
#3253=CARTESIAN_POINT('',(6.,-18.5,4.));
#3254=CARTESIAN_POINT('',(6.,18.5,3.));
#3255=CARTESIAN_POINT('Origin',(24.,18.5,3.));
#3256=CARTESIAN_POINT('',(24.,18.5,3.));
#3257=CARTESIAN_POINT('',(12.,18.5,3.));
#3258=CARTESIAN_POINT('',(24.,18.5,4.));
#3259=CARTESIAN_POINT('',(6.,18.5,4.));
#3260=CARTESIAN_POINT('',(24.,18.5,3.));
#3261=CARTESIAN_POINT('Origin',(24.,-18.5,3.));
#3262=CARTESIAN_POINT('',(24.,-18.5,3.));
#3263=CARTESIAN_POINT('',(24.,-9.25,3.));
#3264=CARTESIAN_POINT('',(24.,-18.5,4.));
#3265=CARTESIAN_POINT('',(24.,18.5,4.));
#3266=CARTESIAN_POINT('',(24.,-18.5,3.));
#3267=CARTESIAN_POINT('Origin',(6.,-18.5,3.));
#3268=CARTESIAN_POINT('',(3.,-18.5,3.));
#3269=CARTESIAN_POINT('',(24.,-18.5,4.));
#3270=CARTESIAN_POINT('Origin',(15.,0.,4.));
#3271=CARTESIAN_POINT('Origin',(-1.75,-15.25,3.));
#3272=CARTESIAN_POINT('',(-0.5,-15.25,6.));
#3273=CARTESIAN_POINT('Origin',(-1.75,-15.25,6.));
#3274=CARTESIAN_POINT('',(-0.5,-15.25,3.));
#3275=CARTESIAN_POINT('',(-0.5,-15.25,3.));
#3276=CARTESIAN_POINT('Origin',(-1.75,-15.25,3.));
#3277=CARTESIAN_POINT('Origin',(-1.75,-15.25,3.));
#3278=CARTESIAN_POINT('',(1.25,-15.25,6.));
#3279=CARTESIAN_POINT('Origin',(-1.75,-15.25,6.));
#3280=CARTESIAN_POINT('',(1.25,-15.25,3.));
#3281=CARTESIAN_POINT('',(1.25,-15.25,3.));
#3282=CARTESIAN_POINT('Origin',(-1.75,-15.25,3.));
#3283=CARTESIAN_POINT('Origin',(-1.75,-15.25,6.));
#3284=CARTESIAN_POINT('Origin',(0.,0.,3.));
#3285=CARTESIAN_POINT('',(-39.8416876048223,29.,3.));
#3286=CARTESIAN_POINT('',(-44.,24.8416876048223,3.));
#3287=CARTESIAN_POINT('Origin',(-41.5,26.5,3.));
#3288=CARTESIAN_POINT('',(-44.,-24.8416876048223,3.));
#3289=CARTESIAN_POINT('',(-44.,15.75,3.));
#3290=CARTESIAN_POINT('',(-39.8416876048223,-29.,3.));
#3291=CARTESIAN_POINT('Origin',(-41.5,-26.5,3.));
#3292=CARTESIAN_POINT('',(39.8416876048223,-29.,3.));
#3293=CARTESIAN_POINT('',(-23.25,-29.,3.));
#3294=CARTESIAN_POINT('',(44.,-24.8416876048223,3.));
#3295=CARTESIAN_POINT('Origin',(41.5,-26.5,3.));
#3296=CARTESIAN_POINT('',(44.,24.8416876048223,3.));
#3297=CARTESIAN_POINT('',(44.,-15.75,3.));
#3298=CARTESIAN_POINT('',(39.8416876048223,29.,3.));
#3299=CARTESIAN_POINT('Origin',(41.5,26.5,3.));
#3300=CARTESIAN_POINT('',(23.25,29.,3.));
#3301=CARTESIAN_POINT('',(1.25,15.25,3.));
#3302=CARTESIAN_POINT('Origin',(-1.75,15.25,3.));
#3303=CARTESIAN_POINT('',(-29.25,15.25,3.));
#3304=CARTESIAN_POINT('Origin',(-32.25,15.25,3.));
#3305=CARTESIAN_POINT('',(-29.25,-15.25,3.));
#3306=CARTESIAN_POINT('Origin',(-32.25,-15.25,3.));
#3307=CARTESIAN_POINT('Origin',(-1.75,15.25,3.));
#3308=CARTESIAN_POINT('',(-0.5,15.25,6.));
#3309=CARTESIAN_POINT('Origin',(-1.75,15.25,6.));
#3310=CARTESIAN_POINT('',(-0.5,15.25,3.));
#3311=CARTESIAN_POINT('',(-0.5,15.25,3.));
#3312=CARTESIAN_POINT('Origin',(-1.75,15.25,3.));
#3313=CARTESIAN_POINT('Origin',(-1.75,15.25,3.));
#3314=CARTESIAN_POINT('',(1.25,15.25,6.));
#3315=CARTESIAN_POINT('Origin',(-1.75,15.25,6.));
#3316=CARTESIAN_POINT('',(1.25,15.25,3.));
#3317=CARTESIAN_POINT('Origin',(-1.75,15.25,6.));
#3318=CARTESIAN_POINT('Origin',(0.,0.,3.));
#3319=CARTESIAN_POINT('Origin',(-32.25,-15.25,3.));
#3320=CARTESIAN_POINT('',(-31.,-15.25,6.));
#3321=CARTESIAN_POINT('Origin',(-32.25,-15.25,6.));
#3322=CARTESIAN_POINT('',(-31.,-15.25,3.));
#3323=CARTESIAN_POINT('',(-31.,-15.25,3.));
#3324=CARTESIAN_POINT('Origin',(-32.25,-15.25,3.));
#3325=CARTESIAN_POINT('Origin',(-32.25,-15.25,3.));
#3326=CARTESIAN_POINT('',(-29.25,-15.25,6.));
#3327=CARTESIAN_POINT('Origin',(-32.25,-15.25,6.));
#3328=CARTESIAN_POINT('',(-29.25,-15.25,3.));
#3329=CARTESIAN_POINT('Origin',(-32.25,-15.25,6.));
#3330=CARTESIAN_POINT('Origin',(0.,0.,3.));
#3331=CARTESIAN_POINT('Origin',(-32.25,15.25,3.));
#3332=CARTESIAN_POINT('',(-31.,15.25,6.));
#3333=CARTESIAN_POINT('Origin',(-32.25,15.25,6.));
#3334=CARTESIAN_POINT('',(-31.,15.25,3.));
#3335=CARTESIAN_POINT('',(-31.,15.25,3.));
#3336=CARTESIAN_POINT('Origin',(-32.25,15.25,3.));
#3337=CARTESIAN_POINT('Origin',(-32.25,15.25,3.));
#3338=CARTESIAN_POINT('',(-29.25,15.25,6.));
#3339=CARTESIAN_POINT('Origin',(-32.25,15.25,6.));
#3340=CARTESIAN_POINT('',(-29.25,15.25,3.));
#3341=CARTESIAN_POINT('Origin',(-32.25,15.25,6.));
#3342=CARTESIAN_POINT('Origin',(0.,0.,3.));
#3343=CARTESIAN_POINT('Origin',(-41.5,26.5,0.));
#3344=CARTESIAN_POINT('',(-42.75,26.5,0.));
#3345=CARTESIAN_POINT('Origin',(-41.5,26.5,0.));
#3346=CARTESIAN_POINT('',(-42.75,26.5,29.));
#3347=CARTESIAN_POINT('',(-42.75,26.5,0.));
#3348=CARTESIAN_POINT('Origin',(-41.5,26.5,29.));
#3349=CARTESIAN_POINT('Origin',(41.5,26.5,0.));
#3350=CARTESIAN_POINT('',(40.25,26.5,0.));
#3351=CARTESIAN_POINT('Origin',(41.5,26.5,0.));
#3352=CARTESIAN_POINT('',(40.25,26.5,29.));
#3353=CARTESIAN_POINT('',(40.25,26.5,0.));
#3354=CARTESIAN_POINT('Origin',(41.5,26.5,29.));
#3355=CARTESIAN_POINT('Origin',(-41.5,-26.5,0.));
#3356=CARTESIAN_POINT('',(-42.75,-26.5,0.));
#3357=CARTESIAN_POINT('Origin',(-41.5,-26.5,0.));
#3358=CARTESIAN_POINT('',(-42.75,-26.5,29.));
#3359=CARTESIAN_POINT('',(-42.75,-26.5,0.));
#3360=CARTESIAN_POINT('Origin',(-41.5,-26.5,29.));
#3361=CARTESIAN_POINT('Origin',(41.5,-26.5,0.));
#3362=CARTESIAN_POINT('',(40.25,-26.5,0.));
#3363=CARTESIAN_POINT('Origin',(41.5,-26.5,0.));
#3364=CARTESIAN_POINT('',(40.25,-26.5,29.));
#3365=CARTESIAN_POINT('',(40.25,-26.5,0.));
#3366=CARTESIAN_POINT('Origin',(41.5,-26.5,29.));
#3367=CARTESIAN_POINT('Origin',(-41.5,26.5,0.));
#3368=CARTESIAN_POINT('',(-43.1583123951777,29.,3.));
#3369=CARTESIAN_POINT('',(-43.1583123951777,29.,29.));
#3370=CARTESIAN_POINT('',(-43.1583123951777,29.,0.));
#3371=CARTESIAN_POINT('',(-44.,28.1583123951777,3.));
#3372=CARTESIAN_POINT('Origin',(-41.5,26.5,3.));
#3373=CARTESIAN_POINT('',(-44.,28.1583123951777,29.));
#3374=CARTESIAN_POINT('',(-44.,28.1583123951777,0.));
#3375=CARTESIAN_POINT('Origin',(-41.5,26.5,29.));
#3376=CARTESIAN_POINT('Origin',(-41.5,26.5,0.));
#3377=CARTESIAN_POINT('',(-39.8416876048223,29.,29.));
#3378=CARTESIAN_POINT('',(-39.8416876048223,29.,0.));
#3379=CARTESIAN_POINT('',(-44.,24.8416876048223,29.));
#3380=CARTESIAN_POINT('Origin',(-41.5,26.5,29.));
#3381=CARTESIAN_POINT('',(-44.,24.8416876048223,0.));
#3382=CARTESIAN_POINT('Origin',(46.5,29.,0.));
#3383=CARTESIAN_POINT('',(-44.,29.,29.));
#3384=CARTESIAN_POINT('',(23.25,29.,29.));
#3385=CARTESIAN_POINT('',(-44.,29.,3.));
#3386=CARTESIAN_POINT('',(-44.,29.,0.));
#3387=CARTESIAN_POINT('',(23.25,29.,3.));
#3388=CARTESIAN_POINT('Origin',(46.5,29.,0.));
#3389=CARTESIAN_POINT('',(39.8416876048223,29.,29.));
#3390=CARTESIAN_POINT('',(39.8416876048223,29.,0.));
#3391=CARTESIAN_POINT('',(23.25,29.,29.));
#3392=CARTESIAN_POINT('Origin',(0.,0.,3.));
#3393=CARTESIAN_POINT('',(-44.,15.75,3.));
#3394=CARTESIAN_POINT('Origin',(0.,0.,3.));
#3395=CARTESIAN_POINT('Origin',(-44.,31.5,0.));
#3396=CARTESIAN_POINT('',(-44.,15.75,29.));
#3397=CARTESIAN_POINT('Origin',(-44.,31.5,0.));
#3398=CARTESIAN_POINT('',(-44.,-24.8416876048223,29.));
#3399=CARTESIAN_POINT('',(-44.,15.75,29.));
#3400=CARTESIAN_POINT('',(-44.,-24.8416876048223,0.));
#3401=CARTESIAN_POINT('Origin',(41.5,26.5,0.));
#3402=CARTESIAN_POINT('',(44.,24.8416876048223,29.));
#3403=CARTESIAN_POINT('',(44.,24.8416876048223,0.));
#3404=CARTESIAN_POINT('Origin',(41.5,26.5,29.));
#3405=CARTESIAN_POINT('Origin',(41.5,26.5,0.));
#3406=CARTESIAN_POINT('',(44.,28.1583123951777,3.));
#3407=CARTESIAN_POINT('',(44.,28.1583123951777,29.));
#3408=CARTESIAN_POINT('',(44.,28.1583123951777,0.));
#3409=CARTESIAN_POINT('',(43.1583123951777,29.,3.));
#3410=CARTESIAN_POINT('Origin',(41.5,26.5,3.));
#3411=CARTESIAN_POINT('',(43.1583123951777,29.,29.));
#3412=CARTESIAN_POINT('',(43.1583123951777,29.,0.));
#3413=CARTESIAN_POINT('Origin',(41.5,26.5,29.));
#3414=CARTESIAN_POINT('Origin',(44.,-31.5,0.));
#3415=CARTESIAN_POINT('',(44.,-24.8416876048223,29.));
#3416=CARTESIAN_POINT('',(44.,-24.8416876048223,0.));
#3417=CARTESIAN_POINT('',(44.,-15.75,29.));
#3418=CARTESIAN_POINT('Origin',(0.,0.,29.));
#3419=CARTESIAN_POINT('',(-45.25,-30.25,29.));
#3420=CARTESIAN_POINT('',(-45.25,30.25,29.));
#3421=CARTESIAN_POINT('',(-45.25,30.25,29.));
#3422=CARTESIAN_POINT('',(45.25,-30.25,29.));
#3423=CARTESIAN_POINT('',(-45.25,-30.25,29.));
#3424=CARTESIAN_POINT('',(45.25,30.25,29.));
#3425=CARTESIAN_POINT('',(45.25,-30.25,29.));
#3426=CARTESIAN_POINT('',(45.25,30.25,29.));
#3427=CARTESIAN_POINT('',(44.,29.,29.));
#3428=CARTESIAN_POINT('',(23.25,29.,29.));
#3429=CARTESIAN_POINT('',(44.,-15.75,29.));
#3430=CARTESIAN_POINT('',(-44.,-28.1583123951777,29.));
#3431=CARTESIAN_POINT('',(-43.1583123951777,-29.,29.));
#3432=CARTESIAN_POINT('Origin',(-41.5,-26.5,29.));
#3433=CARTESIAN_POINT('',(-44.,-29.,29.));
#3434=CARTESIAN_POINT('',(-23.25,-29.,29.));
#3435=CARTESIAN_POINT('',(-44.,15.75,29.));
#3436=CARTESIAN_POINT('',(43.1583123951777,-29.,29.));
#3437=CARTESIAN_POINT('',(44.,-28.1583123951777,29.));
#3438=CARTESIAN_POINT('Origin',(41.5,-26.5,29.));
#3439=CARTESIAN_POINT('',(44.,-29.,29.));
#3440=CARTESIAN_POINT('',(44.,-15.75,29.));
#3441=CARTESIAN_POINT('',(-23.25,-29.,29.));
#3442=CARTESIAN_POINT('',(39.8416876048223,-29.,29.));
#3443=CARTESIAN_POINT('Origin',(41.5,-26.5,29.));
#3444=CARTESIAN_POINT('',(-39.8416876048223,-29.,29.));
#3445=CARTESIAN_POINT('',(-23.25,-29.,29.));
#3446=CARTESIAN_POINT('Origin',(-41.5,-26.5,29.));
#3447=CARTESIAN_POINT('Origin',(41.5,-26.5,0.));
#3448=CARTESIAN_POINT('',(39.8416876048223,-29.,0.));
#3449=CARTESIAN_POINT('Origin',(41.5,-26.5,0.));
#3450=CARTESIAN_POINT('',(43.1583123951777,-29.,3.));
#3451=CARTESIAN_POINT('',(43.1583123951777,-29.,0.));
#3452=CARTESIAN_POINT('',(44.,-28.1583123951777,3.));
#3453=CARTESIAN_POINT('Origin',(41.5,-26.5,3.));
#3454=CARTESIAN_POINT('',(44.,-28.1583123951777,0.));
#3455=CARTESIAN_POINT('Origin',(-46.5,-29.,0.));
#3456=CARTESIAN_POINT('',(-39.8416876048223,-29.,0.));
#3457=CARTESIAN_POINT('Origin',(0.,0.,3.));
#3458=CARTESIAN_POINT('',(44.,29.,3.));
#3459=CARTESIAN_POINT('',(44.,-15.75,3.));
#3460=CARTESIAN_POINT('',(23.25,29.,3.));
#3461=CARTESIAN_POINT('Origin',(44.,-31.5,0.));
#3462=CARTESIAN_POINT('',(44.,29.,0.));
#3463=CARTESIAN_POINT('Origin',(-41.5,-26.5,0.));
#3464=CARTESIAN_POINT('',(-44.,-28.1583123951777,3.));
#3465=CARTESIAN_POINT('',(-44.,-28.1583123951777,0.));
#3466=CARTESIAN_POINT('',(-43.1583123951777,-29.,3.));
#3467=CARTESIAN_POINT('Origin',(-41.5,-26.5,3.));
#3468=CARTESIAN_POINT('',(-43.1583123951777,-29.,0.));
#3469=CARTESIAN_POINT('Origin',(-41.5,-26.5,0.));
#3470=CARTESIAN_POINT('Origin',(-44.,31.5,0.));
#3471=CARTESIAN_POINT('',(-44.,-29.,3.));
#3472=CARTESIAN_POINT('',(-44.,-29.,0.));
#3473=CARTESIAN_POINT('',(-44.,15.75,3.));
#3474=CARTESIAN_POINT('Origin',(-46.5,-29.,0.));
#3475=CARTESIAN_POINT('',(-23.25,-29.,3.));
#3476=CARTESIAN_POINT('Origin',(-46.5,-29.,0.));
#3477=CARTESIAN_POINT('',(44.,-29.,3.));
#3478=CARTESIAN_POINT('',(44.,-29.,0.));
#3479=CARTESIAN_POINT('',(-23.25,-29.,3.));
#3480=CARTESIAN_POINT('Origin',(0.,0.,3.));
#3481=CARTESIAN_POINT('Origin',(0.,0.,3.));
#3482=CARTESIAN_POINT('',(44.,-15.75,3.));
#3483=CARTESIAN_POINT('Origin',(45.25,-30.25,30.5));
#3484=CARTESIAN_POINT('',(45.25,-30.25,30.5));
#3485=CARTESIAN_POINT('',(-45.25,-30.25,30.5));
#3486=CARTESIAN_POINT('Origin',(45.25,30.25,30.5));
#3487=CARTESIAN_POINT('',(45.25,30.25,30.5));
#3488=CARTESIAN_POINT('Origin',(-45.25,30.25,30.5));
#3489=CARTESIAN_POINT('',(-45.25,30.25,30.5));
#3490=CARTESIAN_POINT('Origin',(-45.25,-30.25,30.5));
#3491=CARTESIAN_POINT('Origin',(44.,-31.5,0.));
#3492=CARTESIAN_POINT('Origin',(46.5,29.,0.));
#3493=CARTESIAN_POINT('Origin',(0.,0.,0.));
#3494=CARTESIAN_POINT('Origin',(-45.25,-30.25,30.5));
#3495=CARTESIAN_POINT('',(45.25,-30.25,29.));
#3496=CARTESIAN_POINT('',(-45.25,-30.25,29.));
#3497=CARTESIAN_POINT('',(-22.625,-30.25,29.));
#3498=CARTESIAN_POINT('',(45.25,-30.25,30.5));
#3499=CARTESIAN_POINT('',(45.25,-30.25,30.5));
#3500=CARTESIAN_POINT('',(-45.25,-30.25,30.5));
#3501=CARTESIAN_POINT('',(22.625,-30.25,30.5));
#3502=CARTESIAN_POINT('',(-45.25,-30.25,30.5));
#3503=CARTESIAN_POINT('Origin',(-45.25,30.25,30.5));
#3504=CARTESIAN_POINT('',(-45.25,30.25,29.));
#3505=CARTESIAN_POINT('',(-45.25,15.125,29.));
#3506=CARTESIAN_POINT('',(-45.25,30.25,30.5));
#3507=CARTESIAN_POINT('',(-45.25,-15.125,30.5));
#3508=CARTESIAN_POINT('',(-45.25,30.25,30.5));
#3509=CARTESIAN_POINT('Origin',(45.25,30.25,30.5));
#3510=CARTESIAN_POINT('',(45.25,30.25,29.));
#3511=CARTESIAN_POINT('',(22.625,30.25,29.));
#3512=CARTESIAN_POINT('',(45.25,30.25,30.5));
#3513=CARTESIAN_POINT('',(-22.625,30.25,30.5));
#3514=CARTESIAN_POINT('',(45.25,30.25,30.5));
#3515=CARTESIAN_POINT('Origin',(45.25,-30.25,30.5));
#3516=CARTESIAN_POINT('',(45.25,-15.125,29.));
#3517=CARTESIAN_POINT('',(45.25,15.125,30.5));
#3518=CARTESIAN_POINT('Origin',(-41.5,-26.5,30.5));
#3519=CARTESIAN_POINT('',(-40.,-26.5,30.5));
#3520=CARTESIAN_POINT('Origin',(-41.5,-26.5,30.5));
#3521=CARTESIAN_POINT('',(-40.,-26.5,29.));
#3522=CARTESIAN_POINT('',(-40.,-26.5,30.5));
#3523=CARTESIAN_POINT('Origin',(-41.5,-26.5,29.));
#3524=CARTESIAN_POINT('Origin',(41.5,26.5,30.5));
#3525=CARTESIAN_POINT('',(43.,26.5,30.5));
#3526=CARTESIAN_POINT('Origin',(41.5,26.5,30.5));
#3527=CARTESIAN_POINT('',(43.,26.5,29.));
#3528=CARTESIAN_POINT('',(43.,26.5,30.5));
#3529=CARTESIAN_POINT('Origin',(41.5,26.5,29.));
#3530=CARTESIAN_POINT('Origin',(-41.5,26.5,30.5));
#3531=CARTESIAN_POINT('',(-40.,26.5,30.5));
#3532=CARTESIAN_POINT('Origin',(-41.5,26.5,30.5));
#3533=CARTESIAN_POINT('',(-40.,26.5,29.));
#3534=CARTESIAN_POINT('',(-40.,26.5,30.5));
#3535=CARTESIAN_POINT('Origin',(-41.5,26.5,29.));
#3536=CARTESIAN_POINT('Origin',(41.5,-26.5,30.5));
#3537=CARTESIAN_POINT('',(43.,-26.5,30.5));
#3538=CARTESIAN_POINT('Origin',(41.5,-26.5,30.5));
#3539=CARTESIAN_POINT('',(43.,-26.5,29.));
#3540=CARTESIAN_POINT('',(43.,-26.5,30.5));
#3541=CARTESIAN_POINT('Origin',(41.5,-26.5,29.));
#3542=CARTESIAN_POINT('Origin',(0.,0.,30.5));
#3543=CARTESIAN_POINT('Origin',(0.,0.,29.));
#3544=CARTESIAN_POINT('Origin',(0.,0.,30.5));
#3545=CARTESIAN_POINT('',(44.5,31.5,30.5));
#3546=CARTESIAN_POINT('',(46.5,29.5,30.5));
#3547=CARTESIAN_POINT('Origin',(44.5,29.5,30.5));
#3548=CARTESIAN_POINT('',(46.5,-29.5,30.5));
#3549=CARTESIAN_POINT('',(46.5,-31.5,30.5));
#3550=CARTESIAN_POINT('',(44.5,-31.5,30.5));
#3551=CARTESIAN_POINT('Origin',(44.5,-29.5,30.5));
#3552=CARTESIAN_POINT('',(-44.5,-31.5,30.5));
#3553=CARTESIAN_POINT('',(-46.5,-31.5,30.5));
#3554=CARTESIAN_POINT('',(-46.5,-29.5,30.5));
#3555=CARTESIAN_POINT('Origin',(-44.5,-29.5,30.5));
#3556=CARTESIAN_POINT('',(-46.5,29.5,30.5));
#3557=CARTESIAN_POINT('',(-46.5,31.5,30.5));
#3558=CARTESIAN_POINT('',(-44.5,31.5,30.5));
#3559=CARTESIAN_POINT('Origin',(-44.5,29.5,30.5));
#3560=CARTESIAN_POINT('',(46.5,31.5,30.5));
#3561=CARTESIAN_POINT('',(-45.25,-30.25,30.5));
#3562=CARTESIAN_POINT('',(-45.25,30.25,30.5));
#3563=CARTESIAN_POINT('',(-45.25,-15.125,30.5));
#3564=CARTESIAN_POINT('',(45.25,-30.25,30.5));
#3565=CARTESIAN_POINT('',(22.625,-30.25,30.5));
#3566=CARTESIAN_POINT('',(45.25,30.25,30.5));
#3567=CARTESIAN_POINT('',(45.25,15.125,30.5));
#3568=CARTESIAN_POINT('',(-22.625,30.25,30.5));
#3569=CARTESIAN_POINT('Origin',(0.,0.,33.));
#3570=CARTESIAN_POINT('',(46.5,29.5,33.));
#3571=CARTESIAN_POINT('',(44.5,31.5,33.));
#3572=CARTESIAN_POINT('Origin',(44.5,29.5,33.));
#3573=CARTESIAN_POINT('',(-44.5,31.5,33.));
#3574=CARTESIAN_POINT('',(46.5,31.5,33.));
#3575=CARTESIAN_POINT('',(-46.5,29.5,33.));
#3576=CARTESIAN_POINT('Origin',(-44.5,29.5,33.));
#3577=CARTESIAN_POINT('',(-46.5,-29.5,33.));
#3578=CARTESIAN_POINT('',(-46.5,31.5,33.));
#3579=CARTESIAN_POINT('',(-44.5,-31.5,33.));
#3580=CARTESIAN_POINT('Origin',(-44.5,-29.5,33.));
#3581=CARTESIAN_POINT('',(44.5,-31.5,33.));
#3582=CARTESIAN_POINT('',(-46.5,-31.5,33.));
#3583=CARTESIAN_POINT('',(46.5,-29.5,33.));
#3584=CARTESIAN_POINT('Origin',(44.5,-29.5,33.));
#3585=CARTESIAN_POINT('',(46.5,-31.5,33.));
#3586=CARTESIAN_POINT('',(45.25,-30.25,33.));
#3587=CARTESIAN_POINT('',(-45.25,-30.25,33.));
#3588=CARTESIAN_POINT('',(22.625,-30.25,33.));
#3589=CARTESIAN_POINT('',(-45.25,30.25,33.));
#3590=CARTESIAN_POINT('',(-45.25,-15.125,33.));
#3591=CARTESIAN_POINT('',(45.25,30.25,33.));
#3592=CARTESIAN_POINT('',(-22.625,30.25,33.));
#3593=CARTESIAN_POINT('',(45.25,15.125,33.));
#3594=CARTESIAN_POINT('Origin',(44.5,29.5,30.5));
#3595=CARTESIAN_POINT('',(44.5,31.5,30.5));
#3596=CARTESIAN_POINT('',(46.5,29.5,30.5));
#3597=CARTESIAN_POINT('Origin',(44.5,31.5,30.5));
#3598=CARTESIAN_POINT('',(-44.5,31.5,30.5));
#3599=CARTESIAN_POINT('Origin',(-44.5,29.5,30.5));
#3600=CARTESIAN_POINT('',(-46.5,29.5,30.5));
#3601=CARTESIAN_POINT('Origin',(-46.5,29.5,30.5));
#3602=CARTESIAN_POINT('',(-46.5,-29.5,30.5));
#3603=CARTESIAN_POINT('Origin',(-44.5,-29.5,30.5));
#3604=CARTESIAN_POINT('',(-44.5,-31.5,30.5));
#3605=CARTESIAN_POINT('Origin',(-44.5,-31.5,30.5));
#3606=CARTESIAN_POINT('',(44.5,-31.5,30.5));
#3607=CARTESIAN_POINT('Origin',(44.5,-29.5,30.5));
#3608=CARTESIAN_POINT('',(46.5,-29.5,30.5));
#3609=CARTESIAN_POINT('Origin',(46.5,-29.5,30.5));
#3610=CARTESIAN_POINT('Origin',(45.25,-30.25,30.5));
#3611=CARTESIAN_POINT('',(-45.25,-30.25,30.5));
#3612=CARTESIAN_POINT('',(45.25,-30.25,30.5));
#3613=CARTESIAN_POINT('Origin',(-45.25,-30.25,30.5));
#3614=CARTESIAN_POINT('',(-45.25,30.25,30.5));
#3615=CARTESIAN_POINT('Origin',(-45.25,30.25,30.5));
#3616=CARTESIAN_POINT('',(45.25,30.25,30.5));
#3617=CARTESIAN_POINT('Origin',(45.25,30.25,30.5));
#3618=UNCERTAINTY_MEASURE_WITH_UNIT(LENGTH_MEASURE(0.01),#3622,
'DISTANCE_ACCURACY_VALUE',
'Maximum model space distance between geometric entities at asserted c
onnectivities');
#3619=UNCERTAINTY_MEASURE_WITH_UNIT(LENGTH_MEASURE(0.01),#3622,
'DISTANCE_ACCURACY_VALUE',
'Maximum model space distance between geometric entities at asserted c
onnectivities');
#3620=(
GEOMETRIC_REPRESENTATION_CONTEXT(3)
GLOBAL_UNCERTAINTY_ASSIGNED_CONTEXT((#3618))
GLOBAL_UNIT_ASSIGNED_CONTEXT((#3622,#3624,#3625))
REPRESENTATION_CONTEXT('','3D')
);
#3621=(
GEOMETRIC_REPRESENTATION_CONTEXT(3)
GLOBAL_UNCERTAINTY_ASSIGNED_CONTEXT((#3619))
GLOBAL_UNIT_ASSIGNED_CONTEXT((#3622,#3624,#3625))
REPRESENTATION_CONTEXT('','3D')
);
#3622=(
LENGTH_UNIT()
NAMED_UNIT(*)
SI_UNIT(.MILLI.,.METRE.)
);
#3623=(
LENGTH_UNIT()
NAMED_UNIT(*)
SI_UNIT($,.METRE.)
);
#3624=(
NAMED_UNIT(*)
PLANE_ANGLE_UNIT()
SI_UNIT($,.RADIAN.)
);
#3625=(
NAMED_UNIT(*)
SI_UNIT($,.STERADIAN.)
SOLID_ANGLE_UNIT()
);
#3626=SHAPE_DEFINITION_REPRESENTATION(#3627,#3628);
#3627=PRODUCT_DEFINITION_SHAPE('',$,#3630);
#3628=SHAPE_REPRESENTATION('',(#2170),#3620);
#3629=PRODUCT_DEFINITION_CONTEXT('part definition',#3634,'design');
#3630=PRODUCT_DEFINITION('UAS CAD Spec','UAS CAD Spec',#3631,#3629);
#3631=PRODUCT_DEFINITION_FORMATION('',$,#3636);
#3632=PRODUCT_RELATED_PRODUCT_CATEGORY('UAS CAD Spec','UAS CAD Spec',(#3636));
#3633=APPLICATION_PROTOCOL_DEFINITION('international standard',
'automotive_design',2009,#3634);
#3634=APPLICATION_CONTEXT(
'Core Data for Automotive Mechanical Design Process');
#3635=PRODUCT_CONTEXT('part definition',#3634,'mechanical');
#3636=PRODUCT('UAS CAD Spec','UAS CAD Spec',$,(#3635));
#3637=PRESENTATION_STYLE_ASSIGNMENT((#3638));
#3638=SURFACE_STYLE_USAGE(.BOTH.,#3639);
#3639=SURFACE_SIDE_STYLE('',(#3640));
#3640=SURFACE_STYLE_FILL_AREA(#3641);
#3641=FILL_AREA_STYLE('Aluminum - Satin',(#3642));
#3642=FILL_AREA_STYLE_COLOUR('Aluminum - Satin',#3643);
#3643=COLOUR_RGB('Aluminum - Satin',0.96078431372549,0.96078431372549,0.964705882352941);
ENDSEC;
END-ISO-10303-21;
