ISO-10303-21;
HEADER;
/* Generated by software containing ST-Developer
 * from STEP Tools, Inc. (www.steptools.com) 
 */

FILE_DESCRIPTION(
/* description */ (''),
/* implementation_level */ '2;1');

FILE_NAME(
/* name */ 'FullPart_v1.step',
/* time_stamp */ '2026-08-09T21:19:39-06:00',
/* author */ (''),
/* organization */ (''),
/* preprocessor_version */ 'ST-DEVELOPER v20.1',
/* originating_system */ 'Autodesk Translation Framework v15.8.0.0',
/* authorisation */ '');

FILE_SCHEMA (('AUTOMOTIVE_DESIGN { 1 0 10303 214 3 1 1 }'));
ENDSEC;

DATA;
#10=MECHANICAL_DESIGN_GEOMETRIC_PRESENTATION_REPRESENTATION('',(#13,#14,
#15,#16,#17,#18,#19,#20,#21,#22,#23),#4500);
#11=SHAPE_REPRESENTATION_RELATIONSHIP('SRR','None',#4507,#12);
#12=ADVANCED_BREP_SHAPE_REPRESENTATION('',(#24,#25,#26,#27,#28,#29,#30,
#31,#32,#33,#34),#4499);
#13=STYLED_ITEM('',(#4516),#24);
#14=STYLED_ITEM('',(#4516),#25);
#15=STYLED_ITEM('',(#4516),#26);
#16=STYLED_ITEM('',(#4517),#27);
#17=STYLED_ITEM('',(#4518),#28);
#18=STYLED_ITEM('',(#4519),#29);
#19=STYLED_ITEM('',(#4520),#30);
#20=STYLED_ITEM('',(#4516),#31);
#21=STYLED_ITEM('',(#4516),#32);
#22=STYLED_ITEM('',(#4516),#33);
#23=STYLED_ITEM('',(#4516),#34);
#24=MANIFOLD_SOLID_BREP('Body60',#2674);
#25=MANIFOLD_SOLID_BREP('Body61',#2675);
#26=MANIFOLD_SOLID_BREP('Body61',#2676);
#27=MANIFOLD_SOLID_BREP('Body74',#2677);
#28=MANIFOLD_SOLID_BREP('Body75',#2678);
#29=MANIFOLD_SOLID_BREP('Body76',#2679);
#30=MANIFOLD_SOLID_BREP('Body77',#2680);
#31=MANIFOLD_SOLID_BREP('Body78',#2681);
#32=MANIFOLD_SOLID_BREP('Body79',#2682);
#33=MANIFOLD_SOLID_BREP('Body80',#2683);
#34=MANIFOLD_SOLID_BREP('Body81',#2684);
#35=FACE_BOUND('',#354,.T.);
#36=FACE_BOUND('',#363,.T.);
#37=FACE_BOUND('',#365,.T.);
#38=FACE_BOUND('',#375,.T.);
#39=FACE_BOUND('',#382,.T.);
#40=FACE_BOUND('',#387,.T.);
#41=FACE_BOUND('',#396,.T.);
#42=FACE_BOUND('',#398,.T.);
#43=FACE_BOUND('',#399,.T.);
#44=FACE_BOUND('',#400,.T.);
#45=FACE_BOUND('',#401,.T.);
#46=FACE_BOUND('',#402,.T.);
#47=FACE_BOUND('',#406,.T.);
#48=FACE_BOUND('',#411,.T.);
#49=FACE_BOUND('',#416,.T.);
#50=FACE_BOUND('',#433,.T.);
#51=FACE_BOUND('',#435,.T.);
#52=FACE_BOUND('',#436,.T.);
#53=FACE_BOUND('',#437,.T.);
#54=FACE_BOUND('',#438,.T.);
#55=FACE_BOUND('',#439,.T.);
#56=FACE_BOUND('',#440,.T.);
#57=FACE_BOUND('',#441,.T.);
#58=FACE_BOUND('',#442,.T.);
#59=FACE_BOUND('',#443,.T.);
#60=FACE_BOUND('',#463,.T.);
#61=FACE_BOUND('',#464,.T.);
#62=FACE_BOUND('',#465,.T.);
#63=FACE_BOUND('',#466,.T.);
#64=FACE_BOUND('',#467,.T.);
#65=FACE_BOUND('',#468,.T.);
#66=FACE_BOUND('',#469,.T.);
#67=FACE_BOUND('',#470,.T.);
#68=FACE_BOUND('',#480,.T.);
#69=FACE_BOUND('',#481,.T.);
#70=FACE_BOUND('',#482,.T.);
#71=FACE_BOUND('',#483,.T.);
#72=FACE_BOUND('',#485,.T.);
#73=FACE_BOUND('',#486,.T.);
#74=FACE_BOUND('',#487,.T.);
#75=FACE_BOUND('',#488,.T.);
#76=FACE_BOUND('',#490,.T.);
#77=FACE_BOUND('',#492,.T.);
#78=FACE_BOUND('',#529,.T.);
#79=FACE_BOUND('',#531,.T.);
#80=FACE_BOUND('',#535,.T.);
#81=FACE_BOUND('',#537,.T.);
#82=FACE_BOUND('',#541,.T.);
#83=FACE_BOUND('',#543,.T.);
#84=FACE_BOUND('',#547,.T.);
#85=FACE_BOUND('',#549,.T.);
#86=PLANE('',#2701);
#87=PLANE('',#2705);
#88=PLANE('',#2709);
#89=PLANE('',#2713);
#90=PLANE('',#2720);
#91=PLANE('',#2722);
#92=PLANE('',#2726);
#93=PLANE('',#2733);
#94=PLANE('',#2737);
#95=PLANE('',#2739);
#96=PLANE('',#2745);
#97=PLANE('',#2755);
#98=PLANE('',#2756);
#99=PLANE('',#2757);
#100=PLANE('',#2760);
#101=PLANE('',#2764);
#102=PLANE('',#2765);
#103=PLANE('',#2766);
#104=PLANE('',#2770);
#105=PLANE('',#2771);
#106=PLANE('',#2772);
#107=PLANE('',#2773);
#108=PLANE('',#2774);
#109=PLANE('',#2775);
#110=PLANE('',#2776);
#111=PLANE('',#2777);
#112=PLANE('',#2784);
#113=PLANE('',#2785);
#114=PLANE('',#2798);
#115=PLANE('',#2799);
#116=PLANE('',#2805);
#117=PLANE('',#2806);
#118=PLANE('',#2812);
#119=PLANE('',#2813);
#120=PLANE('',#2831);
#121=PLANE('',#2832);
#122=PLANE('',#2833);
#123=PLANE('',#2834);
#124=PLANE('',#2835);
#125=PLANE('',#2836);
#126=PLANE('',#2842);
#127=PLANE('',#2843);
#128=PLANE('',#2851);
#129=PLANE('',#2852);
#130=PLANE('',#2853);
#131=PLANE('',#2857);
#132=PLANE('',#2858);
#133=PLANE('',#2859);
#134=PLANE('',#2860);
#135=PLANE('',#2861);
#136=PLANE('',#2862);
#137=PLANE('',#2863);
#138=PLANE('',#2864);
#139=PLANE('',#2865);
#140=PLANE('',#2866);
#141=PLANE('',#2867);
#142=PLANE('',#2868);
#143=PLANE('',#2869);
#144=PLANE('',#2870);
#145=PLANE('',#2871);
#146=PLANE('',#2872);
#147=PLANE('',#2885);
#148=PLANE('',#2886);
#149=PLANE('',#2887);
#150=PLANE('',#2892);
#151=PLANE('',#2898);
#152=PLANE('',#2900);
#153=PLANE('',#2902);
#154=PLANE('',#2904);
#155=PLANE('',#2905);
#156=PLANE('',#2906);
#157=PLANE('',#2907);
#158=PLANE('',#2908);
#159=PLANE('',#2909);
#160=PLANE('',#2910);
#161=PLANE('',#2911);
#162=PLANE('',#2912);
#163=PLANE('',#2913);
#164=PLANE('',#2914);
#165=PLANE('',#2915);
#166=PLANE('',#2916);
#167=PLANE('',#2917);
#168=PLANE('',#2918);
#169=PLANE('',#2919);
#170=PLANE('',#2920);
#171=PLANE('',#2921);
#172=PLANE('',#2922);
#173=PLANE('',#2923);
#174=PLANE('',#2924);
#175=PLANE('',#2925);
#176=PLANE('',#2926);
#177=PLANE('',#2930);
#178=PLANE('',#2931);
#179=PLANE('',#2938);
#180=PLANE('',#2939);
#181=PLANE('',#2946);
#182=PLANE('',#2947);
#183=PLANE('',#2954);
#184=PLANE('',#2955);
#185=PLANE('',#2962);
#186=PLANE('',#2963);
#187=FACE_OUTER_BOUND('',#343,.T.);
#188=FACE_OUTER_BOUND('',#344,.T.);
#189=FACE_OUTER_BOUND('',#345,.T.);
#190=FACE_OUTER_BOUND('',#346,.T.);
#191=FACE_OUTER_BOUND('',#347,.T.);
#192=FACE_OUTER_BOUND('',#348,.T.);
#193=FACE_OUTER_BOUND('',#349,.T.);
#194=FACE_OUTER_BOUND('',#350,.T.);
#195=FACE_OUTER_BOUND('',#351,.T.);
#196=FACE_OUTER_BOUND('',#352,.T.);
#197=FACE_OUTER_BOUND('',#353,.T.);
#198=FACE_OUTER_BOUND('',#355,.T.);
#199=FACE_OUTER_BOUND('',#356,.T.);
#200=FACE_OUTER_BOUND('',#357,.T.);
#201=FACE_OUTER_BOUND('',#358,.T.);
#202=FACE_OUTER_BOUND('',#359,.T.);
#203=FACE_OUTER_BOUND('',#360,.T.);
#204=FACE_OUTER_BOUND('',#361,.T.);
#205=FACE_OUTER_BOUND('',#362,.T.);
#206=FACE_OUTER_BOUND('',#364,.T.);
#207=FACE_OUTER_BOUND('',#366,.T.);
#208=FACE_OUTER_BOUND('',#367,.T.);
#209=FACE_OUTER_BOUND('',#368,.T.);
#210=FACE_OUTER_BOUND('',#369,.T.);
#211=FACE_OUTER_BOUND('',#370,.T.);
#212=FACE_OUTER_BOUND('',#371,.T.);
#213=FACE_OUTER_BOUND('',#372,.T.);
#214=FACE_OUTER_BOUND('',#373,.T.);
#215=FACE_OUTER_BOUND('',#374,.T.);
#216=FACE_OUTER_BOUND('',#376,.T.);
#217=FACE_OUTER_BOUND('',#377,.T.);
#218=FACE_OUTER_BOUND('',#378,.T.);
#219=FACE_OUTER_BOUND('',#379,.T.);
#220=FACE_OUTER_BOUND('',#380,.T.);
#221=FACE_OUTER_BOUND('',#381,.T.);
#222=FACE_OUTER_BOUND('',#383,.T.);
#223=FACE_OUTER_BOUND('',#384,.T.);
#224=FACE_OUTER_BOUND('',#385,.T.);
#225=FACE_OUTER_BOUND('',#386,.T.);
#226=FACE_OUTER_BOUND('',#388,.T.);
#227=FACE_OUTER_BOUND('',#389,.T.);
#228=FACE_OUTER_BOUND('',#390,.T.);
#229=FACE_OUTER_BOUND('',#391,.T.);
#230=FACE_OUTER_BOUND('',#392,.T.);
#231=FACE_OUTER_BOUND('',#393,.T.);
#232=FACE_OUTER_BOUND('',#394,.T.);
#233=FACE_OUTER_BOUND('',#395,.T.);
#234=FACE_OUTER_BOUND('',#397,.T.);
#235=FACE_OUTER_BOUND('',#403,.T.);
#236=FACE_OUTER_BOUND('',#404,.T.);
#237=FACE_OUTER_BOUND('',#405,.T.);
#238=FACE_OUTER_BOUND('',#407,.T.);
#239=FACE_OUTER_BOUND('',#408,.T.);
#240=FACE_OUTER_BOUND('',#409,.T.);
#241=FACE_OUTER_BOUND('',#410,.T.);
#242=FACE_OUTER_BOUND('',#412,.T.);
#243=FACE_OUTER_BOUND('',#413,.T.);
#244=FACE_OUTER_BOUND('',#414,.T.);
#245=FACE_OUTER_BOUND('',#415,.T.);
#246=FACE_OUTER_BOUND('',#417,.T.);
#247=FACE_OUTER_BOUND('',#418,.T.);
#248=FACE_OUTER_BOUND('',#419,.T.);
#249=FACE_OUTER_BOUND('',#420,.T.);
#250=FACE_OUTER_BOUND('',#421,.T.);
#251=FACE_OUTER_BOUND('',#422,.T.);
#252=FACE_OUTER_BOUND('',#423,.T.);
#253=FACE_OUTER_BOUND('',#424,.T.);
#254=FACE_OUTER_BOUND('',#425,.T.);
#255=FACE_OUTER_BOUND('',#426,.T.);
#256=FACE_OUTER_BOUND('',#427,.T.);
#257=FACE_OUTER_BOUND('',#428,.T.);
#258=FACE_OUTER_BOUND('',#429,.T.);
#259=FACE_OUTER_BOUND('',#430,.T.);
#260=FACE_OUTER_BOUND('',#431,.T.);
#261=FACE_OUTER_BOUND('',#432,.T.);
#262=FACE_OUTER_BOUND('',#434,.T.);
#263=FACE_OUTER_BOUND('',#444,.T.);
#264=FACE_OUTER_BOUND('',#445,.T.);
#265=FACE_OUTER_BOUND('',#446,.T.);
#266=FACE_OUTER_BOUND('',#447,.T.);
#267=FACE_OUTER_BOUND('',#448,.T.);
#268=FACE_OUTER_BOUND('',#449,.T.);
#269=FACE_OUTER_BOUND('',#450,.T.);
#270=FACE_OUTER_BOUND('',#451,.T.);
#271=FACE_OUTER_BOUND('',#452,.T.);
#272=FACE_OUTER_BOUND('',#453,.T.);
#273=FACE_OUTER_BOUND('',#454,.T.);
#274=FACE_OUTER_BOUND('',#455,.T.);
#275=FACE_OUTER_BOUND('',#456,.T.);
#276=FACE_OUTER_BOUND('',#457,.T.);
#277=FACE_OUTER_BOUND('',#458,.T.);
#278=FACE_OUTER_BOUND('',#459,.T.);
#279=FACE_OUTER_BOUND('',#460,.T.);
#280=FACE_OUTER_BOUND('',#461,.T.);
#281=FACE_OUTER_BOUND('',#462,.T.);
#282=FACE_OUTER_BOUND('',#471,.T.);
#283=FACE_OUTER_BOUND('',#472,.T.);
#284=FACE_OUTER_BOUND('',#473,.T.);
#285=FACE_OUTER_BOUND('',#474,.T.);
#286=FACE_OUTER_BOUND('',#475,.T.);
#287=FACE_OUTER_BOUND('',#476,.T.);
#288=FACE_OUTER_BOUND('',#477,.T.);
#289=FACE_OUTER_BOUND('',#478,.T.);
#290=FACE_OUTER_BOUND('',#479,.T.);
#291=FACE_OUTER_BOUND('',#484,.T.);
#292=FACE_OUTER_BOUND('',#489,.T.);
#293=FACE_OUTER_BOUND('',#491,.T.);
#294=FACE_OUTER_BOUND('',#493,.T.);
#295=FACE_OUTER_BOUND('',#494,.T.);
#296=FACE_OUTER_BOUND('',#495,.T.);
#297=FACE_OUTER_BOUND('',#496,.T.);
#298=FACE_OUTER_BOUND('',#497,.T.);
#299=FACE_OUTER_BOUND('',#498,.T.);
#300=FACE_OUTER_BOUND('',#499,.T.);
#301=FACE_OUTER_BOUND('',#500,.T.);
#302=FACE_OUTER_BOUND('',#501,.T.);
#303=FACE_OUTER_BOUND('',#502,.T.);
#304=FACE_OUTER_BOUND('',#503,.T.);
#305=FACE_OUTER_BOUND('',#504,.T.);
#306=FACE_OUTER_BOUND('',#505,.T.);
#307=FACE_OUTER_BOUND('',#506,.T.);
#308=FACE_OUTER_BOUND('',#507,.T.);
#309=FACE_OUTER_BOUND('',#508,.T.);
#310=FACE_OUTER_BOUND('',#509,.T.);
#311=FACE_OUTER_BOUND('',#510,.T.);
#312=FACE_OUTER_BOUND('',#511,.T.);
#313=FACE_OUTER_BOUND('',#512,.T.);
#314=FACE_OUTER_BOUND('',#513,.T.);
#315=FACE_OUTER_BOUND('',#514,.T.);
#316=FACE_OUTER_BOUND('',#515,.T.);
#317=FACE_OUTER_BOUND('',#516,.T.);
#318=FACE_OUTER_BOUND('',#517,.T.);
#319=FACE_OUTER_BOUND('',#518,.T.);
#320=FACE_OUTER_BOUND('',#519,.T.);
#321=FACE_OUTER_BOUND('',#520,.T.);
#322=FACE_OUTER_BOUND('',#521,.T.);
#323=FACE_OUTER_BOUND('',#522,.T.);
#324=FACE_OUTER_BOUND('',#523,.T.);
#325=FACE_OUTER_BOUND('',#524,.T.);
#326=FACE_OUTER_BOUND('',#525,.T.);
#327=FACE_OUTER_BOUND('',#526,.T.);
#328=FACE_OUTER_BOUND('',#527,.T.);
#329=FACE_OUTER_BOUND('',#528,.T.);
#330=FACE_OUTER_BOUND('',#530,.T.);
#331=FACE_OUTER_BOUND('',#532,.T.);
#332=FACE_OUTER_BOUND('',#533,.T.);
#333=FACE_OUTER_BOUND('',#534,.T.);
#334=FACE_OUTER_BOUND('',#536,.T.);
#335=FACE_OUTER_BOUND('',#538,.T.);
#336=FACE_OUTER_BOUND('',#539,.T.);
#337=FACE_OUTER_BOUND('',#540,.T.);
#338=FACE_OUTER_BOUND('',#542,.T.);
#339=FACE_OUTER_BOUND('',#544,.T.);
#340=FACE_OUTER_BOUND('',#545,.T.);
#341=FACE_OUTER_BOUND('',#546,.T.);
#342=FACE_OUTER_BOUND('',#548,.T.);
#343=EDGE_LOOP('',(#1749,#1750,#1751,#1752));
#344=EDGE_LOOP('',(#1753,#1754,#1755,#1756));
#345=EDGE_LOOP('',(#1757,#1758,#1759,#1760));
#346=EDGE_LOOP('',(#1761,#1762,#1763,#1764));
#347=EDGE_LOOP('',(#1765,#1766,#1767,#1768));
#348=EDGE_LOOP('',(#1769,#1770,#1771,#1772));
#349=EDGE_LOOP('',(#1773,#1774,#1775,#1776));
#350=EDGE_LOOP('',(#1777,#1778,#1779,#1780,#1781,#1782,#1783,#1784,#1785,
#1786,#1787,#1788));
#351=EDGE_LOOP('',(#1789,#1790,#1791,#1792));
#352=EDGE_LOOP('',(#1793,#1794,#1795,#1796));
#353=EDGE_LOOP('',(#1797,#1798,#1799,#1800,#1801,#1802,#1803));
#354=EDGE_LOOP('',(#1804));
#355=EDGE_LOOP('',(#1805,#1806,#1807,#1808));
#356=EDGE_LOOP('',(#1809,#1810,#1811,#1812));
#357=EDGE_LOOP('',(#1813,#1814,#1815,#1816,#1817,#1818,#1819,#1820,#1821,
#1822,#1823,#1824));
#358=EDGE_LOOP('',(#1825,#1826,#1827,#1828));
#359=EDGE_LOOP('',(#1829,#1830,#1831,#1832));
#360=EDGE_LOOP('',(#1833,#1834,#1835,#1836));
#361=EDGE_LOOP('',(#1837,#1838,#1839,#1840));
#362=EDGE_LOOP('',(#1841,#1842,#1843,#1844));
#363=EDGE_LOOP('',(#1845));
#364=EDGE_LOOP('',(#1846,#1847,#1848,#1849,#1850,#1851,#1852,#1853));
#365=EDGE_LOOP('',(#1854,#1855,#1856,#1857));
#366=EDGE_LOOP('',(#1858,#1859,#1860,#1861));
#367=EDGE_LOOP('',(#1862,#1863,#1864,#1865));
#368=EDGE_LOOP('',(#1866,#1867,#1868,#1869));
#369=EDGE_LOOP('',(#1870,#1871,#1872,#1873));
#370=EDGE_LOOP('',(#1874,#1875,#1876,#1877));
#371=EDGE_LOOP('',(#1878,#1879,#1880,#1881));
#372=EDGE_LOOP('',(#1882,#1883,#1884,#1885));
#373=EDGE_LOOP('',(#1886,#1887,#1888,#1889));
#374=EDGE_LOOP('',(#1890,#1891,#1892,#1893,#1894,#1895));
#375=EDGE_LOOP('',(#1896));
#376=EDGE_LOOP('',(#1897,#1898,#1899,#1900));
#377=EDGE_LOOP('',(#1901,#1902,#1903,#1904));
#378=EDGE_LOOP('',(#1905,#1906,#1907,#1908));
#379=EDGE_LOOP('',(#1909,#1910,#1911,#1912));
#380=EDGE_LOOP('',(#1913,#1914,#1915,#1916));
#381=EDGE_LOOP('',(#1917,#1918,#1919,#1920,#1921,#1922));
#382=EDGE_LOOP('',(#1923));
#383=EDGE_LOOP('',(#1924,#1925,#1926,#1927));
#384=EDGE_LOOP('',(#1928,#1929,#1930,#1931));
#385=EDGE_LOOP('',(#1932,#1933,#1934,#1935));
#386=EDGE_LOOP('',(#1936,#1937,#1938,#1939,#1940,#1941));
#387=EDGE_LOOP('',(#1942));
#388=EDGE_LOOP('',(#1943,#1944,#1945,#1946));
#389=EDGE_LOOP('',(#1947,#1948,#1949,#1950));
#390=EDGE_LOOP('',(#1951,#1952,#1953,#1954));
#391=EDGE_LOOP('',(#1955,#1956,#1957,#1958));
#392=EDGE_LOOP('',(#1959,#1960,#1961,#1962));
#393=EDGE_LOOP('',(#1963,#1964,#1965,#1966));
#394=EDGE_LOOP('',(#1967,#1968,#1969,#1970));
#395=EDGE_LOOP('',(#1971));
#396=EDGE_LOOP('',(#1972));
#397=EDGE_LOOP('',(#1973,#1974,#1975,#1976,#1977,#1978,#1979,#1980));
#398=EDGE_LOOP('',(#1981,#1982,#1983,#1984));
#399=EDGE_LOOP('',(#1985));
#400=EDGE_LOOP('',(#1986));
#401=EDGE_LOOP('',(#1987));
#402=EDGE_LOOP('',(#1988));
#403=EDGE_LOOP('',(#1989,#1990,#1991,#1992));
#404=EDGE_LOOP('',(#1993,#1994,#1995,#1996));
#405=EDGE_LOOP('',(#1997));
#406=EDGE_LOOP('',(#1998));
#407=EDGE_LOOP('',(#1999));
#408=EDGE_LOOP('',(#2000,#2001,#2002,#2003));
#409=EDGE_LOOP('',(#2004,#2005,#2006,#2007));
#410=EDGE_LOOP('',(#2008));
#411=EDGE_LOOP('',(#2009));
#412=EDGE_LOOP('',(#2010));
#413=EDGE_LOOP('',(#2011,#2012,#2013,#2014));
#414=EDGE_LOOP('',(#2015,#2016,#2017,#2018));
#415=EDGE_LOOP('',(#2019));
#416=EDGE_LOOP('',(#2020));
#417=EDGE_LOOP('',(#2021));
#418=EDGE_LOOP('',(#2022,#2023,#2024,#2025));
#419=EDGE_LOOP('',(#2026,#2027,#2028,#2029));
#420=EDGE_LOOP('',(#2030,#2031,#2032,#2033));
#421=EDGE_LOOP('',(#2034,#2035,#2036,#2037));
#422=EDGE_LOOP('',(#2038,#2039,#2040,#2041));
#423=EDGE_LOOP('',(#2042,#2043,#2044,#2045));
#424=EDGE_LOOP('',(#2046,#2047,#2048,#2049));
#425=EDGE_LOOP('',(#2050,#2051,#2052,#2053));
#426=EDGE_LOOP('',(#2054,#2055,#2056));
#427=EDGE_LOOP('',(#2057));
#428=EDGE_LOOP('',(#2058,#2059,#2060,#2061));
#429=EDGE_LOOP('',(#2062,#2063,#2064,#2065));
#430=EDGE_LOOP('',(#2066,#2067,#2068,#2069));
#431=EDGE_LOOP('',(#2070,#2071,#2072,#2073));
#432=EDGE_LOOP('',(#2074,#2075,#2076,#2077));
#433=EDGE_LOOP('',(#2078));
#434=EDGE_LOOP('',(#2079,#2080,#2081,#2082));
#435=EDGE_LOOP('',(#2083,#2084,#2085));
#436=EDGE_LOOP('',(#2086,#2087,#2088));
#437=EDGE_LOOP('',(#2089,#2090,#2091));
#438=EDGE_LOOP('',(#2092,#2093,#2094));
#439=EDGE_LOOP('',(#2095,#2096,#2097,#2098,#2099,#2100,#2101,#2102));
#440=EDGE_LOOP('',(#2103));
#441=EDGE_LOOP('',(#2104));
#442=EDGE_LOOP('',(#2105));
#443=EDGE_LOOP('',(#2106));
#444=EDGE_LOOP('',(#2107,#2108,#2109,#2110));
#445=EDGE_LOOP('',(#2111,#2112,#2113,#2114));
#446=EDGE_LOOP('',(#2115,#2116,#2117,#2118));
#447=EDGE_LOOP('',(#2119,#2120,#2121));
#448=EDGE_LOOP('',(#2122,#2123,#2124,#2125));
#449=EDGE_LOOP('',(#2126,#2127,#2128,#2129));
#450=EDGE_LOOP('',(#2130,#2131,#2132,#2133));
#451=EDGE_LOOP('',(#2134,#2135,#2136,#2137));
#452=EDGE_LOOP('',(#2138,#2139,#2140,#2141));
#453=EDGE_LOOP('',(#2142,#2143,#2144,#2145));
#454=EDGE_LOOP('',(#2146,#2147,#2148));
#455=EDGE_LOOP('',(#2149,#2150,#2151));
#456=EDGE_LOOP('',(#2152,#2153,#2154,#2155));
#457=EDGE_LOOP('',(#2156,#2157,#2158,#2159));
#458=EDGE_LOOP('',(#2160,#2161,#2162,#2163));
#459=EDGE_LOOP('',(#2164,#2165,#2166,#2167));
#460=EDGE_LOOP('',(#2168,#2169,#2170,#2171));
#461=EDGE_LOOP('',(#2172,#2173,#2174,#2175));
#462=EDGE_LOOP('',(#2176,#2177,#2178,#2179,#2180,#2181,#2182,#2183,#2184,
#2185,#2186,#2187,#2188,#2189,#2190,#2191,#2192,#2193,#2194,#2195,#2196,
#2197,#2198,#2199,#2200,#2201,#2202,#2203,#2204,#2205,#2206,#2207,#2208));
#463=EDGE_LOOP('',(#2209));
#464=EDGE_LOOP('',(#2210));
#465=EDGE_LOOP('',(#2211));
#466=EDGE_LOOP('',(#2212));
#467=EDGE_LOOP('',(#2213));
#468=EDGE_LOOP('',(#2214));
#469=EDGE_LOOP('',(#2215));
#470=EDGE_LOOP('',(#2216));
#471=EDGE_LOOP('',(#2217,#2218,#2219,#2220));
#472=EDGE_LOOP('',(#2221,#2222,#2223,#2224));
#473=EDGE_LOOP('',(#2225,#2226,#2227,#2228));
#474=EDGE_LOOP('',(#2229,#2230,#2231,#2232));
#475=EDGE_LOOP('',(#2233,#2234,#2235,#2236));
#476=EDGE_LOOP('',(#2237,#2238,#2239,#2240));
#477=EDGE_LOOP('',(#2241,#2242,#2243,#2244));
#478=EDGE_LOOP('',(#2245,#2246,#2247,#2248));
#479=EDGE_LOOP('',(#2249,#2250,#2251,#2252));
#480=EDGE_LOOP('',(#2253));
#481=EDGE_LOOP('',(#2254));
#482=EDGE_LOOP('',(#2255));
#483=EDGE_LOOP('',(#2256));
#484=EDGE_LOOP('',(#2257,#2258,#2259,#2260));
#485=EDGE_LOOP('',(#2261));
#486=EDGE_LOOP('',(#2262));
#487=EDGE_LOOP('',(#2263));
#488=EDGE_LOOP('',(#2264));
#489=EDGE_LOOP('',(#2265,#2266,#2267,#2268,#2269,#2270,#2271,#2272));
#490=EDGE_LOOP('',(#2273,#2274,#2275,#2276));
#491=EDGE_LOOP('',(#2277,#2278,#2279,#2280,#2281,#2282,#2283,#2284));
#492=EDGE_LOOP('',(#2285,#2286,#2287,#2288));
#493=EDGE_LOOP('',(#2289,#2290,#2291,#2292));
#494=EDGE_LOOP('',(#2293,#2294,#2295,#2296));
#495=EDGE_LOOP('',(#2297,#2298,#2299,#2300));
#496=EDGE_LOOP('',(#2301,#2302,#2303,#2304));
#497=EDGE_LOOP('',(#2305,#2306,#2307,#2308));
#498=EDGE_LOOP('',(#2309,#2310,#2311,#2312));
#499=EDGE_LOOP('',(#2313,#2314,#2315,#2316));
#500=EDGE_LOOP('',(#2317,#2318,#2319,#2320));
#501=EDGE_LOOP('',(#2321,#2322,#2323,#2324));
#502=EDGE_LOOP('',(#2325,#2326,#2327,#2328));
#503=EDGE_LOOP('',(#2329,#2330,#2331,#2332));
#504=EDGE_LOOP('',(#2333,#2334,#2335,#2336));
#505=EDGE_LOOP('',(#2337,#2338,#2339,#2340));
#506=EDGE_LOOP('',(#2341,#2342,#2343,#2344));
#507=EDGE_LOOP('',(#2345,#2346,#2347,#2348));
#508=EDGE_LOOP('',(#2349,#2350,#2351,#2352));
#509=EDGE_LOOP('',(#2353,#2354,#2355,#2356));
#510=EDGE_LOOP('',(#2357,#2358,#2359,#2360));
#511=EDGE_LOOP('',(#2361,#2362,#2363,#2364));
#512=EDGE_LOOP('',(#2365,#2366,#2367,#2368));
#513=EDGE_LOOP('',(#2369,#2370,#2371,#2372));
#514=EDGE_LOOP('',(#2373,#2374,#2375,#2376));
#515=EDGE_LOOP('',(#2377,#2378,#2379,#2380));
#516=EDGE_LOOP('',(#2381,#2382,#2383,#2384));
#517=EDGE_LOOP('',(#2385,#2386,#2387,#2388));
#518=EDGE_LOOP('',(#2389,#2390,#2391,#2392));
#519=EDGE_LOOP('',(#2393,#2394,#2395,#2396));
#520=EDGE_LOOP('',(#2397,#2398,#2399,#2400));
#521=EDGE_LOOP('',(#2401,#2402,#2403,#2404));
#522=EDGE_LOOP('',(#2405,#2406,#2407,#2408));
#523=EDGE_LOOP('',(#2409,#2410,#2411,#2412));
#524=EDGE_LOOP('',(#2413));
#525=EDGE_LOOP('',(#2414));
#526=EDGE_LOOP('',(#2415,#2416,#2417,#2418));
#527=EDGE_LOOP('',(#2419,#2420,#2421,#2422));
#528=EDGE_LOOP('',(#2423));
#529=EDGE_LOOP('',(#2424));
#530=EDGE_LOOP('',(#2425));
#531=EDGE_LOOP('',(#2426));
#532=EDGE_LOOP('',(#2427,#2428,#2429,#2430));
#533=EDGE_LOOP('',(#2431,#2432,#2433,#2434));
#534=EDGE_LOOP('',(#2435));
#535=EDGE_LOOP('',(#2436));
#536=EDGE_LOOP('',(#2437));
#537=EDGE_LOOP('',(#2438));
#538=EDGE_LOOP('',(#2439,#2440,#2441,#2442));
#539=EDGE_LOOP('',(#2443,#2444,#2445,#2446));
#540=EDGE_LOOP('',(#2447));
#541=EDGE_LOOP('',(#2448));
#542=EDGE_LOOP('',(#2449));
#543=EDGE_LOOP('',(#2450));
#544=EDGE_LOOP('',(#2451,#2452,#2453,#2454));
#545=EDGE_LOOP('',(#2455,#2456,#2457,#2458));
#546=EDGE_LOOP('',(#2459));
#547=EDGE_LOOP('',(#2460));
#548=EDGE_LOOP('',(#2461));
#549=EDGE_LOOP('',(#2462));
#550=LINE('',#3751,#797);
#551=LINE('',#3754,#798);
#552=LINE('',#3757,#799);
#553=LINE('',#3759,#800);
#554=LINE('',#3760,#801);
#555=LINE('',#3766,#802);
#556=LINE('',#3769,#803);
#557=LINE('',#3772,#804);
#558=LINE('',#3774,#805);
#559=LINE('',#3775,#806);
#560=LINE('',#3781,#807);
#561=LINE('',#3784,#808);
#562=LINE('',#3787,#809);
#563=LINE('',#3789,#810);
#564=LINE('',#3790,#811);
#565=LINE('',#3796,#812);
#566=LINE('',#3799,#813);
#567=LINE('',#3802,#814);
#568=LINE('',#3804,#815);
#569=LINE('',#3806,#816);
#570=LINE('',#3808,#817);
#571=LINE('',#3810,#818);
#572=LINE('',#3812,#819);
#573=LINE('',#3813,#820);
#574=LINE('',#3814,#821);
#575=LINE('',#3815,#822);
#576=LINE('',#3821,#823);
#577=LINE('',#3827,#824);
#578=LINE('',#3830,#825);
#579=LINE('',#3832,#826);
#580=LINE('',#3833,#827);
#581=LINE('',#3837,#828);
#582=LINE('',#3843,#829);
#583=LINE('',#3846,#830);
#584=LINE('',#3849,#831);
#585=LINE('',#3851,#832);
#586=LINE('',#3853,#833);
#587=LINE('',#3855,#834);
#588=LINE('',#3857,#835);
#589=LINE('',#3859,#836);
#590=LINE('',#3861,#837);
#591=LINE('',#3863,#838);
#592=LINE('',#3864,#839);
#593=LINE('',#3865,#840);
#594=LINE('',#3871,#841);
#595=LINE('',#3876,#842);
#596=LINE('',#3880,#843);
#597=LINE('',#3882,#844);
#598=LINE('',#3883,#845);
#599=LINE('',#3888,#846);
#600=LINE('',#3892,#847);
#601=LINE('',#3894,#848);
#602=LINE('',#3895,#849);
#603=LINE('',#3902,#850);
#604=LINE('',#3907,#851);
#605=LINE('',#3909,#852);
#606=LINE('',#3911,#853);
#607=LINE('',#3912,#854);
#608=LINE('',#3916,#855);
#609=LINE('',#3919,#856);
#610=LINE('',#3920,#857);
#611=LINE('',#3927,#858);
#612=LINE('',#3933,#859);
#613=LINE('',#3937,#860);
#614=LINE('',#3939,#861);
#615=LINE('',#3940,#862);
#616=LINE('',#3942,#863);
#617=LINE('',#3943,#864);
#618=LINE('',#3947,#865);
#619=LINE('',#3950,#866);
#620=LINE('',#3955,#867);
#621=LINE('',#3959,#868);
#622=LINE('',#3961,#869);
#623=LINE('',#3962,#870);
#624=LINE('',#3964,#871);
#625=LINE('',#3965,#872);
#626=LINE('',#3971,#873);
#627=LINE('',#3975,#874);
#628=LINE('',#3977,#875);
#629=LINE('',#3978,#876);
#630=LINE('',#3980,#877);
#631=LINE('',#3981,#878);
#632=LINE('',#3986,#879);
#633=LINE('',#3988,#880);
#634=LINE('',#3990,#881);
#635=LINE('',#3991,#882);
#636=LINE('',#3994,#883);
#637=LINE('',#3996,#884);
#638=LINE('',#3997,#885);
#639=LINE('',#4000,#886);
#640=LINE('',#4002,#887);
#641=LINE('',#4003,#888);
#642=LINE('',#4005,#889);
#643=LINE('',#4006,#890);
#644=LINE('',#4012,#891);
#645=LINE('',#4018,#892);
#646=LINE('',#4026,#893);
#647=LINE('',#4030,#894);
#648=LINE('',#4034,#895);
#649=LINE('',#4037,#896);
#650=LINE('',#4048,#897);
#651=LINE('',#4053,#898);
#652=LINE('',#4060,#899);
#653=LINE('',#4065,#900);
#654=LINE('',#4072,#901);
#655=LINE('',#4077,#902);
#656=LINE('',#4084,#903);
#657=LINE('',#4090,#904);
#658=LINE('',#4096,#905);
#659=LINE('',#4102,#906);
#660=LINE('',#4107,#907);
#661=LINE('',#4111,#908);
#662=LINE('',#4115,#909);
#663=LINE('',#4118,#910);
#664=LINE('',#4121,#911);
#665=LINE('',#4123,#912);
#666=LINE('',#4124,#913);
#667=LINE('',#4127,#914);
#668=LINE('',#4128,#915);
#669=LINE('',#4130,#916);
#670=LINE('',#4133,#917);
#671=LINE('',#4136,#918);
#672=LINE('',#4137,#919);
#673=LINE('',#4140,#920);
#674=LINE('',#4145,#921);
#675=LINE('',#4149,#922);
#676=LINE('',#4153,#923);
#677=LINE('',#4154,#924);
#678=LINE('',#4158,#925);
#679=LINE('',#4160,#926);
#680=LINE('',#4162,#927);
#681=LINE('',#4163,#928);
#682=LINE('',#4165,#929);
#683=LINE('',#4166,#930);
#684=LINE('',#4171,#931);
#685=LINE('',#4172,#932);
#686=LINE('',#4177,#933);
#687=LINE('',#4178,#934);
#688=LINE('',#4182,#935);
#689=LINE('',#4185,#936);
#690=LINE('',#4188,#937);
#691=LINE('',#4191,#938);
#692=LINE('',#4193,#939);
#693=LINE('',#4196,#940);
#694=LINE('',#4197,#941);
#695=LINE('',#4199,#942);
#696=LINE('',#4202,#943);
#697=LINE('',#4205,#944);
#698=LINE('',#4209,#945);
#699=LINE('',#4210,#946);
#700=LINE('',#4212,#947);
#701=LINE('',#4215,#948);
#702=LINE('',#4216,#949);
#703=LINE('',#4219,#950);
#704=LINE('',#4221,#951);
#705=LINE('',#4222,#952);
#706=LINE('',#4224,#953);
#707=LINE('',#4226,#954);
#708=LINE('',#4234,#955);
#709=LINE('',#4236,#956);
#710=LINE('',#4238,#957);
#711=LINE('',#4239,#958);
#712=LINE('',#4242,#959);
#713=LINE('',#4244,#960);
#714=LINE('',#4245,#961);
#715=LINE('',#4248,#962);
#716=LINE('',#4250,#963);
#717=LINE('',#4251,#964);
#718=LINE('',#4253,#965);
#719=LINE('',#4254,#966);
#720=LINE('',#4259,#967);
#721=LINE('',#4265,#968);
#722=LINE('',#4271,#969);
#723=LINE('',#4277,#970);
#724=LINE('',#4286,#971);
#725=LINE('',#4290,#972);
#726=LINE('',#4294,#973);
#727=LINE('',#4297,#974);
#728=LINE('',#4300,#975);
#729=LINE('',#4302,#976);
#730=LINE('',#4304,#977);
#731=LINE('',#4305,#978);
#732=LINE('',#4311,#979);
#733=LINE('',#4315,#980);
#734=LINE('',#4319,#981);
#735=LINE('',#4322,#982);
#736=LINE('',#4325,#983);
#737=LINE('',#4327,#984);
#738=LINE('',#4329,#985);
#739=LINE('',#4330,#986);
#740=LINE('',#4332,#987);
#741=LINE('',#4333,#988);
#742=LINE('',#4335,#989);
#743=LINE('',#4337,#990);
#744=LINE('',#4339,#991);
#745=LINE('',#4341,#992);
#746=LINE('',#4343,#993);
#747=LINE('',#4345,#994);
#748=LINE('',#4348,#995);
#749=LINE('',#4349,#996);
#750=LINE('',#4351,#997);
#751=LINE('',#4353,#998);
#752=LINE('',#4358,#999);
#753=LINE('',#4360,#1000);
#754=LINE('',#4362,#1001);
#755=LINE('',#4363,#1002);
#756=LINE('',#4366,#1003);
#757=LINE('',#4368,#1004);
#758=LINE('',#4369,#1005);
#759=LINE('',#4372,#1006);
#760=LINE('',#4373,#1007);
#761=LINE('',#4376,#1008);
#762=LINE('',#4377,#1009);
#763=LINE('',#4379,#1010);
#764=LINE('',#4384,#1011);
#765=LINE('',#4386,#1012);
#766=LINE('',#4388,#1013);
#767=LINE('',#4389,#1014);
#768=LINE('',#4392,#1015);
#769=LINE('',#4394,#1016);
#770=LINE('',#4395,#1017);
#771=LINE('',#4398,#1018);
#772=LINE('',#4400,#1019);
#773=LINE('',#4401,#1020);
#774=LINE('',#4403,#1021);
#775=LINE('',#4404,#1022);
#776=LINE('',#4410,#1023);
#777=LINE('',#4412,#1024);
#778=LINE('',#4414,#1025);
#779=LINE('',#4415,#1026);
#780=LINE('',#4418,#1027);
#781=LINE('',#4420,#1028);
#782=LINE('',#4421,#1029);
#783=LINE('',#4424,#1030);
#784=LINE('',#4426,#1031);
#785=LINE('',#4427,#1032);
#786=LINE('',#4429,#1033);
#787=LINE('',#4430,#1034);
#788=LINE('',#4437,#1035);
#789=LINE('',#4445,#1036);
#790=LINE('',#4451,#1037);
#791=LINE('',#4459,#1038);
#792=LINE('',#4465,#1039);
#793=LINE('',#4473,#1040);
#794=LINE('',#4479,#1041);
#795=LINE('',#4487,#1042);
#796=LINE('',#4493,#1043);
#797=VECTOR('',#2970,10.);
#798=VECTOR('',#2973,10.);
#799=VECTOR('',#2976,10.);
#800=VECTOR('',#2977,10.);
#801=VECTOR('',#2978,10.);
#802=VECTOR('',#2983,10.);
#803=VECTOR('',#2986,10.);
#804=VECTOR('',#2989,10.);
#805=VECTOR('',#2990,10.);
#806=VECTOR('',#2991,10.);
#807=VECTOR('',#2996,10.);
#808=VECTOR('',#2999,10.);
#809=VECTOR('',#3002,10.);
#810=VECTOR('',#3003,10.);
#811=VECTOR('',#3004,10.);
#812=VECTOR('',#3009,10.);
#813=VECTOR('',#3012,10.);
#814=VECTOR('',#3015,10.);
#815=VECTOR('',#3016,10.);
#816=VECTOR('',#3017,10.);
#817=VECTOR('',#3018,10.);
#818=VECTOR('',#3019,10.);
#819=VECTOR('',#3020,10.);
#820=VECTOR('',#3021,10.);
#821=VECTOR('',#3022,10.);
#822=VECTOR('',#3023,10.);
#823=VECTOR('',#3030,10.);
#824=VECTOR('',#3035,10.);
#825=VECTOR('',#3038,10.);
#826=VECTOR('',#3041,10.);
#827=VECTOR('',#3042,10.);
#828=VECTOR('',#3047,10.);
#829=VECTOR('',#3052,10.);
#830=VECTOR('',#3055,10.);
#831=VECTOR('',#3058,10.);
#832=VECTOR('',#3059,10.);
#833=VECTOR('',#3060,10.);
#834=VECTOR('',#3061,10.);
#835=VECTOR('',#3062,10.);
#836=VECTOR('',#3063,10.);
#837=VECTOR('',#3064,10.);
#838=VECTOR('',#3065,10.);
#839=VECTOR('',#3066,10.);
#840=VECTOR('',#3067,10.);
#841=VECTOR('',#3074,10.);
#842=VECTOR('',#3079,10.);
#843=VECTOR('',#3084,10.);
#844=VECTOR('',#3085,10.);
#845=VECTOR('',#3086,10.);
#846=VECTOR('',#3091,10.);
#847=VECTOR('',#3096,10.);
#848=VECTOR('',#3097,10.);
#849=VECTOR('',#3098,10.);
#850=VECTOR('',#3105,10.);
#851=VECTOR('',#3110,10.);
#852=VECTOR('',#3111,10.);
#853=VECTOR('',#3112,10.);
#854=VECTOR('',#3113,10.);
#855=VECTOR('',#3118,10.);
#856=VECTOR('',#3121,10.);
#857=VECTOR('',#3122,10.);
#858=VECTOR('',#3133,4.);
#859=VECTOR('',#3140,1.5);
#860=VECTOR('',#3145,10.);
#861=VECTOR('',#3146,10.);
#862=VECTOR('',#3147,10.);
#863=VECTOR('',#3150,10.);
#864=VECTOR('',#3151,10.);
#865=VECTOR('',#3156,1.5);
#866=VECTOR('',#3161,10.);
#867=VECTOR('',#3166,1.5);
#868=VECTOR('',#3171,10.);
#869=VECTOR('',#3172,10.);
#870=VECTOR('',#3173,10.);
#871=VECTOR('',#3176,10.);
#872=VECTOR('',#3177,10.);
#873=VECTOR('',#3184,1.5);
#874=VECTOR('',#3189,10.);
#875=VECTOR('',#3190,10.);
#876=VECTOR('',#3191,10.);
#877=VECTOR('',#3194,10.);
#878=VECTOR('',#3195,10.);
#879=VECTOR('',#3200,10.);
#880=VECTOR('',#3201,10.);
#881=VECTOR('',#3202,10.);
#882=VECTOR('',#3203,10.);
#883=VECTOR('',#3206,10.);
#884=VECTOR('',#3207,10.);
#885=VECTOR('',#3208,10.);
#886=VECTOR('',#3211,10.);
#887=VECTOR('',#3212,10.);
#888=VECTOR('',#3213,10.);
#889=VECTOR('',#3216,10.);
#890=VECTOR('',#3217,10.);
#891=VECTOR('',#3224,1.25);
#892=VECTOR('',#3231,3.);
#893=VECTOR('',#3240,10.);
#894=VECTOR('',#3243,10.);
#895=VECTOR('',#3246,10.);
#896=VECTOR('',#3249,10.);
#897=VECTOR('',#3260,1.25);
#898=VECTOR('',#3267,3.);
#899=VECTOR('',#3276,1.25);
#900=VECTOR('',#3283,3.);
#901=VECTOR('',#3292,1.25);
#902=VECTOR('',#3299,3.);
#903=VECTOR('',#3308,1.25);
#904=VECTOR('',#3315,1.25);
#905=VECTOR('',#3322,1.25);
#906=VECTOR('',#3329,1.25);
#907=VECTOR('',#3334,10.);
#908=VECTOR('',#3337,10.);
#909=VECTOR('',#3342,10.);
#910=VECTOR('',#3345,10.);
#911=VECTOR('',#3348,10.);
#912=VECTOR('',#3349,10.);
#913=VECTOR('',#3350,10.);
#914=VECTOR('',#3353,10.);
#915=VECTOR('',#3354,10.);
#916=VECTOR('',#3357,10.);
#917=VECTOR('',#3362,10.);
#918=VECTOR('',#3365,10.);
#919=VECTOR('',#3366,10.);
#920=VECTOR('',#3369,10.);
#921=VECTOR('',#3374,10.);
#922=VECTOR('',#3377,10.);
#923=VECTOR('',#3382,10.);
#924=VECTOR('',#3383,10.);
#925=VECTOR('',#3386,10.);
#926=VECTOR('',#3387,10.);
#927=VECTOR('',#3388,10.);
#928=VECTOR('',#3389,10.);
#929=VECTOR('',#3390,10.);
#930=VECTOR('',#3391,10.);
#931=VECTOR('',#3394,10.);
#932=VECTOR('',#3395,10.);
#933=VECTOR('',#3398,10.);
#934=VECTOR('',#3399,10.);
#935=VECTOR('',#3402,10.);
#936=VECTOR('',#3407,10.);
#937=VECTOR('',#3410,10.);
#938=VECTOR('',#3413,10.);
#939=VECTOR('',#3416,10.);
#940=VECTOR('',#3419,10.);
#941=VECTOR('',#3420,10.);
#942=VECTOR('',#3423,10.);
#943=VECTOR('',#3426,10.);
#944=VECTOR('',#3429,10.);
#945=VECTOR('',#3434,10.);
#946=VECTOR('',#3435,10.);
#947=VECTOR('',#3438,10.);
#948=VECTOR('',#3441,10.);
#949=VECTOR('',#3442,10.);
#950=VECTOR('',#3447,10.);
#951=VECTOR('',#3450,10.);
#952=VECTOR('',#3451,10.);
#953=VECTOR('',#3454,10.);
#954=VECTOR('',#3457,10.);
#955=VECTOR('',#3468,10.);
#956=VECTOR('',#3469,10.);
#957=VECTOR('',#3470,10.);
#958=VECTOR('',#3471,10.);
#959=VECTOR('',#3474,10.);
#960=VECTOR('',#3475,10.);
#961=VECTOR('',#3476,10.);
#962=VECTOR('',#3479,10.);
#963=VECTOR('',#3480,10.);
#964=VECTOR('',#3481,10.);
#965=VECTOR('',#3484,10.);
#966=VECTOR('',#3485,10.);
#967=VECTOR('',#3490,1.49999999999999);
#968=VECTOR('',#3497,1.49999999999999);
#969=VECTOR('',#3504,1.49999999999999);
#970=VECTOR('',#3511,1.49999999999999);
#971=VECTOR('',#3522,10.);
#972=VECTOR('',#3525,10.);
#973=VECTOR('',#3528,10.);
#974=VECTOR('',#3531,10.);
#975=VECTOR('',#3532,10.);
#976=VECTOR('',#3533,10.);
#977=VECTOR('',#3534,10.);
#978=VECTOR('',#3535,10.);
#979=VECTOR('',#3540,10.);
#980=VECTOR('',#3543,10.);
#981=VECTOR('',#3546,10.);
#982=VECTOR('',#3549,10.);
#983=VECTOR('',#3550,10.);
#984=VECTOR('',#3551,10.);
#985=VECTOR('',#3552,10.);
#986=VECTOR('',#3553,10.);
#987=VECTOR('',#3556,10.);
#988=VECTOR('',#3557,10.);
#989=VECTOR('',#3560,10.);
#990=VECTOR('',#3563,10.);
#991=VECTOR('',#3566,10.);
#992=VECTOR('',#3569,10.);
#993=VECTOR('',#3572,10.);
#994=VECTOR('',#3575,10.);
#995=VECTOR('',#3580,10.);
#996=VECTOR('',#3581,10.);
#997=VECTOR('',#3584,10.);
#998=VECTOR('',#3587,10.);
#999=VECTOR('',#3592,10.);
#1000=VECTOR('',#3593,10.);
#1001=VECTOR('',#3594,10.);
#1002=VECTOR('',#3595,10.);
#1003=VECTOR('',#3598,10.);
#1004=VECTOR('',#3599,10.);
#1005=VECTOR('',#3600,10.);
#1006=VECTOR('',#3603,10.);
#1007=VECTOR('',#3604,10.);
#1008=VECTOR('',#3607,10.);
#1009=VECTOR('',#3608,10.);
#1010=VECTOR('',#3611,10.);
#1011=VECTOR('',#3616,10.);
#1012=VECTOR('',#3617,10.);
#1013=VECTOR('',#3618,10.);
#1014=VECTOR('',#3619,10.);
#1015=VECTOR('',#3622,10.);
#1016=VECTOR('',#3623,10.);
#1017=VECTOR('',#3624,10.);
#1018=VECTOR('',#3627,10.);
#1019=VECTOR('',#3628,10.);
#1020=VECTOR('',#3629,10.);
#1021=VECTOR('',#3632,10.);
#1022=VECTOR('',#3633,10.);
#1023=VECTOR('',#3640,10.);
#1024=VECTOR('',#3641,10.);
#1025=VECTOR('',#3642,10.);
#1026=VECTOR('',#3643,10.);
#1027=VECTOR('',#3646,10.);
#1028=VECTOR('',#3647,10.);
#1029=VECTOR('',#3648,10.);
#1030=VECTOR('',#3651,10.);
#1031=VECTOR('',#3652,10.);
#1032=VECTOR('',#3653,10.);
#1033=VECTOR('',#3656,10.);
#1034=VECTOR('',#3657,10.);
#1035=VECTOR('',#3666,5.625);
#1036=VECTOR('',#3677,1.5);
#1037=VECTOR('',#3684,3.);
#1038=VECTOR('',#3695,1.5);
#1039=VECTOR('',#3702,3.);
#1040=VECTOR('',#3713,1.5);
#1041=VECTOR('',#3720,3.);
#1042=VECTOR('',#3731,1.5);
#1043=VECTOR('',#3738,3.);
#1044=CIRCLE('',#2699,1.);
#1045=CIRCLE('',#2700,1.);
#1046=CIRCLE('',#2703,1.);
#1047=CIRCLE('',#2704,1.);
#1048=CIRCLE('',#2707,1.);
#1049=CIRCLE('',#2708,1.);
#1050=CIRCLE('',#2711,1.);
#1051=CIRCLE('',#2712,1.);
#1052=CIRCLE('',#2715,1.);
#1053=CIRCLE('',#2716,1.);
#1054=CIRCLE('',#2718,1.);
#1055=CIRCLE('',#2719,1.);
#1056=CIRCLE('',#2721,1.5);
#1057=CIRCLE('',#2724,1.);
#1058=CIRCLE('',#2725,1.);
#1059=CIRCLE('',#2728,1.);
#1060=CIRCLE('',#2729,1.);
#1061=CIRCLE('',#2731,1.);
#1062=CIRCLE('',#2732,1.);
#1063=CIRCLE('',#2735,2.);
#1064=CIRCLE('',#2736,2.);
#1065=CIRCLE('',#2738,4.);
#1066=CIRCLE('',#2740,2.);
#1067=CIRCLE('',#2741,2.);
#1068=CIRCLE('',#2742,2.);
#1069=CIRCLE('',#2744,2.);
#1070=CIRCLE('',#2747,2.);
#1071=CIRCLE('',#2749,2.);
#1072=CIRCLE('',#2751,4.);
#1073=CIRCLE('',#2753,1.5);
#1074=CIRCLE('',#2754,1.5);
#1075=CIRCLE('',#2759,1.5);
#1076=CIRCLE('',#2762,1.5);
#1077=CIRCLE('',#2763,1.5);
#1078=CIRCLE('',#2768,1.5);
#1079=CIRCLE('',#2769,1.5);
#1080=CIRCLE('',#2779,1.25);
#1081=CIRCLE('',#2780,1.25);
#1082=CIRCLE('',#2782,3.);
#1083=CIRCLE('',#2783,3.);
#1084=CIRCLE('',#2786,3.);
#1085=CIRCLE('',#2787,3.);
#1086=CIRCLE('',#2788,3.);
#1087=CIRCLE('',#2789,3.);
#1088=CIRCLE('',#2790,3.);
#1089=CIRCLE('',#2791,3.);
#1090=CIRCLE('',#2792,3.);
#1091=CIRCLE('',#2794,1.25);
#1092=CIRCLE('',#2795,1.25);
#1093=CIRCLE('',#2797,3.);
#1094=CIRCLE('',#2801,1.25);
#1095=CIRCLE('',#2802,1.25);
#1096=CIRCLE('',#2804,3.);
#1097=CIRCLE('',#2808,1.25);
#1098=CIRCLE('',#2809,1.25);
#1099=CIRCLE('',#2811,3.);
#1100=CIRCLE('',#2815,1.25);
#1101=CIRCLE('',#2816,1.25);
#1102=CIRCLE('',#2818,1.25);
#1103=CIRCLE('',#2819,1.25);
#1104=CIRCLE('',#2821,1.25);
#1105=CIRCLE('',#2822,1.25);
#1106=CIRCLE('',#2824,1.25);
#1107=CIRCLE('',#2825,1.25);
#1108=CIRCLE('',#2827,3.);
#1109=CIRCLE('',#2828,3.);
#1110=CIRCLE('',#2830,3.);
#1111=CIRCLE('',#2838,3.);
#1112=CIRCLE('',#2840,3.);
#1113=CIRCLE('',#2841,3.);
#1114=CIRCLE('',#2844,3.);
#1115=CIRCLE('',#2845,3.);
#1116=CIRCLE('',#2846,3.);
#1117=CIRCLE('',#2847,3.);
#1118=CIRCLE('',#2850,3.);
#1119=CIRCLE('',#2855,3.);
#1120=CIRCLE('',#2874,1.49999999999999);
#1121=CIRCLE('',#2875,1.49999999999999);
#1122=CIRCLE('',#2877,1.49999999999999);
#1123=CIRCLE('',#2878,1.49999999999999);
#1124=CIRCLE('',#2880,1.49999999999999);
#1125=CIRCLE('',#2881,1.49999999999999);
#1126=CIRCLE('',#2883,1.49999999999999);
#1127=CIRCLE('',#2884,1.49999999999999);
#1128=CIRCLE('',#2888,2.);
#1129=CIRCLE('',#2889,2.);
#1130=CIRCLE('',#2890,2.);
#1131=CIRCLE('',#2891,2.);
#1132=CIRCLE('',#2893,2.);
#1133=CIRCLE('',#2894,2.);
#1134=CIRCLE('',#2895,2.);
#1135=CIRCLE('',#2896,2.);
#1136=CIRCLE('',#2928,5.625);
#1137=CIRCLE('',#2929,5.625);
#1138=CIRCLE('',#2933,1.5);
#1139=CIRCLE('',#2934,1.5);
#1140=CIRCLE('',#2936,3.);
#1141=CIRCLE('',#2937,3.);
#1142=CIRCLE('',#2941,1.5);
#1143=CIRCLE('',#2942,1.5);
#1144=CIRCLE('',#2944,3.);
#1145=CIRCLE('',#2945,3.);
#1146=CIRCLE('',#2949,1.5);
#1147=CIRCLE('',#2950,1.5);
#1148=CIRCLE('',#2952,3.);
#1149=CIRCLE('',#2953,3.);
#1150=CIRCLE('',#2957,1.5);
#1151=CIRCLE('',#2958,1.5);
#1152=CIRCLE('',#2960,3.);
#1153=CIRCLE('',#2961,3.);
#1154=VERTEX_POINT('',#3747);
#1155=VERTEX_POINT('',#3748);
#1156=VERTEX_POINT('',#3750);
#1157=VERTEX_POINT('',#3752);
#1158=VERTEX_POINT('',#3756);
#1159=VERTEX_POINT('',#3758);
#1160=VERTEX_POINT('',#3762);
#1161=VERTEX_POINT('',#3763);
#1162=VERTEX_POINT('',#3765);
#1163=VERTEX_POINT('',#3767);
#1164=VERTEX_POINT('',#3771);
#1165=VERTEX_POINT('',#3773);
#1166=VERTEX_POINT('',#3777);
#1167=VERTEX_POINT('',#3778);
#1168=VERTEX_POINT('',#3780);
#1169=VERTEX_POINT('',#3782);
#1170=VERTEX_POINT('',#3786);
#1171=VERTEX_POINT('',#3788);
#1172=VERTEX_POINT('',#3792);
#1173=VERTEX_POINT('',#3793);
#1174=VERTEX_POINT('',#3795);
#1175=VERTEX_POINT('',#3797);
#1176=VERTEX_POINT('',#3801);
#1177=VERTEX_POINT('',#3803);
#1178=VERTEX_POINT('',#3805);
#1179=VERTEX_POINT('',#3807);
#1180=VERTEX_POINT('',#3809);
#1181=VERTEX_POINT('',#3811);
#1182=VERTEX_POINT('',#3817);
#1183=VERTEX_POINT('',#3819);
#1184=VERTEX_POINT('',#3823);
#1185=VERTEX_POINT('',#3824);
#1186=VERTEX_POINT('',#3826);
#1187=VERTEX_POINT('',#3828);
#1188=VERTEX_POINT('',#3834);
#1189=VERTEX_POINT('',#3839);
#1190=VERTEX_POINT('',#3840);
#1191=VERTEX_POINT('',#3842);
#1192=VERTEX_POINT('',#3844);
#1193=VERTEX_POINT('',#3848);
#1194=VERTEX_POINT('',#3850);
#1195=VERTEX_POINT('',#3852);
#1196=VERTEX_POINT('',#3854);
#1197=VERTEX_POINT('',#3856);
#1198=VERTEX_POINT('',#3858);
#1199=VERTEX_POINT('',#3860);
#1200=VERTEX_POINT('',#3862);
#1201=VERTEX_POINT('',#3867);
#1202=VERTEX_POINT('',#3869);
#1203=VERTEX_POINT('',#3873);
#1204=VERTEX_POINT('',#3875);
#1205=VERTEX_POINT('',#3879);
#1206=VERTEX_POINT('',#3881);
#1207=VERTEX_POINT('',#3885);
#1208=VERTEX_POINT('',#3887);
#1209=VERTEX_POINT('',#3891);
#1210=VERTEX_POINT('',#3893);
#1211=VERTEX_POINT('',#3896);
#1212=VERTEX_POINT('',#3899);
#1213=VERTEX_POINT('',#3901);
#1214=VERTEX_POINT('',#3905);
#1215=VERTEX_POINT('',#3906);
#1216=VERTEX_POINT('',#3908);
#1217=VERTEX_POINT('',#3910);
#1218=VERTEX_POINT('',#3914);
#1219=VERTEX_POINT('',#3918);
#1220=VERTEX_POINT('',#3926);
#1221=VERTEX_POINT('',#3930);
#1222=VERTEX_POINT('',#3932);
#1223=VERTEX_POINT('',#3936);
#1224=VERTEX_POINT('',#3938);
#1225=VERTEX_POINT('',#3946);
#1226=VERTEX_POINT('',#3952);
#1227=VERTEX_POINT('',#3954);
#1228=VERTEX_POINT('',#3958);
#1229=VERTEX_POINT('',#3960);
#1230=VERTEX_POINT('',#3968);
#1231=VERTEX_POINT('',#3970);
#1232=VERTEX_POINT('',#3974);
#1233=VERTEX_POINT('',#3976);
#1234=VERTEX_POINT('',#3984);
#1235=VERTEX_POINT('',#3985);
#1236=VERTEX_POINT('',#3987);
#1237=VERTEX_POINT('',#3989);
#1238=VERTEX_POINT('',#3993);
#1239=VERTEX_POINT('',#3995);
#1240=VERTEX_POINT('',#3999);
#1241=VERTEX_POINT('',#4001);
#1242=VERTEX_POINT('',#4009);
#1243=VERTEX_POINT('',#4011);
#1244=VERTEX_POINT('',#4015);
#1245=VERTEX_POINT('',#4017);
#1246=VERTEX_POINT('',#4022);
#1247=VERTEX_POINT('',#4023);
#1248=VERTEX_POINT('',#4025);
#1249=VERTEX_POINT('',#4027);
#1250=VERTEX_POINT('',#4029);
#1251=VERTEX_POINT('',#4031);
#1252=VERTEX_POINT('',#4033);
#1253=VERTEX_POINT('',#4035);
#1254=VERTEX_POINT('',#4038);
#1255=VERTEX_POINT('',#4040);
#1256=VERTEX_POINT('',#4042);
#1257=VERTEX_POINT('',#4045);
#1258=VERTEX_POINT('',#4047);
#1259=VERTEX_POINT('',#4051);
#1260=VERTEX_POINT('',#4057);
#1261=VERTEX_POINT('',#4059);
#1262=VERTEX_POINT('',#4063);
#1263=VERTEX_POINT('',#4069);
#1264=VERTEX_POINT('',#4071);
#1265=VERTEX_POINT('',#4075);
#1266=VERTEX_POINT('',#4081);
#1267=VERTEX_POINT('',#4083);
#1268=VERTEX_POINT('',#4087);
#1269=VERTEX_POINT('',#4089);
#1270=VERTEX_POINT('',#4093);
#1271=VERTEX_POINT('',#4095);
#1272=VERTEX_POINT('',#4099);
#1273=VERTEX_POINT('',#4101);
#1274=VERTEX_POINT('',#4105);
#1275=VERTEX_POINT('',#4106);
#1276=VERTEX_POINT('',#4108);
#1277=VERTEX_POINT('',#4110);
#1278=VERTEX_POINT('',#4114);
#1279=VERTEX_POINT('',#4116);
#1280=VERTEX_POINT('',#4120);
#1281=VERTEX_POINT('',#4122);
#1282=VERTEX_POINT('',#4126);
#1283=VERTEX_POINT('',#4135);
#1284=VERTEX_POINT('',#4139);
#1285=VERTEX_POINT('',#4143);
#1286=VERTEX_POINT('',#4144);
#1287=VERTEX_POINT('',#4146);
#1288=VERTEX_POINT('',#4148);
#1289=VERTEX_POINT('',#4152);
#1290=VERTEX_POINT('',#4156);
#1291=VERTEX_POINT('',#4157);
#1292=VERTEX_POINT('',#4159);
#1293=VERTEX_POINT('',#4161);
#1294=VERTEX_POINT('',#4164);
#1295=VERTEX_POINT('',#4167);
#1296=VERTEX_POINT('',#4168);
#1297=VERTEX_POINT('',#4170);
#1298=VERTEX_POINT('',#4173);
#1299=VERTEX_POINT('',#4174);
#1300=VERTEX_POINT('',#4176);
#1301=VERTEX_POINT('',#4179);
#1302=VERTEX_POINT('',#4181);
#1303=VERTEX_POINT('',#4187);
#1304=VERTEX_POINT('',#4189);
#1305=VERTEX_POINT('',#4195);
#1306=VERTEX_POINT('',#4201);
#1307=VERTEX_POINT('',#4203);
#1308=VERTEX_POINT('',#4208);
#1309=VERTEX_POINT('',#4214);
#1310=VERTEX_POINT('',#4232);
#1311=VERTEX_POINT('',#4233);
#1312=VERTEX_POINT('',#4235);
#1313=VERTEX_POINT('',#4237);
#1314=VERTEX_POINT('',#4241);
#1315=VERTEX_POINT('',#4243);
#1316=VERTEX_POINT('',#4247);
#1317=VERTEX_POINT('',#4249);
#1318=VERTEX_POINT('',#4256);
#1319=VERTEX_POINT('',#4258);
#1320=VERTEX_POINT('',#4262);
#1321=VERTEX_POINT('',#4264);
#1322=VERTEX_POINT('',#4268);
#1323=VERTEX_POINT('',#4270);
#1324=VERTEX_POINT('',#4274);
#1325=VERTEX_POINT('',#4276);
#1326=VERTEX_POINT('',#4282);
#1327=VERTEX_POINT('',#4283);
#1328=VERTEX_POINT('',#4285);
#1329=VERTEX_POINT('',#4287);
#1330=VERTEX_POINT('',#4289);
#1331=VERTEX_POINT('',#4291);
#1332=VERTEX_POINT('',#4293);
#1333=VERTEX_POINT('',#4295);
#1334=VERTEX_POINT('',#4298);
#1335=VERTEX_POINT('',#4299);
#1336=VERTEX_POINT('',#4301);
#1337=VERTEX_POINT('',#4303);
#1338=VERTEX_POINT('',#4307);
#1339=VERTEX_POINT('',#4308);
#1340=VERTEX_POINT('',#4310);
#1341=VERTEX_POINT('',#4312);
#1342=VERTEX_POINT('',#4314);
#1343=VERTEX_POINT('',#4316);
#1344=VERTEX_POINT('',#4318);
#1345=VERTEX_POINT('',#4320);
#1346=VERTEX_POINT('',#4323);
#1347=VERTEX_POINT('',#4324);
#1348=VERTEX_POINT('',#4326);
#1349=VERTEX_POINT('',#4328);
#1350=VERTEX_POINT('',#4356);
#1351=VERTEX_POINT('',#4357);
#1352=VERTEX_POINT('',#4359);
#1353=VERTEX_POINT('',#4361);
#1354=VERTEX_POINT('',#4365);
#1355=VERTEX_POINT('',#4367);
#1356=VERTEX_POINT('',#4371);
#1357=VERTEX_POINT('',#4375);
#1358=VERTEX_POINT('',#4382);
#1359=VERTEX_POINT('',#4383);
#1360=VERTEX_POINT('',#4385);
#1361=VERTEX_POINT('',#4387);
#1362=VERTEX_POINT('',#4391);
#1363=VERTEX_POINT('',#4393);
#1364=VERTEX_POINT('',#4397);
#1365=VERTEX_POINT('',#4399);
#1366=VERTEX_POINT('',#4408);
#1367=VERTEX_POINT('',#4409);
#1368=VERTEX_POINT('',#4411);
#1369=VERTEX_POINT('',#4413);
#1370=VERTEX_POINT('',#4417);
#1371=VERTEX_POINT('',#4419);
#1372=VERTEX_POINT('',#4423);
#1373=VERTEX_POINT('',#4425);
#1374=VERTEX_POINT('',#4434);
#1375=VERTEX_POINT('',#4436);
#1376=VERTEX_POINT('',#4442);
#1377=VERTEX_POINT('',#4444);
#1378=VERTEX_POINT('',#4448);
#1379=VERTEX_POINT('',#4450);
#1380=VERTEX_POINT('',#4456);
#1381=VERTEX_POINT('',#4458);
#1382=VERTEX_POINT('',#4462);
#1383=VERTEX_POINT('',#4464);
#1384=VERTEX_POINT('',#4470);
#1385=VERTEX_POINT('',#4472);
#1386=VERTEX_POINT('',#4476);
#1387=VERTEX_POINT('',#4478);
#1388=VERTEX_POINT('',#4484);
#1389=VERTEX_POINT('',#4486);
#1390=VERTEX_POINT('',#4490);
#1391=VERTEX_POINT('',#4492);
#1392=EDGE_CURVE('',#1154,#1155,#1044,.T.);
#1393=EDGE_CURVE('',#1155,#1156,#550,.T.);
#1394=EDGE_CURVE('',#1156,#1157,#1045,.T.);
#1395=EDGE_CURVE('',#1157,#1154,#551,.T.);
#1396=EDGE_CURVE('',#1158,#1155,#552,.T.);
#1397=EDGE_CURVE('',#1159,#1158,#553,.T.);
#1398=EDGE_CURVE('',#1159,#1156,#554,.T.);
#1399=EDGE_CURVE('',#1160,#1161,#1046,.T.);
#1400=EDGE_CURVE('',#1161,#1162,#555,.T.);
#1401=EDGE_CURVE('',#1162,#1163,#1047,.T.);
#1402=EDGE_CURVE('',#1163,#1160,#556,.T.);
#1403=EDGE_CURVE('',#1164,#1161,#557,.T.);
#1404=EDGE_CURVE('',#1165,#1164,#558,.T.);
#1405=EDGE_CURVE('',#1162,#1165,#559,.T.);
#1406=EDGE_CURVE('',#1166,#1167,#1048,.T.);
#1407=EDGE_CURVE('',#1167,#1168,#560,.T.);
#1408=EDGE_CURVE('',#1168,#1169,#1049,.T.);
#1409=EDGE_CURVE('',#1169,#1166,#561,.T.);
#1410=EDGE_CURVE('',#1170,#1167,#562,.T.);
#1411=EDGE_CURVE('',#1171,#1170,#563,.T.);
#1412=EDGE_CURVE('',#1171,#1168,#564,.T.);
#1413=EDGE_CURVE('',#1172,#1173,#1050,.T.);
#1414=EDGE_CURVE('',#1173,#1174,#565,.T.);
#1415=EDGE_CURVE('',#1174,#1175,#1051,.T.);
#1416=EDGE_CURVE('',#1175,#1172,#566,.T.);
#1417=EDGE_CURVE('',#1163,#1176,#567,.T.);
#1418=EDGE_CURVE('',#1177,#1176,#568,.T.);
#1419=EDGE_CURVE('',#1178,#1177,#569,.T.);
#1420=EDGE_CURVE('',#1179,#1178,#570,.T.);
#1421=EDGE_CURVE('',#1179,#1180,#571,.T.);
#1422=EDGE_CURVE('',#1181,#1180,#572,.T.);
#1423=EDGE_CURVE('',#1181,#1166,#573,.T.);
#1424=EDGE_CURVE('',#1169,#1174,#574,.T.);
#1425=EDGE_CURVE('',#1173,#1160,#575,.T.);
#1426=EDGE_CURVE('',#1182,#1181,#1052,.T.);
#1427=EDGE_CURVE('',#1180,#1183,#1053,.T.);
#1428=EDGE_CURVE('',#1183,#1182,#576,.T.);
#1429=EDGE_CURVE('',#1184,#1185,#1054,.T.);
#1430=EDGE_CURVE('',#1185,#1186,#577,.T.);
#1431=EDGE_CURVE('',#1186,#1187,#1055,.T.);
#1432=EDGE_CURVE('',#1187,#1184,#578,.T.);
#1433=EDGE_CURVE('',#1184,#1170,#579,.T.);
#1434=EDGE_CURVE('',#1182,#1185,#580,.T.);
#1435=EDGE_CURVE('',#1188,#1188,#1056,.T.);
#1436=EDGE_CURVE('',#1187,#1171,#581,.T.);
#1437=EDGE_CURVE('',#1189,#1190,#1057,.T.);
#1438=EDGE_CURVE('',#1190,#1191,#582,.T.);
#1439=EDGE_CURVE('',#1191,#1192,#1058,.T.);
#1440=EDGE_CURVE('',#1192,#1189,#583,.T.);
#1441=EDGE_CURVE('',#1157,#1193,#584,.T.);
#1442=EDGE_CURVE('',#1194,#1193,#585,.T.);
#1443=EDGE_CURVE('',#1194,#1195,#586,.T.);
#1444=EDGE_CURVE('',#1196,#1195,#587,.T.);
#1445=EDGE_CURVE('',#1196,#1197,#588,.T.);
#1446=EDGE_CURVE('',#1198,#1197,#589,.T.);
#1447=EDGE_CURVE('',#1199,#1198,#590,.T.);
#1448=EDGE_CURVE('',#1200,#1199,#591,.T.);
#1449=EDGE_CURVE('',#1200,#1191,#592,.T.);
#1450=EDGE_CURVE('',#1190,#1154,#593,.T.);
#1451=EDGE_CURVE('',#1201,#1194,#1059,.T.);
#1452=EDGE_CURVE('',#1193,#1202,#1060,.T.);
#1453=EDGE_CURVE('',#1202,#1201,#594,.T.);
#1454=EDGE_CURVE('',#1195,#1203,#1061,.T.);
#1455=EDGE_CURVE('',#1203,#1204,#595,.T.);
#1456=EDGE_CURVE('',#1204,#1196,#1062,.T.);
#1457=EDGE_CURVE('',#1205,#1203,#596,.T.);
#1458=EDGE_CURVE('',#1206,#1205,#597,.T.);
#1459=EDGE_CURVE('',#1204,#1206,#598,.T.);
#1460=EDGE_CURVE('',#1178,#1207,#1063,.T.);
#1461=EDGE_CURVE('',#1207,#1208,#599,.T.);
#1462=EDGE_CURVE('',#1208,#1179,#1064,.T.);
#1463=EDGE_CURVE('',#1209,#1207,#600,.T.);
#1464=EDGE_CURVE('',#1210,#1209,#601,.T.);
#1465=EDGE_CURVE('',#1210,#1208,#602,.T.);
#1466=EDGE_CURVE('',#1211,#1211,#1065,.T.);
#1467=EDGE_CURVE('',#1212,#1177,#1066,.T.);
#1468=EDGE_CURVE('',#1212,#1213,#603,.T.);
#1469=EDGE_CURVE('',#1199,#1213,#1067,.T.);
#1470=EDGE_CURVE('',#1209,#1198,#1068,.T.);
#1471=EDGE_CURVE('',#1214,#1215,#604,.T.);
#1472=EDGE_CURVE('',#1215,#1216,#605,.T.);
#1473=EDGE_CURVE('',#1216,#1217,#606,.T.);
#1474=EDGE_CURVE('',#1217,#1214,#607,.T.);
#1475=EDGE_CURVE('',#1176,#1218,#1069,.T.);
#1476=EDGE_CURVE('',#1218,#1212,#608,.T.);
#1477=EDGE_CURVE('',#1218,#1219,#609,.T.);
#1478=EDGE_CURVE('',#1213,#1219,#610,.T.);
#1479=EDGE_CURVE('',#1219,#1200,#1070,.T.);
#1480=EDGE_CURVE('',#1197,#1210,#1071,.T.);
#1481=EDGE_CURVE('',#1211,#1220,#611,.T.);
#1482=EDGE_CURVE('',#1220,#1220,#1072,.T.);
#1483=EDGE_CURVE('',#1221,#1221,#1073,.T.);
#1484=EDGE_CURVE('',#1221,#1222,#612,.T.);
#1485=EDGE_CURVE('',#1222,#1222,#1074,.T.);
#1486=EDGE_CURVE('',#1206,#1223,#613,.T.);
#1487=EDGE_CURVE('',#1224,#1205,#614,.T.);
#1488=EDGE_CURVE('',#1223,#1224,#615,.T.);
#1489=EDGE_CURVE('',#1223,#1202,#616,.T.);
#1490=EDGE_CURVE('',#1201,#1224,#617,.T.);
#1491=EDGE_CURVE('',#1188,#1225,#618,.T.);
#1492=EDGE_CURVE('',#1225,#1225,#1075,.T.);
#1493=EDGE_CURVE('',#1183,#1186,#619,.T.);
#1494=EDGE_CURVE('',#1226,#1226,#1076,.T.);
#1495=EDGE_CURVE('',#1226,#1227,#620,.T.);
#1496=EDGE_CURVE('',#1227,#1227,#1077,.T.);
#1497=EDGE_CURVE('',#1228,#1159,#621,.T.);
#1498=EDGE_CURVE('',#1229,#1158,#622,.T.);
#1499=EDGE_CURVE('',#1228,#1229,#623,.T.);
#1500=EDGE_CURVE('',#1192,#1228,#624,.T.);
#1501=EDGE_CURVE('',#1189,#1229,#625,.T.);
#1502=EDGE_CURVE('',#1230,#1230,#1078,.T.);
#1503=EDGE_CURVE('',#1230,#1231,#626,.T.);
#1504=EDGE_CURVE('',#1231,#1231,#1079,.T.);
#1505=EDGE_CURVE('',#1232,#1175,#627,.T.);
#1506=EDGE_CURVE('',#1232,#1233,#628,.T.);
#1507=EDGE_CURVE('',#1172,#1233,#629,.T.);
#1508=EDGE_CURVE('',#1165,#1232,#630,.T.);
#1509=EDGE_CURVE('',#1233,#1164,#631,.T.);
#1510=EDGE_CURVE('',#1234,#1235,#632,.T.);
#1511=EDGE_CURVE('',#1234,#1236,#633,.T.);
#1512=EDGE_CURVE('',#1237,#1236,#634,.T.);
#1513=EDGE_CURVE('',#1235,#1237,#635,.T.);
#1514=EDGE_CURVE('',#1235,#1238,#636,.T.);
#1515=EDGE_CURVE('',#1239,#1237,#637,.T.);
#1516=EDGE_CURVE('',#1238,#1239,#638,.T.);
#1517=EDGE_CURVE('',#1238,#1240,#639,.T.);
#1518=EDGE_CURVE('',#1241,#1239,#640,.T.);
#1519=EDGE_CURVE('',#1240,#1241,#641,.T.);
#1520=EDGE_CURVE('',#1240,#1234,#642,.T.);
#1521=EDGE_CURVE('',#1236,#1241,#643,.T.);
#1522=EDGE_CURVE('',#1242,#1242,#1080,.T.);
#1523=EDGE_CURVE('',#1242,#1243,#644,.T.);
#1524=EDGE_CURVE('',#1243,#1243,#1081,.T.);
#1525=EDGE_CURVE('',#1244,#1244,#1082,.T.);
#1526=EDGE_CURVE('',#1244,#1245,#645,.T.);
#1527=EDGE_CURVE('',#1245,#1245,#1083,.T.);
#1528=EDGE_CURVE('',#1246,#1247,#1084,.T.);
#1529=EDGE_CURVE('',#1248,#1247,#646,.T.);
#1530=EDGE_CURVE('',#1248,#1249,#1085,.T.);
#1531=EDGE_CURVE('',#1250,#1249,#647,.T.);
#1532=EDGE_CURVE('',#1250,#1251,#1086,.T.);
#1533=EDGE_CURVE('',#1252,#1251,#648,.T.);
#1534=EDGE_CURVE('',#1252,#1253,#1087,.T.);
#1535=EDGE_CURVE('',#1246,#1253,#649,.T.);
#1536=EDGE_CURVE('',#1254,#1254,#1088,.T.);
#1537=EDGE_CURVE('',#1255,#1255,#1089,.T.);
#1538=EDGE_CURVE('',#1256,#1256,#1090,.T.);
#1539=EDGE_CURVE('',#1257,#1257,#1091,.T.);
#1540=EDGE_CURVE('',#1257,#1258,#650,.T.);
#1541=EDGE_CURVE('',#1258,#1258,#1092,.T.);
#1542=EDGE_CURVE('',#1259,#1259,#1093,.T.);
#1543=EDGE_CURVE('',#1259,#1254,#651,.T.);
#1544=EDGE_CURVE('',#1260,#1260,#1094,.T.);
#1545=EDGE_CURVE('',#1260,#1261,#652,.T.);
#1546=EDGE_CURVE('',#1261,#1261,#1095,.T.);
#1547=EDGE_CURVE('',#1262,#1262,#1096,.T.);
#1548=EDGE_CURVE('',#1262,#1256,#653,.T.);
#1549=EDGE_CURVE('',#1263,#1263,#1097,.T.);
#1550=EDGE_CURVE('',#1263,#1264,#654,.T.);
#1551=EDGE_CURVE('',#1264,#1264,#1098,.T.);
#1552=EDGE_CURVE('',#1265,#1265,#1099,.T.);
#1553=EDGE_CURVE('',#1265,#1255,#655,.T.);
#1554=EDGE_CURVE('',#1266,#1266,#1100,.T.);
#1555=EDGE_CURVE('',#1266,#1267,#656,.T.);
#1556=EDGE_CURVE('',#1267,#1267,#1101,.T.);
#1557=EDGE_CURVE('',#1268,#1268,#1102,.T.);
#1558=EDGE_CURVE('',#1268,#1269,#657,.T.);
#1559=EDGE_CURVE('',#1269,#1269,#1103,.T.);
#1560=EDGE_CURVE('',#1270,#1270,#1104,.T.);
#1561=EDGE_CURVE('',#1270,#1271,#658,.T.);
#1562=EDGE_CURVE('',#1271,#1271,#1105,.T.);
#1563=EDGE_CURVE('',#1272,#1272,#1106,.T.);
#1564=EDGE_CURVE('',#1272,#1273,#659,.T.);
#1565=EDGE_CURVE('',#1273,#1273,#1107,.T.);
#1566=EDGE_CURVE('',#1274,#1275,#660,.T.);
#1567=EDGE_CURVE('',#1276,#1274,#1108,.T.);
#1568=EDGE_CURVE('',#1277,#1276,#661,.T.);
#1569=EDGE_CURVE('',#1275,#1277,#1109,.T.);
#1570=EDGE_CURVE('',#1278,#1246,#662,.T.);
#1571=EDGE_CURVE('',#1279,#1278,#1110,.T.);
#1572=EDGE_CURVE('',#1247,#1279,#663,.T.);
#1573=EDGE_CURVE('',#1275,#1280,#664,.T.);
#1574=EDGE_CURVE('',#1281,#1280,#665,.F.);
#1575=EDGE_CURVE('',#1281,#1274,#666,.T.);
#1576=EDGE_CURVE('',#1253,#1282,#667,.T.);
#1577=EDGE_CURVE('',#1282,#1278,#668,.T.);
#1578=EDGE_CURVE('',#1276,#1281,#669,.T.);
#1579=EDGE_CURVE('',#1280,#1277,#670,.T.);
#1580=EDGE_CURVE('',#1279,#1283,#671,.T.);
#1581=EDGE_CURVE('',#1283,#1248,#672,.T.);
#1582=EDGE_CURVE('',#1284,#1252,#673,.T.);
#1583=EDGE_CURVE('',#1282,#1284,#1111,.T.);
#1584=EDGE_CURVE('',#1285,#1286,#674,.T.);
#1585=EDGE_CURVE('',#1287,#1285,#1112,.T.);
#1586=EDGE_CURVE('',#1288,#1287,#675,.T.);
#1587=EDGE_CURVE('',#1286,#1288,#1113,.T.);
#1588=EDGE_CURVE('',#1251,#1289,#676,.T.);
#1589=EDGE_CURVE('',#1289,#1284,#677,.T.);
#1590=EDGE_CURVE('',#1290,#1291,#678,.T.);
#1591=EDGE_CURVE('',#1292,#1290,#679,.T.);
#1592=EDGE_CURVE('',#1293,#1292,#680,.T.);
#1593=EDGE_CURVE('',#1291,#1293,#681,.T.);
#1594=EDGE_CURVE('',#1294,#1288,#682,.T.);
#1595=EDGE_CURVE('',#1286,#1294,#683,.T.);
#1596=EDGE_CURVE('',#1295,#1296,#1114,.T.);
#1597=EDGE_CURVE('',#1297,#1296,#684,.T.);
#1598=EDGE_CURVE('',#1295,#1297,#685,.T.);
#1599=EDGE_CURVE('',#1298,#1299,#1115,.T.);
#1600=EDGE_CURVE('',#1300,#1299,#686,.T.);
#1601=EDGE_CURVE('',#1298,#1300,#687,.T.);
#1602=EDGE_CURVE('',#1289,#1301,#1116,.T.);
#1603=EDGE_CURVE('',#1302,#1301,#688,.T.);
#1604=EDGE_CURVE('',#1302,#1283,#1117,.T.);
#1605=EDGE_CURVE('',#1301,#1250,#689,.T.);
#1606=EDGE_CURVE('',#1303,#1298,#690,.T.);
#1607=EDGE_CURVE('',#1304,#1303,#1118,.T.);
#1608=EDGE_CURVE('',#1299,#1304,#691,.T.);
#1609=EDGE_CURVE('',#1249,#1302,#692,.T.);
#1610=EDGE_CURVE('',#1305,#1285,#693,.T.);
#1611=EDGE_CURVE('',#1287,#1305,#694,.T.);
#1612=EDGE_CURVE('',#1305,#1294,#695,.F.);
#1613=EDGE_CURVE('',#1306,#1295,#696,.T.);
#1614=EDGE_CURVE('',#1307,#1306,#1119,.T.);
#1615=EDGE_CURVE('',#1296,#1307,#697,.T.);
#1616=EDGE_CURVE('',#1308,#1297,#698,.F.);
#1617=EDGE_CURVE('',#1308,#1306,#699,.T.);
#1618=EDGE_CURVE('',#1307,#1308,#700,.T.);
#1619=EDGE_CURVE('',#1309,#1300,#701,.T.);
#1620=EDGE_CURVE('',#1309,#1303,#702,.T.);
#1621=EDGE_CURVE('',#1304,#1309,#703,.T.);
#1622=EDGE_CURVE('',#1214,#1292,#704,.T.);
#1623=EDGE_CURVE('',#1215,#1290,#705,.T.);
#1624=EDGE_CURVE('',#1217,#1293,#706,.T.);
#1625=EDGE_CURVE('',#1216,#1291,#707,.T.);
#1626=EDGE_CURVE('',#1310,#1311,#708,.T.);
#1627=EDGE_CURVE('',#1312,#1310,#709,.T.);
#1628=EDGE_CURVE('',#1312,#1313,#710,.T.);
#1629=EDGE_CURVE('',#1313,#1311,#711,.T.);
#1630=EDGE_CURVE('',#1311,#1314,#712,.T.);
#1631=EDGE_CURVE('',#1313,#1315,#713,.T.);
#1632=EDGE_CURVE('',#1315,#1314,#714,.T.);
#1633=EDGE_CURVE('',#1314,#1316,#715,.T.);
#1634=EDGE_CURVE('',#1315,#1317,#716,.T.);
#1635=EDGE_CURVE('',#1317,#1316,#717,.T.);
#1636=EDGE_CURVE('',#1316,#1310,#718,.T.);
#1637=EDGE_CURVE('',#1317,#1312,#719,.T.);
#1638=EDGE_CURVE('',#1318,#1318,#1120,.T.);
#1639=EDGE_CURVE('',#1318,#1319,#720,.T.);
#1640=EDGE_CURVE('',#1319,#1319,#1121,.T.);
#1641=EDGE_CURVE('',#1320,#1320,#1122,.T.);
#1642=EDGE_CURVE('',#1320,#1321,#721,.T.);
#1643=EDGE_CURVE('',#1321,#1321,#1123,.T.);
#1644=EDGE_CURVE('',#1322,#1322,#1124,.T.);
#1645=EDGE_CURVE('',#1322,#1323,#722,.T.);
#1646=EDGE_CURVE('',#1323,#1323,#1125,.T.);
#1647=EDGE_CURVE('',#1324,#1324,#1126,.T.);
#1648=EDGE_CURVE('',#1324,#1325,#723,.T.);
#1649=EDGE_CURVE('',#1325,#1325,#1127,.T.);
#1650=EDGE_CURVE('',#1326,#1327,#1128,.T.);
#1651=EDGE_CURVE('',#1328,#1327,#724,.T.);
#1652=EDGE_CURVE('',#1328,#1329,#1129,.T.);
#1653=EDGE_CURVE('',#1330,#1329,#725,.T.);
#1654=EDGE_CURVE('',#1330,#1331,#1130,.T.);
#1655=EDGE_CURVE('',#1332,#1331,#726,.T.);
#1656=EDGE_CURVE('',#1332,#1333,#1131,.T.);
#1657=EDGE_CURVE('',#1326,#1333,#727,.T.);
#1658=EDGE_CURVE('',#1334,#1335,#728,.T.);
#1659=EDGE_CURVE('',#1336,#1334,#729,.T.);
#1660=EDGE_CURVE('',#1337,#1336,#730,.T.);
#1661=EDGE_CURVE('',#1335,#1337,#731,.T.);
#1662=EDGE_CURVE('',#1338,#1339,#1132,.T.);
#1663=EDGE_CURVE('',#1339,#1340,#732,.T.);
#1664=EDGE_CURVE('',#1340,#1341,#1133,.T.);
#1665=EDGE_CURVE('',#1341,#1342,#733,.T.);
#1666=EDGE_CURVE('',#1342,#1343,#1134,.T.);
#1667=EDGE_CURVE('',#1343,#1344,#734,.T.);
#1668=EDGE_CURVE('',#1344,#1345,#1135,.T.);
#1669=EDGE_CURVE('',#1345,#1338,#735,.T.);
#1670=EDGE_CURVE('',#1346,#1347,#736,.T.);
#1671=EDGE_CURVE('',#1347,#1348,#737,.T.);
#1672=EDGE_CURVE('',#1348,#1349,#738,.T.);
#1673=EDGE_CURVE('',#1349,#1346,#739,.T.);
#1674=EDGE_CURVE('',#1326,#1339,#740,.T.);
#1675=EDGE_CURVE('',#1327,#1338,#741,.T.);
#1676=EDGE_CURVE('',#1333,#1340,#742,.T.);
#1677=EDGE_CURVE('',#1332,#1341,#743,.T.);
#1678=EDGE_CURVE('',#1331,#1342,#744,.T.);
#1679=EDGE_CURVE('',#1330,#1343,#745,.T.);
#1680=EDGE_CURVE('',#1329,#1344,#746,.T.);
#1681=EDGE_CURVE('',#1328,#1345,#747,.T.);
#1682=EDGE_CURVE('',#1334,#1347,#748,.T.);
#1683=EDGE_CURVE('',#1336,#1346,#749,.T.);
#1684=EDGE_CURVE('',#1335,#1348,#750,.T.);
#1685=EDGE_CURVE('',#1337,#1349,#751,.T.);
#1686=EDGE_CURVE('',#1350,#1351,#752,.T.);
#1687=EDGE_CURVE('',#1352,#1350,#753,.T.);
#1688=EDGE_CURVE('',#1353,#1352,#754,.T.);
#1689=EDGE_CURVE('',#1351,#1353,#755,.T.);
#1690=EDGE_CURVE('',#1350,#1354,#756,.T.);
#1691=EDGE_CURVE('',#1355,#1354,#757,.T.);
#1692=EDGE_CURVE('',#1352,#1355,#758,.T.);
#1693=EDGE_CURVE('',#1351,#1356,#759,.T.);
#1694=EDGE_CURVE('',#1354,#1356,#760,.T.);
#1695=EDGE_CURVE('',#1357,#1355,#761,.T.);
#1696=EDGE_CURVE('',#1353,#1357,#762,.T.);
#1697=EDGE_CURVE('',#1356,#1357,#763,.T.);
#1698=EDGE_CURVE('',#1358,#1359,#764,.T.);
#1699=EDGE_CURVE('',#1358,#1360,#765,.T.);
#1700=EDGE_CURVE('',#1361,#1360,#766,.T.);
#1701=EDGE_CURVE('',#1359,#1361,#767,.T.);
#1702=EDGE_CURVE('',#1359,#1362,#768,.T.);
#1703=EDGE_CURVE('',#1363,#1361,#769,.T.);
#1704=EDGE_CURVE('',#1362,#1363,#770,.T.);
#1705=EDGE_CURVE('',#1362,#1364,#771,.T.);
#1706=EDGE_CURVE('',#1365,#1363,#772,.T.);
#1707=EDGE_CURVE('',#1364,#1365,#773,.T.);
#1708=EDGE_CURVE('',#1364,#1358,#774,.T.);
#1709=EDGE_CURVE('',#1360,#1365,#775,.T.);
#1710=EDGE_CURVE('',#1366,#1367,#776,.T.);
#1711=EDGE_CURVE('',#1366,#1368,#777,.T.);
#1712=EDGE_CURVE('',#1369,#1368,#778,.T.);
#1713=EDGE_CURVE('',#1367,#1369,#779,.T.);
#1714=EDGE_CURVE('',#1367,#1370,#780,.T.);
#1715=EDGE_CURVE('',#1371,#1369,#781,.T.);
#1716=EDGE_CURVE('',#1370,#1371,#782,.T.);
#1717=EDGE_CURVE('',#1370,#1372,#783,.T.);
#1718=EDGE_CURVE('',#1373,#1371,#784,.T.);
#1719=EDGE_CURVE('',#1372,#1373,#785,.T.);
#1720=EDGE_CURVE('',#1372,#1366,#786,.T.);
#1721=EDGE_CURVE('',#1368,#1373,#787,.T.);
#1722=EDGE_CURVE('',#1374,#1374,#1136,.T.);
#1723=EDGE_CURVE('',#1374,#1375,#788,.T.);
#1724=EDGE_CURVE('',#1375,#1375,#1137,.T.);
#1725=EDGE_CURVE('',#1376,#1376,#1138,.T.);
#1726=EDGE_CURVE('',#1376,#1377,#789,.T.);
#1727=EDGE_CURVE('',#1377,#1377,#1139,.T.);
#1728=EDGE_CURVE('',#1378,#1378,#1140,.T.);
#1729=EDGE_CURVE('',#1378,#1379,#790,.T.);
#1730=EDGE_CURVE('',#1379,#1379,#1141,.T.);
#1731=EDGE_CURVE('',#1380,#1380,#1142,.T.);
#1732=EDGE_CURVE('',#1380,#1381,#791,.T.);
#1733=EDGE_CURVE('',#1381,#1381,#1143,.T.);
#1734=EDGE_CURVE('',#1382,#1382,#1144,.T.);
#1735=EDGE_CURVE('',#1382,#1383,#792,.T.);
#1736=EDGE_CURVE('',#1383,#1383,#1145,.T.);
#1737=EDGE_CURVE('',#1384,#1384,#1146,.T.);
#1738=EDGE_CURVE('',#1384,#1385,#793,.T.);
#1739=EDGE_CURVE('',#1385,#1385,#1147,.T.);
#1740=EDGE_CURVE('',#1386,#1386,#1148,.T.);
#1741=EDGE_CURVE('',#1386,#1387,#794,.T.);
#1742=EDGE_CURVE('',#1387,#1387,#1149,.T.);
#1743=EDGE_CURVE('',#1388,#1388,#1150,.T.);
#1744=EDGE_CURVE('',#1388,#1389,#795,.T.);
#1745=EDGE_CURVE('',#1389,#1389,#1151,.T.);
#1746=EDGE_CURVE('',#1390,#1390,#1152,.T.);
#1747=EDGE_CURVE('',#1390,#1391,#796,.T.);
#1748=EDGE_CURVE('',#1391,#1391,#1153,.T.);
#1749=ORIENTED_EDGE('',*,*,#1392,.T.);
#1750=ORIENTED_EDGE('',*,*,#1393,.T.);
#1751=ORIENTED_EDGE('',*,*,#1394,.T.);
#1752=ORIENTED_EDGE('',*,*,#1395,.T.);
#1753=ORIENTED_EDGE('',*,*,#1393,.F.);
#1754=ORIENTED_EDGE('',*,*,#1396,.F.);
#1755=ORIENTED_EDGE('',*,*,#1397,.F.);
#1756=ORIENTED_EDGE('',*,*,#1398,.T.);
#1757=ORIENTED_EDGE('',*,*,#1399,.T.);
#1758=ORIENTED_EDGE('',*,*,#1400,.T.);
#1759=ORIENTED_EDGE('',*,*,#1401,.T.);
#1760=ORIENTED_EDGE('',*,*,#1402,.T.);
#1761=ORIENTED_EDGE('',*,*,#1400,.F.);
#1762=ORIENTED_EDGE('',*,*,#1403,.F.);
#1763=ORIENTED_EDGE('',*,*,#1404,.F.);
#1764=ORIENTED_EDGE('',*,*,#1405,.F.);
#1765=ORIENTED_EDGE('',*,*,#1406,.T.);
#1766=ORIENTED_EDGE('',*,*,#1407,.T.);
#1767=ORIENTED_EDGE('',*,*,#1408,.T.);
#1768=ORIENTED_EDGE('',*,*,#1409,.T.);
#1769=ORIENTED_EDGE('',*,*,#1407,.F.);
#1770=ORIENTED_EDGE('',*,*,#1410,.F.);
#1771=ORIENTED_EDGE('',*,*,#1411,.F.);
#1772=ORIENTED_EDGE('',*,*,#1412,.T.);
#1773=ORIENTED_EDGE('',*,*,#1413,.T.);
#1774=ORIENTED_EDGE('',*,*,#1414,.T.);
#1775=ORIENTED_EDGE('',*,*,#1415,.T.);
#1776=ORIENTED_EDGE('',*,*,#1416,.T.);
#1777=ORIENTED_EDGE('',*,*,#1402,.F.);
#1778=ORIENTED_EDGE('',*,*,#1417,.T.);
#1779=ORIENTED_EDGE('',*,*,#1418,.F.);
#1780=ORIENTED_EDGE('',*,*,#1419,.F.);
#1781=ORIENTED_EDGE('',*,*,#1420,.F.);
#1782=ORIENTED_EDGE('',*,*,#1421,.T.);
#1783=ORIENTED_EDGE('',*,*,#1422,.F.);
#1784=ORIENTED_EDGE('',*,*,#1423,.T.);
#1785=ORIENTED_EDGE('',*,*,#1409,.F.);
#1786=ORIENTED_EDGE('',*,*,#1424,.T.);
#1787=ORIENTED_EDGE('',*,*,#1414,.F.);
#1788=ORIENTED_EDGE('',*,*,#1425,.T.);
#1789=ORIENTED_EDGE('',*,*,#1426,.T.);
#1790=ORIENTED_EDGE('',*,*,#1422,.T.);
#1791=ORIENTED_EDGE('',*,*,#1427,.T.);
#1792=ORIENTED_EDGE('',*,*,#1428,.T.);
#1793=ORIENTED_EDGE('',*,*,#1429,.T.);
#1794=ORIENTED_EDGE('',*,*,#1430,.T.);
#1795=ORIENTED_EDGE('',*,*,#1431,.T.);
#1796=ORIENTED_EDGE('',*,*,#1432,.T.);
#1797=ORIENTED_EDGE('',*,*,#1429,.F.);
#1798=ORIENTED_EDGE('',*,*,#1433,.T.);
#1799=ORIENTED_EDGE('',*,*,#1410,.T.);
#1800=ORIENTED_EDGE('',*,*,#1406,.F.);
#1801=ORIENTED_EDGE('',*,*,#1423,.F.);
#1802=ORIENTED_EDGE('',*,*,#1426,.F.);
#1803=ORIENTED_EDGE('',*,*,#1434,.T.);
#1804=ORIENTED_EDGE('',*,*,#1435,.T.);
#1805=ORIENTED_EDGE('',*,*,#1432,.F.);
#1806=ORIENTED_EDGE('',*,*,#1436,.T.);
#1807=ORIENTED_EDGE('',*,*,#1411,.T.);
#1808=ORIENTED_EDGE('',*,*,#1433,.F.);
#1809=ORIENTED_EDGE('',*,*,#1437,.T.);
#1810=ORIENTED_EDGE('',*,*,#1438,.T.);
#1811=ORIENTED_EDGE('',*,*,#1439,.T.);
#1812=ORIENTED_EDGE('',*,*,#1440,.T.);
#1813=ORIENTED_EDGE('',*,*,#1395,.F.);
#1814=ORIENTED_EDGE('',*,*,#1441,.T.);
#1815=ORIENTED_EDGE('',*,*,#1442,.F.);
#1816=ORIENTED_EDGE('',*,*,#1443,.T.);
#1817=ORIENTED_EDGE('',*,*,#1444,.F.);
#1818=ORIENTED_EDGE('',*,*,#1445,.T.);
#1819=ORIENTED_EDGE('',*,*,#1446,.F.);
#1820=ORIENTED_EDGE('',*,*,#1447,.F.);
#1821=ORIENTED_EDGE('',*,*,#1448,.F.);
#1822=ORIENTED_EDGE('',*,*,#1449,.T.);
#1823=ORIENTED_EDGE('',*,*,#1438,.F.);
#1824=ORIENTED_EDGE('',*,*,#1450,.T.);
#1825=ORIENTED_EDGE('',*,*,#1451,.T.);
#1826=ORIENTED_EDGE('',*,*,#1442,.T.);
#1827=ORIENTED_EDGE('',*,*,#1452,.T.);
#1828=ORIENTED_EDGE('',*,*,#1453,.T.);
#1829=ORIENTED_EDGE('',*,*,#1454,.T.);
#1830=ORIENTED_EDGE('',*,*,#1455,.T.);
#1831=ORIENTED_EDGE('',*,*,#1456,.T.);
#1832=ORIENTED_EDGE('',*,*,#1444,.T.);
#1833=ORIENTED_EDGE('',*,*,#1455,.F.);
#1834=ORIENTED_EDGE('',*,*,#1457,.F.);
#1835=ORIENTED_EDGE('',*,*,#1458,.F.);
#1836=ORIENTED_EDGE('',*,*,#1459,.F.);
#1837=ORIENTED_EDGE('',*,*,#1460,.T.);
#1838=ORIENTED_EDGE('',*,*,#1461,.T.);
#1839=ORIENTED_EDGE('',*,*,#1462,.T.);
#1840=ORIENTED_EDGE('',*,*,#1420,.T.);
#1841=ORIENTED_EDGE('',*,*,#1461,.F.);
#1842=ORIENTED_EDGE('',*,*,#1463,.F.);
#1843=ORIENTED_EDGE('',*,*,#1464,.F.);
#1844=ORIENTED_EDGE('',*,*,#1465,.T.);
#1845=ORIENTED_EDGE('',*,*,#1466,.T.);
#1846=ORIENTED_EDGE('',*,*,#1460,.F.);
#1847=ORIENTED_EDGE('',*,*,#1419,.T.);
#1848=ORIENTED_EDGE('',*,*,#1467,.F.);
#1849=ORIENTED_EDGE('',*,*,#1468,.T.);
#1850=ORIENTED_EDGE('',*,*,#1469,.F.);
#1851=ORIENTED_EDGE('',*,*,#1447,.T.);
#1852=ORIENTED_EDGE('',*,*,#1470,.F.);
#1853=ORIENTED_EDGE('',*,*,#1463,.T.);
#1854=ORIENTED_EDGE('',*,*,#1471,.T.);
#1855=ORIENTED_EDGE('',*,*,#1472,.T.);
#1856=ORIENTED_EDGE('',*,*,#1473,.T.);
#1857=ORIENTED_EDGE('',*,*,#1474,.T.);
#1858=ORIENTED_EDGE('',*,*,#1467,.T.);
#1859=ORIENTED_EDGE('',*,*,#1418,.T.);
#1860=ORIENTED_EDGE('',*,*,#1475,.T.);
#1861=ORIENTED_EDGE('',*,*,#1476,.T.);
#1862=ORIENTED_EDGE('',*,*,#1476,.F.);
#1863=ORIENTED_EDGE('',*,*,#1477,.T.);
#1864=ORIENTED_EDGE('',*,*,#1478,.F.);
#1865=ORIENTED_EDGE('',*,*,#1468,.F.);
#1866=ORIENTED_EDGE('',*,*,#1469,.T.);
#1867=ORIENTED_EDGE('',*,*,#1478,.T.);
#1868=ORIENTED_EDGE('',*,*,#1479,.T.);
#1869=ORIENTED_EDGE('',*,*,#1448,.T.);
#1870=ORIENTED_EDGE('',*,*,#1470,.T.);
#1871=ORIENTED_EDGE('',*,*,#1446,.T.);
#1872=ORIENTED_EDGE('',*,*,#1480,.T.);
#1873=ORIENTED_EDGE('',*,*,#1464,.T.);
#1874=ORIENTED_EDGE('',*,*,#1466,.F.);
#1875=ORIENTED_EDGE('',*,*,#1481,.T.);
#1876=ORIENTED_EDGE('',*,*,#1482,.F.);
#1877=ORIENTED_EDGE('',*,*,#1481,.F.);
#1878=ORIENTED_EDGE('',*,*,#1483,.F.);
#1879=ORIENTED_EDGE('',*,*,#1484,.T.);
#1880=ORIENTED_EDGE('',*,*,#1485,.T.);
#1881=ORIENTED_EDGE('',*,*,#1484,.F.);
#1882=ORIENTED_EDGE('',*,*,#1486,.F.);
#1883=ORIENTED_EDGE('',*,*,#1458,.T.);
#1884=ORIENTED_EDGE('',*,*,#1487,.F.);
#1885=ORIENTED_EDGE('',*,*,#1488,.F.);
#1886=ORIENTED_EDGE('',*,*,#1453,.F.);
#1887=ORIENTED_EDGE('',*,*,#1489,.F.);
#1888=ORIENTED_EDGE('',*,*,#1488,.T.);
#1889=ORIENTED_EDGE('',*,*,#1490,.F.);
#1890=ORIENTED_EDGE('',*,*,#1443,.F.);
#1891=ORIENTED_EDGE('',*,*,#1451,.F.);
#1892=ORIENTED_EDGE('',*,*,#1490,.T.);
#1893=ORIENTED_EDGE('',*,*,#1487,.T.);
#1894=ORIENTED_EDGE('',*,*,#1457,.T.);
#1895=ORIENTED_EDGE('',*,*,#1454,.F.);
#1896=ORIENTED_EDGE('',*,*,#1483,.T.);
#1897=ORIENTED_EDGE('',*,*,#1435,.F.);
#1898=ORIENTED_EDGE('',*,*,#1491,.T.);
#1899=ORIENTED_EDGE('',*,*,#1492,.T.);
#1900=ORIENTED_EDGE('',*,*,#1491,.F.);
#1901=ORIENTED_EDGE('',*,*,#1428,.F.);
#1902=ORIENTED_EDGE('',*,*,#1493,.T.);
#1903=ORIENTED_EDGE('',*,*,#1430,.F.);
#1904=ORIENTED_EDGE('',*,*,#1434,.F.);
#1905=ORIENTED_EDGE('',*,*,#1494,.F.);
#1906=ORIENTED_EDGE('',*,*,#1495,.T.);
#1907=ORIENTED_EDGE('',*,*,#1496,.T.);
#1908=ORIENTED_EDGE('',*,*,#1495,.F.);
#1909=ORIENTED_EDGE('',*,*,#1497,.T.);
#1910=ORIENTED_EDGE('',*,*,#1397,.T.);
#1911=ORIENTED_EDGE('',*,*,#1498,.F.);
#1912=ORIENTED_EDGE('',*,*,#1499,.F.);
#1913=ORIENTED_EDGE('',*,*,#1440,.F.);
#1914=ORIENTED_EDGE('',*,*,#1500,.T.);
#1915=ORIENTED_EDGE('',*,*,#1499,.T.);
#1916=ORIENTED_EDGE('',*,*,#1501,.F.);
#1917=ORIENTED_EDGE('',*,*,#1501,.T.);
#1918=ORIENTED_EDGE('',*,*,#1498,.T.);
#1919=ORIENTED_EDGE('',*,*,#1396,.T.);
#1920=ORIENTED_EDGE('',*,*,#1392,.F.);
#1921=ORIENTED_EDGE('',*,*,#1450,.F.);
#1922=ORIENTED_EDGE('',*,*,#1437,.F.);
#1923=ORIENTED_EDGE('',*,*,#1494,.T.);
#1924=ORIENTED_EDGE('',*,*,#1502,.F.);
#1925=ORIENTED_EDGE('',*,*,#1503,.T.);
#1926=ORIENTED_EDGE('',*,*,#1504,.T.);
#1927=ORIENTED_EDGE('',*,*,#1503,.F.);
#1928=ORIENTED_EDGE('',*,*,#1416,.F.);
#1929=ORIENTED_EDGE('',*,*,#1505,.F.);
#1930=ORIENTED_EDGE('',*,*,#1506,.T.);
#1931=ORIENTED_EDGE('',*,*,#1507,.F.);
#1932=ORIENTED_EDGE('',*,*,#1508,.F.);
#1933=ORIENTED_EDGE('',*,*,#1404,.T.);
#1934=ORIENTED_EDGE('',*,*,#1509,.F.);
#1935=ORIENTED_EDGE('',*,*,#1506,.F.);
#1936=ORIENTED_EDGE('',*,*,#1509,.T.);
#1937=ORIENTED_EDGE('',*,*,#1403,.T.);
#1938=ORIENTED_EDGE('',*,*,#1399,.F.);
#1939=ORIENTED_EDGE('',*,*,#1425,.F.);
#1940=ORIENTED_EDGE('',*,*,#1413,.F.);
#1941=ORIENTED_EDGE('',*,*,#1507,.T.);
#1942=ORIENTED_EDGE('',*,*,#1502,.T.);
#1943=ORIENTED_EDGE('',*,*,#1510,.F.);
#1944=ORIENTED_EDGE('',*,*,#1511,.T.);
#1945=ORIENTED_EDGE('',*,*,#1512,.F.);
#1946=ORIENTED_EDGE('',*,*,#1513,.F.);
#1947=ORIENTED_EDGE('',*,*,#1514,.F.);
#1948=ORIENTED_EDGE('',*,*,#1513,.T.);
#1949=ORIENTED_EDGE('',*,*,#1515,.F.);
#1950=ORIENTED_EDGE('',*,*,#1516,.F.);
#1951=ORIENTED_EDGE('',*,*,#1517,.F.);
#1952=ORIENTED_EDGE('',*,*,#1516,.T.);
#1953=ORIENTED_EDGE('',*,*,#1518,.F.);
#1954=ORIENTED_EDGE('',*,*,#1519,.F.);
#1955=ORIENTED_EDGE('',*,*,#1520,.F.);
#1956=ORIENTED_EDGE('',*,*,#1519,.T.);
#1957=ORIENTED_EDGE('',*,*,#1521,.F.);
#1958=ORIENTED_EDGE('',*,*,#1511,.F.);
#1959=ORIENTED_EDGE('',*,*,#1521,.T.);
#1960=ORIENTED_EDGE('',*,*,#1518,.T.);
#1961=ORIENTED_EDGE('',*,*,#1515,.T.);
#1962=ORIENTED_EDGE('',*,*,#1512,.T.);
#1963=ORIENTED_EDGE('',*,*,#1522,.F.);
#1964=ORIENTED_EDGE('',*,*,#1523,.T.);
#1965=ORIENTED_EDGE('',*,*,#1524,.F.);
#1966=ORIENTED_EDGE('',*,*,#1523,.F.);
#1967=ORIENTED_EDGE('',*,*,#1525,.F.);
#1968=ORIENTED_EDGE('',*,*,#1526,.T.);
#1969=ORIENTED_EDGE('',*,*,#1527,.F.);
#1970=ORIENTED_EDGE('',*,*,#1526,.F.);
#1971=ORIENTED_EDGE('',*,*,#1525,.T.);
#1972=ORIENTED_EDGE('',*,*,#1522,.T.);
#1973=ORIENTED_EDGE('',*,*,#1528,.T.);
#1974=ORIENTED_EDGE('',*,*,#1529,.F.);
#1975=ORIENTED_EDGE('',*,*,#1530,.T.);
#1976=ORIENTED_EDGE('',*,*,#1531,.F.);
#1977=ORIENTED_EDGE('',*,*,#1532,.T.);
#1978=ORIENTED_EDGE('',*,*,#1533,.F.);
#1979=ORIENTED_EDGE('',*,*,#1534,.T.);
#1980=ORIENTED_EDGE('',*,*,#1535,.F.);
#1981=ORIENTED_EDGE('',*,*,#1510,.T.);
#1982=ORIENTED_EDGE('',*,*,#1514,.T.);
#1983=ORIENTED_EDGE('',*,*,#1517,.T.);
#1984=ORIENTED_EDGE('',*,*,#1520,.T.);
#1985=ORIENTED_EDGE('',*,*,#1536,.T.);
#1986=ORIENTED_EDGE('',*,*,#1537,.T.);
#1987=ORIENTED_EDGE('',*,*,#1538,.T.);
#1988=ORIENTED_EDGE('',*,*,#1527,.T.);
#1989=ORIENTED_EDGE('',*,*,#1539,.F.);
#1990=ORIENTED_EDGE('',*,*,#1540,.T.);
#1991=ORIENTED_EDGE('',*,*,#1541,.F.);
#1992=ORIENTED_EDGE('',*,*,#1540,.F.);
#1993=ORIENTED_EDGE('',*,*,#1542,.F.);
#1994=ORIENTED_EDGE('',*,*,#1543,.T.);
#1995=ORIENTED_EDGE('',*,*,#1536,.F.);
#1996=ORIENTED_EDGE('',*,*,#1543,.F.);
#1997=ORIENTED_EDGE('',*,*,#1542,.T.);
#1998=ORIENTED_EDGE('',*,*,#1539,.T.);
#1999=ORIENTED_EDGE('',*,*,#1524,.T.);
#2000=ORIENTED_EDGE('',*,*,#1544,.F.);
#2001=ORIENTED_EDGE('',*,*,#1545,.T.);
#2002=ORIENTED_EDGE('',*,*,#1546,.F.);
#2003=ORIENTED_EDGE('',*,*,#1545,.F.);
#2004=ORIENTED_EDGE('',*,*,#1547,.F.);
#2005=ORIENTED_EDGE('',*,*,#1548,.T.);
#2006=ORIENTED_EDGE('',*,*,#1538,.F.);
#2007=ORIENTED_EDGE('',*,*,#1548,.F.);
#2008=ORIENTED_EDGE('',*,*,#1547,.T.);
#2009=ORIENTED_EDGE('',*,*,#1544,.T.);
#2010=ORIENTED_EDGE('',*,*,#1541,.T.);
#2011=ORIENTED_EDGE('',*,*,#1549,.F.);
#2012=ORIENTED_EDGE('',*,*,#1550,.T.);
#2013=ORIENTED_EDGE('',*,*,#1551,.F.);
#2014=ORIENTED_EDGE('',*,*,#1550,.F.);
#2015=ORIENTED_EDGE('',*,*,#1552,.F.);
#2016=ORIENTED_EDGE('',*,*,#1553,.T.);
#2017=ORIENTED_EDGE('',*,*,#1537,.F.);
#2018=ORIENTED_EDGE('',*,*,#1553,.F.);
#2019=ORIENTED_EDGE('',*,*,#1552,.T.);
#2020=ORIENTED_EDGE('',*,*,#1549,.T.);
#2021=ORIENTED_EDGE('',*,*,#1546,.T.);
#2022=ORIENTED_EDGE('',*,*,#1554,.F.);
#2023=ORIENTED_EDGE('',*,*,#1555,.T.);
#2024=ORIENTED_EDGE('',*,*,#1556,.F.);
#2025=ORIENTED_EDGE('',*,*,#1555,.F.);
#2026=ORIENTED_EDGE('',*,*,#1557,.F.);
#2027=ORIENTED_EDGE('',*,*,#1558,.T.);
#2028=ORIENTED_EDGE('',*,*,#1559,.F.);
#2029=ORIENTED_EDGE('',*,*,#1558,.F.);
#2030=ORIENTED_EDGE('',*,*,#1560,.F.);
#2031=ORIENTED_EDGE('',*,*,#1561,.T.);
#2032=ORIENTED_EDGE('',*,*,#1562,.F.);
#2033=ORIENTED_EDGE('',*,*,#1561,.F.);
#2034=ORIENTED_EDGE('',*,*,#1563,.F.);
#2035=ORIENTED_EDGE('',*,*,#1564,.T.);
#2036=ORIENTED_EDGE('',*,*,#1565,.F.);
#2037=ORIENTED_EDGE('',*,*,#1564,.F.);
#2038=ORIENTED_EDGE('',*,*,#1566,.F.);
#2039=ORIENTED_EDGE('',*,*,#1567,.F.);
#2040=ORIENTED_EDGE('',*,*,#1568,.F.);
#2041=ORIENTED_EDGE('',*,*,#1569,.F.);
#2042=ORIENTED_EDGE('',*,*,#1570,.F.);
#2043=ORIENTED_EDGE('',*,*,#1571,.F.);
#2044=ORIENTED_EDGE('',*,*,#1572,.F.);
#2045=ORIENTED_EDGE('',*,*,#1528,.F.);
#2046=ORIENTED_EDGE('',*,*,#1566,.T.);
#2047=ORIENTED_EDGE('',*,*,#1573,.T.);
#2048=ORIENTED_EDGE('',*,*,#1574,.F.);
#2049=ORIENTED_EDGE('',*,*,#1575,.T.);
#2050=ORIENTED_EDGE('',*,*,#1570,.T.);
#2051=ORIENTED_EDGE('',*,*,#1535,.T.);
#2052=ORIENTED_EDGE('',*,*,#1576,.T.);
#2053=ORIENTED_EDGE('',*,*,#1577,.T.);
#2054=ORIENTED_EDGE('',*,*,#1567,.T.);
#2055=ORIENTED_EDGE('',*,*,#1575,.F.);
#2056=ORIENTED_EDGE('',*,*,#1578,.F.);
#2057=ORIENTED_EDGE('',*,*,#1551,.T.);
#2058=ORIENTED_EDGE('',*,*,#1568,.T.);
#2059=ORIENTED_EDGE('',*,*,#1578,.T.);
#2060=ORIENTED_EDGE('',*,*,#1574,.T.);
#2061=ORIENTED_EDGE('',*,*,#1579,.T.);
#2062=ORIENTED_EDGE('',*,*,#1572,.T.);
#2063=ORIENTED_EDGE('',*,*,#1580,.T.);
#2064=ORIENTED_EDGE('',*,*,#1581,.T.);
#2065=ORIENTED_EDGE('',*,*,#1529,.T.);
#2066=ORIENTED_EDGE('',*,*,#1582,.F.);
#2067=ORIENTED_EDGE('',*,*,#1583,.F.);
#2068=ORIENTED_EDGE('',*,*,#1576,.F.);
#2069=ORIENTED_EDGE('',*,*,#1534,.F.);
#2070=ORIENTED_EDGE('',*,*,#1584,.F.);
#2071=ORIENTED_EDGE('',*,*,#1585,.F.);
#2072=ORIENTED_EDGE('',*,*,#1586,.F.);
#2073=ORIENTED_EDGE('',*,*,#1587,.F.);
#2074=ORIENTED_EDGE('',*,*,#1582,.T.);
#2075=ORIENTED_EDGE('',*,*,#1533,.T.);
#2076=ORIENTED_EDGE('',*,*,#1588,.T.);
#2077=ORIENTED_EDGE('',*,*,#1589,.T.);
#2078=ORIENTED_EDGE('',*,*,#1482,.T.);
#2079=ORIENTED_EDGE('',*,*,#1590,.F.);
#2080=ORIENTED_EDGE('',*,*,#1591,.F.);
#2081=ORIENTED_EDGE('',*,*,#1592,.F.);
#2082=ORIENTED_EDGE('',*,*,#1593,.F.);
#2083=ORIENTED_EDGE('',*,*,#1587,.T.);
#2084=ORIENTED_EDGE('',*,*,#1594,.F.);
#2085=ORIENTED_EDGE('',*,*,#1595,.F.);
#2086=ORIENTED_EDGE('',*,*,#1596,.T.);
#2087=ORIENTED_EDGE('',*,*,#1597,.F.);
#2088=ORIENTED_EDGE('',*,*,#1598,.F.);
#2089=ORIENTED_EDGE('',*,*,#1599,.T.);
#2090=ORIENTED_EDGE('',*,*,#1600,.F.);
#2091=ORIENTED_EDGE('',*,*,#1601,.F.);
#2092=ORIENTED_EDGE('',*,*,#1569,.T.);
#2093=ORIENTED_EDGE('',*,*,#1579,.F.);
#2094=ORIENTED_EDGE('',*,*,#1573,.F.);
#2095=ORIENTED_EDGE('',*,*,#1577,.F.);
#2096=ORIENTED_EDGE('',*,*,#1583,.T.);
#2097=ORIENTED_EDGE('',*,*,#1589,.F.);
#2098=ORIENTED_EDGE('',*,*,#1602,.T.);
#2099=ORIENTED_EDGE('',*,*,#1603,.F.);
#2100=ORIENTED_EDGE('',*,*,#1604,.T.);
#2101=ORIENTED_EDGE('',*,*,#1580,.F.);
#2102=ORIENTED_EDGE('',*,*,#1571,.T.);
#2103=ORIENTED_EDGE('',*,*,#1565,.T.);
#2104=ORIENTED_EDGE('',*,*,#1562,.T.);
#2105=ORIENTED_EDGE('',*,*,#1559,.T.);
#2106=ORIENTED_EDGE('',*,*,#1556,.T.);
#2107=ORIENTED_EDGE('',*,*,#1605,.F.);
#2108=ORIENTED_EDGE('',*,*,#1602,.F.);
#2109=ORIENTED_EDGE('',*,*,#1588,.F.);
#2110=ORIENTED_EDGE('',*,*,#1532,.F.);
#2111=ORIENTED_EDGE('',*,*,#1606,.F.);
#2112=ORIENTED_EDGE('',*,*,#1607,.F.);
#2113=ORIENTED_EDGE('',*,*,#1608,.F.);
#2114=ORIENTED_EDGE('',*,*,#1599,.F.);
#2115=ORIENTED_EDGE('',*,*,#1605,.T.);
#2116=ORIENTED_EDGE('',*,*,#1531,.T.);
#2117=ORIENTED_EDGE('',*,*,#1609,.T.);
#2118=ORIENTED_EDGE('',*,*,#1603,.T.);
#2119=ORIENTED_EDGE('',*,*,#1585,.T.);
#2120=ORIENTED_EDGE('',*,*,#1610,.F.);
#2121=ORIENTED_EDGE('',*,*,#1611,.F.);
#2122=ORIENTED_EDGE('',*,*,#1584,.T.);
#2123=ORIENTED_EDGE('',*,*,#1595,.T.);
#2124=ORIENTED_EDGE('',*,*,#1612,.F.);
#2125=ORIENTED_EDGE('',*,*,#1610,.T.);
#2126=ORIENTED_EDGE('',*,*,#1613,.F.);
#2127=ORIENTED_EDGE('',*,*,#1614,.F.);
#2128=ORIENTED_EDGE('',*,*,#1615,.F.);
#2129=ORIENTED_EDGE('',*,*,#1596,.F.);
#2130=ORIENTED_EDGE('',*,*,#1581,.F.);
#2131=ORIENTED_EDGE('',*,*,#1604,.F.);
#2132=ORIENTED_EDGE('',*,*,#1609,.F.);
#2133=ORIENTED_EDGE('',*,*,#1530,.F.);
#2134=ORIENTED_EDGE('',*,*,#1613,.T.);
#2135=ORIENTED_EDGE('',*,*,#1598,.T.);
#2136=ORIENTED_EDGE('',*,*,#1616,.F.);
#2137=ORIENTED_EDGE('',*,*,#1617,.T.);
#2138=ORIENTED_EDGE('',*,*,#1615,.T.);
#2139=ORIENTED_EDGE('',*,*,#1618,.T.);
#2140=ORIENTED_EDGE('',*,*,#1616,.T.);
#2141=ORIENTED_EDGE('',*,*,#1597,.T.);
#2142=ORIENTED_EDGE('',*,*,#1606,.T.);
#2143=ORIENTED_EDGE('',*,*,#1601,.T.);
#2144=ORIENTED_EDGE('',*,*,#1619,.F.);
#2145=ORIENTED_EDGE('',*,*,#1620,.T.);
#2146=ORIENTED_EDGE('',*,*,#1614,.T.);
#2147=ORIENTED_EDGE('',*,*,#1617,.F.);
#2148=ORIENTED_EDGE('',*,*,#1618,.F.);
#2149=ORIENTED_EDGE('',*,*,#1607,.T.);
#2150=ORIENTED_EDGE('',*,*,#1620,.F.);
#2151=ORIENTED_EDGE('',*,*,#1621,.F.);
#2152=ORIENTED_EDGE('',*,*,#1471,.F.);
#2153=ORIENTED_EDGE('',*,*,#1622,.T.);
#2154=ORIENTED_EDGE('',*,*,#1591,.T.);
#2155=ORIENTED_EDGE('',*,*,#1623,.F.);
#2156=ORIENTED_EDGE('',*,*,#1474,.F.);
#2157=ORIENTED_EDGE('',*,*,#1624,.T.);
#2158=ORIENTED_EDGE('',*,*,#1592,.T.);
#2159=ORIENTED_EDGE('',*,*,#1622,.F.);
#2160=ORIENTED_EDGE('',*,*,#1473,.F.);
#2161=ORIENTED_EDGE('',*,*,#1625,.T.);
#2162=ORIENTED_EDGE('',*,*,#1593,.T.);
#2163=ORIENTED_EDGE('',*,*,#1624,.F.);
#2164=ORIENTED_EDGE('',*,*,#1472,.F.);
#2165=ORIENTED_EDGE('',*,*,#1623,.T.);
#2166=ORIENTED_EDGE('',*,*,#1590,.T.);
#2167=ORIENTED_EDGE('',*,*,#1625,.F.);
#2168=ORIENTED_EDGE('',*,*,#1608,.T.);
#2169=ORIENTED_EDGE('',*,*,#1621,.T.);
#2170=ORIENTED_EDGE('',*,*,#1619,.T.);
#2171=ORIENTED_EDGE('',*,*,#1600,.T.);
#2172=ORIENTED_EDGE('',*,*,#1586,.T.);
#2173=ORIENTED_EDGE('',*,*,#1611,.T.);
#2174=ORIENTED_EDGE('',*,*,#1612,.T.);
#2175=ORIENTED_EDGE('',*,*,#1594,.T.);
#2176=ORIENTED_EDGE('',*,*,#1431,.F.);
#2177=ORIENTED_EDGE('',*,*,#1493,.F.);
#2178=ORIENTED_EDGE('',*,*,#1427,.F.);
#2179=ORIENTED_EDGE('',*,*,#1421,.F.);
#2180=ORIENTED_EDGE('',*,*,#1462,.F.);
#2181=ORIENTED_EDGE('',*,*,#1465,.F.);
#2182=ORIENTED_EDGE('',*,*,#1480,.F.);
#2183=ORIENTED_EDGE('',*,*,#1445,.F.);
#2184=ORIENTED_EDGE('',*,*,#1456,.F.);
#2185=ORIENTED_EDGE('',*,*,#1459,.T.);
#2186=ORIENTED_EDGE('',*,*,#1486,.T.);
#2187=ORIENTED_EDGE('',*,*,#1489,.T.);
#2188=ORIENTED_EDGE('',*,*,#1452,.F.);
#2189=ORIENTED_EDGE('',*,*,#1441,.F.);
#2190=ORIENTED_EDGE('',*,*,#1394,.F.);
#2191=ORIENTED_EDGE('',*,*,#1398,.F.);
#2192=ORIENTED_EDGE('',*,*,#1497,.F.);
#2193=ORIENTED_EDGE('',*,*,#1500,.F.);
#2194=ORIENTED_EDGE('',*,*,#1439,.F.);
#2195=ORIENTED_EDGE('',*,*,#1449,.F.);
#2196=ORIENTED_EDGE('',*,*,#1479,.F.);
#2197=ORIENTED_EDGE('',*,*,#1477,.F.);
#2198=ORIENTED_EDGE('',*,*,#1475,.F.);
#2199=ORIENTED_EDGE('',*,*,#1417,.F.);
#2200=ORIENTED_EDGE('',*,*,#1401,.F.);
#2201=ORIENTED_EDGE('',*,*,#1405,.T.);
#2202=ORIENTED_EDGE('',*,*,#1508,.T.);
#2203=ORIENTED_EDGE('',*,*,#1505,.T.);
#2204=ORIENTED_EDGE('',*,*,#1415,.F.);
#2205=ORIENTED_EDGE('',*,*,#1424,.F.);
#2206=ORIENTED_EDGE('',*,*,#1408,.F.);
#2207=ORIENTED_EDGE('',*,*,#1412,.F.);
#2208=ORIENTED_EDGE('',*,*,#1436,.F.);
#2209=ORIENTED_EDGE('',*,*,#1485,.F.);
#2210=ORIENTED_EDGE('',*,*,#1492,.F.);
#2211=ORIENTED_EDGE('',*,*,#1496,.F.);
#2212=ORIENTED_EDGE('',*,*,#1504,.F.);
#2213=ORIENTED_EDGE('',*,*,#1554,.T.);
#2214=ORIENTED_EDGE('',*,*,#1557,.T.);
#2215=ORIENTED_EDGE('',*,*,#1560,.T.);
#2216=ORIENTED_EDGE('',*,*,#1563,.T.);
#2217=ORIENTED_EDGE('',*,*,#1626,.F.);
#2218=ORIENTED_EDGE('',*,*,#1627,.F.);
#2219=ORIENTED_EDGE('',*,*,#1628,.T.);
#2220=ORIENTED_EDGE('',*,*,#1629,.T.);
#2221=ORIENTED_EDGE('',*,*,#1630,.F.);
#2222=ORIENTED_EDGE('',*,*,#1629,.F.);
#2223=ORIENTED_EDGE('',*,*,#1631,.T.);
#2224=ORIENTED_EDGE('',*,*,#1632,.T.);
#2225=ORIENTED_EDGE('',*,*,#1633,.F.);
#2226=ORIENTED_EDGE('',*,*,#1632,.F.);
#2227=ORIENTED_EDGE('',*,*,#1634,.T.);
#2228=ORIENTED_EDGE('',*,*,#1635,.T.);
#2229=ORIENTED_EDGE('',*,*,#1636,.F.);
#2230=ORIENTED_EDGE('',*,*,#1635,.F.);
#2231=ORIENTED_EDGE('',*,*,#1637,.T.);
#2232=ORIENTED_EDGE('',*,*,#1627,.T.);
#2233=ORIENTED_EDGE('',*,*,#1638,.F.);
#2234=ORIENTED_EDGE('',*,*,#1639,.T.);
#2235=ORIENTED_EDGE('',*,*,#1640,.F.);
#2236=ORIENTED_EDGE('',*,*,#1639,.F.);
#2237=ORIENTED_EDGE('',*,*,#1641,.F.);
#2238=ORIENTED_EDGE('',*,*,#1642,.T.);
#2239=ORIENTED_EDGE('',*,*,#1643,.F.);
#2240=ORIENTED_EDGE('',*,*,#1642,.F.);
#2241=ORIENTED_EDGE('',*,*,#1644,.F.);
#2242=ORIENTED_EDGE('',*,*,#1645,.T.);
#2243=ORIENTED_EDGE('',*,*,#1646,.F.);
#2244=ORIENTED_EDGE('',*,*,#1645,.F.);
#2245=ORIENTED_EDGE('',*,*,#1647,.F.);
#2246=ORIENTED_EDGE('',*,*,#1648,.T.);
#2247=ORIENTED_EDGE('',*,*,#1649,.F.);
#2248=ORIENTED_EDGE('',*,*,#1648,.F.);
#2249=ORIENTED_EDGE('',*,*,#1637,.F.);
#2250=ORIENTED_EDGE('',*,*,#1634,.F.);
#2251=ORIENTED_EDGE('',*,*,#1631,.F.);
#2252=ORIENTED_EDGE('',*,*,#1628,.F.);
#2253=ORIENTED_EDGE('',*,*,#1638,.T.);
#2254=ORIENTED_EDGE('',*,*,#1641,.T.);
#2255=ORIENTED_EDGE('',*,*,#1644,.T.);
#2256=ORIENTED_EDGE('',*,*,#1647,.T.);
#2257=ORIENTED_EDGE('',*,*,#1633,.T.);
#2258=ORIENTED_EDGE('',*,*,#1636,.T.);
#2259=ORIENTED_EDGE('',*,*,#1626,.T.);
#2260=ORIENTED_EDGE('',*,*,#1630,.T.);
#2261=ORIENTED_EDGE('',*,*,#1640,.T.);
#2262=ORIENTED_EDGE('',*,*,#1643,.T.);
#2263=ORIENTED_EDGE('',*,*,#1646,.T.);
#2264=ORIENTED_EDGE('',*,*,#1649,.T.);
#2265=ORIENTED_EDGE('',*,*,#1650,.T.);
#2266=ORIENTED_EDGE('',*,*,#1651,.F.);
#2267=ORIENTED_EDGE('',*,*,#1652,.T.);
#2268=ORIENTED_EDGE('',*,*,#1653,.F.);
#2269=ORIENTED_EDGE('',*,*,#1654,.T.);
#2270=ORIENTED_EDGE('',*,*,#1655,.F.);
#2271=ORIENTED_EDGE('',*,*,#1656,.T.);
#2272=ORIENTED_EDGE('',*,*,#1657,.F.);
#2273=ORIENTED_EDGE('',*,*,#1658,.F.);
#2274=ORIENTED_EDGE('',*,*,#1659,.F.);
#2275=ORIENTED_EDGE('',*,*,#1660,.F.);
#2276=ORIENTED_EDGE('',*,*,#1661,.F.);
#2277=ORIENTED_EDGE('',*,*,#1662,.T.);
#2278=ORIENTED_EDGE('',*,*,#1663,.T.);
#2279=ORIENTED_EDGE('',*,*,#1664,.T.);
#2280=ORIENTED_EDGE('',*,*,#1665,.T.);
#2281=ORIENTED_EDGE('',*,*,#1666,.T.);
#2282=ORIENTED_EDGE('',*,*,#1667,.T.);
#2283=ORIENTED_EDGE('',*,*,#1668,.T.);
#2284=ORIENTED_EDGE('',*,*,#1669,.T.);
#2285=ORIENTED_EDGE('',*,*,#1670,.T.);
#2286=ORIENTED_EDGE('',*,*,#1671,.T.);
#2287=ORIENTED_EDGE('',*,*,#1672,.T.);
#2288=ORIENTED_EDGE('',*,*,#1673,.T.);
#2289=ORIENTED_EDGE('',*,*,#1650,.F.);
#2290=ORIENTED_EDGE('',*,*,#1674,.T.);
#2291=ORIENTED_EDGE('',*,*,#1662,.F.);
#2292=ORIENTED_EDGE('',*,*,#1675,.F.);
#2293=ORIENTED_EDGE('',*,*,#1657,.T.);
#2294=ORIENTED_EDGE('',*,*,#1676,.T.);
#2295=ORIENTED_EDGE('',*,*,#1663,.F.);
#2296=ORIENTED_EDGE('',*,*,#1674,.F.);
#2297=ORIENTED_EDGE('',*,*,#1656,.F.);
#2298=ORIENTED_EDGE('',*,*,#1677,.T.);
#2299=ORIENTED_EDGE('',*,*,#1664,.F.);
#2300=ORIENTED_EDGE('',*,*,#1676,.F.);
#2301=ORIENTED_EDGE('',*,*,#1655,.T.);
#2302=ORIENTED_EDGE('',*,*,#1678,.T.);
#2303=ORIENTED_EDGE('',*,*,#1665,.F.);
#2304=ORIENTED_EDGE('',*,*,#1677,.F.);
#2305=ORIENTED_EDGE('',*,*,#1654,.F.);
#2306=ORIENTED_EDGE('',*,*,#1679,.T.);
#2307=ORIENTED_EDGE('',*,*,#1666,.F.);
#2308=ORIENTED_EDGE('',*,*,#1678,.F.);
#2309=ORIENTED_EDGE('',*,*,#1653,.T.);
#2310=ORIENTED_EDGE('',*,*,#1680,.T.);
#2311=ORIENTED_EDGE('',*,*,#1667,.F.);
#2312=ORIENTED_EDGE('',*,*,#1679,.F.);
#2313=ORIENTED_EDGE('',*,*,#1652,.F.);
#2314=ORIENTED_EDGE('',*,*,#1681,.T.);
#2315=ORIENTED_EDGE('',*,*,#1668,.F.);
#2316=ORIENTED_EDGE('',*,*,#1680,.F.);
#2317=ORIENTED_EDGE('',*,*,#1651,.T.);
#2318=ORIENTED_EDGE('',*,*,#1675,.T.);
#2319=ORIENTED_EDGE('',*,*,#1669,.F.);
#2320=ORIENTED_EDGE('',*,*,#1681,.F.);
#2321=ORIENTED_EDGE('',*,*,#1659,.T.);
#2322=ORIENTED_EDGE('',*,*,#1682,.T.);
#2323=ORIENTED_EDGE('',*,*,#1670,.F.);
#2324=ORIENTED_EDGE('',*,*,#1683,.F.);
#2325=ORIENTED_EDGE('',*,*,#1658,.T.);
#2326=ORIENTED_EDGE('',*,*,#1684,.T.);
#2327=ORIENTED_EDGE('',*,*,#1671,.F.);
#2328=ORIENTED_EDGE('',*,*,#1682,.F.);
#2329=ORIENTED_EDGE('',*,*,#1661,.T.);
#2330=ORIENTED_EDGE('',*,*,#1685,.T.);
#2331=ORIENTED_EDGE('',*,*,#1672,.F.);
#2332=ORIENTED_EDGE('',*,*,#1684,.F.);
#2333=ORIENTED_EDGE('',*,*,#1660,.T.);
#2334=ORIENTED_EDGE('',*,*,#1683,.T.);
#2335=ORIENTED_EDGE('',*,*,#1673,.F.);
#2336=ORIENTED_EDGE('',*,*,#1685,.F.);
#2337=ORIENTED_EDGE('',*,*,#1686,.F.);
#2338=ORIENTED_EDGE('',*,*,#1687,.F.);
#2339=ORIENTED_EDGE('',*,*,#1688,.F.);
#2340=ORIENTED_EDGE('',*,*,#1689,.F.);
#2341=ORIENTED_EDGE('',*,*,#1687,.T.);
#2342=ORIENTED_EDGE('',*,*,#1690,.T.);
#2343=ORIENTED_EDGE('',*,*,#1691,.F.);
#2344=ORIENTED_EDGE('',*,*,#1692,.F.);
#2345=ORIENTED_EDGE('',*,*,#1686,.T.);
#2346=ORIENTED_EDGE('',*,*,#1693,.T.);
#2347=ORIENTED_EDGE('',*,*,#1694,.F.);
#2348=ORIENTED_EDGE('',*,*,#1690,.F.);
#2349=ORIENTED_EDGE('',*,*,#1688,.T.);
#2350=ORIENTED_EDGE('',*,*,#1692,.T.);
#2351=ORIENTED_EDGE('',*,*,#1695,.F.);
#2352=ORIENTED_EDGE('',*,*,#1696,.F.);
#2353=ORIENTED_EDGE('',*,*,#1689,.T.);
#2354=ORIENTED_EDGE('',*,*,#1696,.T.);
#2355=ORIENTED_EDGE('',*,*,#1697,.F.);
#2356=ORIENTED_EDGE('',*,*,#1693,.F.);
#2357=ORIENTED_EDGE('',*,*,#1694,.T.);
#2358=ORIENTED_EDGE('',*,*,#1697,.T.);
#2359=ORIENTED_EDGE('',*,*,#1695,.T.);
#2360=ORIENTED_EDGE('',*,*,#1691,.T.);
#2361=ORIENTED_EDGE('',*,*,#1698,.F.);
#2362=ORIENTED_EDGE('',*,*,#1699,.T.);
#2363=ORIENTED_EDGE('',*,*,#1700,.F.);
#2364=ORIENTED_EDGE('',*,*,#1701,.F.);
#2365=ORIENTED_EDGE('',*,*,#1702,.F.);
#2366=ORIENTED_EDGE('',*,*,#1701,.T.);
#2367=ORIENTED_EDGE('',*,*,#1703,.F.);
#2368=ORIENTED_EDGE('',*,*,#1704,.F.);
#2369=ORIENTED_EDGE('',*,*,#1705,.F.);
#2370=ORIENTED_EDGE('',*,*,#1704,.T.);
#2371=ORIENTED_EDGE('',*,*,#1706,.F.);
#2372=ORIENTED_EDGE('',*,*,#1707,.F.);
#2373=ORIENTED_EDGE('',*,*,#1708,.F.);
#2374=ORIENTED_EDGE('',*,*,#1707,.T.);
#2375=ORIENTED_EDGE('',*,*,#1709,.F.);
#2376=ORIENTED_EDGE('',*,*,#1699,.F.);
#2377=ORIENTED_EDGE('',*,*,#1709,.T.);
#2378=ORIENTED_EDGE('',*,*,#1706,.T.);
#2379=ORIENTED_EDGE('',*,*,#1703,.T.);
#2380=ORIENTED_EDGE('',*,*,#1700,.T.);
#2381=ORIENTED_EDGE('',*,*,#1708,.T.);
#2382=ORIENTED_EDGE('',*,*,#1698,.T.);
#2383=ORIENTED_EDGE('',*,*,#1702,.T.);
#2384=ORIENTED_EDGE('',*,*,#1705,.T.);
#2385=ORIENTED_EDGE('',*,*,#1710,.F.);
#2386=ORIENTED_EDGE('',*,*,#1711,.T.);
#2387=ORIENTED_EDGE('',*,*,#1712,.F.);
#2388=ORIENTED_EDGE('',*,*,#1713,.F.);
#2389=ORIENTED_EDGE('',*,*,#1714,.F.);
#2390=ORIENTED_EDGE('',*,*,#1713,.T.);
#2391=ORIENTED_EDGE('',*,*,#1715,.F.);
#2392=ORIENTED_EDGE('',*,*,#1716,.F.);
#2393=ORIENTED_EDGE('',*,*,#1717,.F.);
#2394=ORIENTED_EDGE('',*,*,#1716,.T.);
#2395=ORIENTED_EDGE('',*,*,#1718,.F.);
#2396=ORIENTED_EDGE('',*,*,#1719,.F.);
#2397=ORIENTED_EDGE('',*,*,#1720,.F.);
#2398=ORIENTED_EDGE('',*,*,#1719,.T.);
#2399=ORIENTED_EDGE('',*,*,#1721,.F.);
#2400=ORIENTED_EDGE('',*,*,#1711,.F.);
#2401=ORIENTED_EDGE('',*,*,#1721,.T.);
#2402=ORIENTED_EDGE('',*,*,#1718,.T.);
#2403=ORIENTED_EDGE('',*,*,#1715,.T.);
#2404=ORIENTED_EDGE('',*,*,#1712,.T.);
#2405=ORIENTED_EDGE('',*,*,#1720,.T.);
#2406=ORIENTED_EDGE('',*,*,#1710,.T.);
#2407=ORIENTED_EDGE('',*,*,#1714,.T.);
#2408=ORIENTED_EDGE('',*,*,#1717,.T.);
#2409=ORIENTED_EDGE('',*,*,#1722,.F.);
#2410=ORIENTED_EDGE('',*,*,#1723,.T.);
#2411=ORIENTED_EDGE('',*,*,#1724,.T.);
#2412=ORIENTED_EDGE('',*,*,#1723,.F.);
#2413=ORIENTED_EDGE('',*,*,#1722,.T.);
#2414=ORIENTED_EDGE('',*,*,#1724,.F.);
#2415=ORIENTED_EDGE('',*,*,#1725,.F.);
#2416=ORIENTED_EDGE('',*,*,#1726,.T.);
#2417=ORIENTED_EDGE('',*,*,#1727,.T.);
#2418=ORIENTED_EDGE('',*,*,#1726,.F.);
#2419=ORIENTED_EDGE('',*,*,#1728,.F.);
#2420=ORIENTED_EDGE('',*,*,#1729,.T.);
#2421=ORIENTED_EDGE('',*,*,#1730,.T.);
#2422=ORIENTED_EDGE('',*,*,#1729,.F.);
#2423=ORIENTED_EDGE('',*,*,#1728,.T.);
#2424=ORIENTED_EDGE('',*,*,#1725,.T.);
#2425=ORIENTED_EDGE('',*,*,#1730,.F.);
#2426=ORIENTED_EDGE('',*,*,#1727,.F.);
#2427=ORIENTED_EDGE('',*,*,#1731,.F.);
#2428=ORIENTED_EDGE('',*,*,#1732,.T.);
#2429=ORIENTED_EDGE('',*,*,#1733,.T.);
#2430=ORIENTED_EDGE('',*,*,#1732,.F.);
#2431=ORIENTED_EDGE('',*,*,#1734,.F.);
#2432=ORIENTED_EDGE('',*,*,#1735,.T.);
#2433=ORIENTED_EDGE('',*,*,#1736,.T.);
#2434=ORIENTED_EDGE('',*,*,#1735,.F.);
#2435=ORIENTED_EDGE('',*,*,#1734,.T.);
#2436=ORIENTED_EDGE('',*,*,#1731,.T.);
#2437=ORIENTED_EDGE('',*,*,#1736,.F.);
#2438=ORIENTED_EDGE('',*,*,#1733,.F.);
#2439=ORIENTED_EDGE('',*,*,#1737,.F.);
#2440=ORIENTED_EDGE('',*,*,#1738,.T.);
#2441=ORIENTED_EDGE('',*,*,#1739,.T.);
#2442=ORIENTED_EDGE('',*,*,#1738,.F.);
#2443=ORIENTED_EDGE('',*,*,#1740,.F.);
#2444=ORIENTED_EDGE('',*,*,#1741,.T.);
#2445=ORIENTED_EDGE('',*,*,#1742,.T.);
#2446=ORIENTED_EDGE('',*,*,#1741,.F.);
#2447=ORIENTED_EDGE('',*,*,#1740,.T.);
#2448=ORIENTED_EDGE('',*,*,#1737,.T.);
#2449=ORIENTED_EDGE('',*,*,#1742,.F.);
#2450=ORIENTED_EDGE('',*,*,#1739,.F.);
#2451=ORIENTED_EDGE('',*,*,#1743,.F.);
#2452=ORIENTED_EDGE('',*,*,#1744,.T.);
#2453=ORIENTED_EDGE('',*,*,#1745,.T.);
#2454=ORIENTED_EDGE('',*,*,#1744,.F.);
#2455=ORIENTED_EDGE('',*,*,#1746,.F.);
#2456=ORIENTED_EDGE('',*,*,#1747,.T.);
#2457=ORIENTED_EDGE('',*,*,#1748,.T.);
#2458=ORIENTED_EDGE('',*,*,#1747,.F.);
#2459=ORIENTED_EDGE('',*,*,#1746,.T.);
#2460=ORIENTED_EDGE('',*,*,#1743,.T.);
#2461=ORIENTED_EDGE('',*,*,#1748,.F.);
#2462=ORIENTED_EDGE('',*,*,#1745,.F.);
#2463=CYLINDRICAL_SURFACE('',#2698,1.);
#2464=CYLINDRICAL_SURFACE('',#2702,1.);
#2465=CYLINDRICAL_SURFACE('',#2706,1.);
#2466=CYLINDRICAL_SURFACE('',#2710,1.);
#2467=CYLINDRICAL_SURFACE('',#2714,1.);
#2468=CYLINDRICAL_SURFACE('',#2717,1.);
#2469=CYLINDRICAL_SURFACE('',#2723,1.);
#2470=CYLINDRICAL_SURFACE('',#2727,1.);
#2471=CYLINDRICAL_SURFACE('',#2730,1.);
#2472=CYLINDRICAL_SURFACE('',#2734,2.);
#2473=CYLINDRICAL_SURFACE('',#2743,2.);
#2474=CYLINDRICAL_SURFACE('',#2746,2.);
#2475=CYLINDRICAL_SURFACE('',#2748,2.);
#2476=CYLINDRICAL_SURFACE('',#2750,4.);
#2477=CYLINDRICAL_SURFACE('',#2752,1.5);
#2478=CYLINDRICAL_SURFACE('',#2758,1.5);
#2479=CYLINDRICAL_SURFACE('',#2761,1.5);
#2480=CYLINDRICAL_SURFACE('',#2767,1.5);
#2481=CYLINDRICAL_SURFACE('',#2778,1.25);
#2482=CYLINDRICAL_SURFACE('',#2781,3.);
#2483=CYLINDRICAL_SURFACE('',#2793,1.25);
#2484=CYLINDRICAL_SURFACE('',#2796,3.);
#2485=CYLINDRICAL_SURFACE('',#2800,1.25);
#2486=CYLINDRICAL_SURFACE('',#2803,3.);
#2487=CYLINDRICAL_SURFACE('',#2807,1.25);
#2488=CYLINDRICAL_SURFACE('',#2810,3.);
#2489=CYLINDRICAL_SURFACE('',#2814,1.25);
#2490=CYLINDRICAL_SURFACE('',#2817,1.25);
#2491=CYLINDRICAL_SURFACE('',#2820,1.25);
#2492=CYLINDRICAL_SURFACE('',#2823,1.25);
#2493=CYLINDRICAL_SURFACE('',#2826,3.);
#2494=CYLINDRICAL_SURFACE('',#2829,3.);
#2495=CYLINDRICAL_SURFACE('',#2837,3.);
#2496=CYLINDRICAL_SURFACE('',#2839,3.);
#2497=CYLINDRICAL_SURFACE('',#2848,3.);
#2498=CYLINDRICAL_SURFACE('',#2849,3.);
#2499=CYLINDRICAL_SURFACE('',#2854,3.);
#2500=CYLINDRICAL_SURFACE('',#2856,3.);
#2501=CYLINDRICAL_SURFACE('',#2873,1.49999999999999);
#2502=CYLINDRICAL_SURFACE('',#2876,1.49999999999999);
#2503=CYLINDRICAL_SURFACE('',#2879,1.49999999999999);
#2504=CYLINDRICAL_SURFACE('',#2882,1.49999999999999);
#2505=CYLINDRICAL_SURFACE('',#2897,2.);
#2506=CYLINDRICAL_SURFACE('',#2899,2.);
#2507=CYLINDRICAL_SURFACE('',#2901,2.);
#2508=CYLINDRICAL_SURFACE('',#2903,2.);
#2509=CYLINDRICAL_SURFACE('',#2927,5.625);
#2510=CYLINDRICAL_SURFACE('',#2932,1.5);
#2511=CYLINDRICAL_SURFACE('',#2935,3.);
#2512=CYLINDRICAL_SURFACE('',#2940,1.5);
#2513=CYLINDRICAL_SURFACE('',#2943,3.);
#2514=CYLINDRICAL_SURFACE('',#2948,1.5);
#2515=CYLINDRICAL_SURFACE('',#2951,3.);
#2516=CYLINDRICAL_SURFACE('',#2956,1.5);
#2517=CYLINDRICAL_SURFACE('',#2959,3.);
#2518=ADVANCED_FACE('',(#187),#2463,.F.);
#2519=ADVANCED_FACE('',(#188),#86,.T.);
#2520=ADVANCED_FACE('',(#189),#2464,.F.);
#2521=ADVANCED_FACE('',(#190),#87,.T.);
#2522=ADVANCED_FACE('',(#191),#2465,.F.);
#2523=ADVANCED_FACE('',(#192),#88,.T.);
#2524=ADVANCED_FACE('',(#193),#2466,.F.);
#2525=ADVANCED_FACE('',(#194),#89,.T.);
#2526=ADVANCED_FACE('',(#195),#2467,.F.);
#2527=ADVANCED_FACE('',(#196),#2468,.T.);
#2528=ADVANCED_FACE('',(#197,#35),#90,.T.);
#2529=ADVANCED_FACE('',(#198),#91,.T.);
#2530=ADVANCED_FACE('',(#199),#2469,.F.);
#2531=ADVANCED_FACE('',(#200),#92,.T.);
#2532=ADVANCED_FACE('',(#201),#2470,.F.);
#2533=ADVANCED_FACE('',(#202),#2471,.F.);
#2534=ADVANCED_FACE('',(#203),#93,.T.);
#2535=ADVANCED_FACE('',(#204),#2472,.T.);
#2536=ADVANCED_FACE('',(#205,#36),#94,.T.);
#2537=ADVANCED_FACE('',(#206,#37),#95,.T.);
#2538=ADVANCED_FACE('',(#207),#2473,.T.);
#2539=ADVANCED_FACE('',(#208),#96,.T.);
#2540=ADVANCED_FACE('',(#209),#2474,.T.);
#2541=ADVANCED_FACE('',(#210),#2475,.T.);
#2542=ADVANCED_FACE('',(#211),#2476,.F.);
#2543=ADVANCED_FACE('',(#212),#2477,.F.);
#2544=ADVANCED_FACE('',(#213),#97,.T.);
#2545=ADVANCED_FACE('',(#214),#98,.T.);
#2546=ADVANCED_FACE('',(#215,#38),#99,.T.);
#2547=ADVANCED_FACE('',(#216),#2478,.F.);
#2548=ADVANCED_FACE('',(#217),#100,.T.);
#2549=ADVANCED_FACE('',(#218),#2479,.F.);
#2550=ADVANCED_FACE('',(#219),#101,.T.);
#2551=ADVANCED_FACE('',(#220),#102,.T.);
#2552=ADVANCED_FACE('',(#221,#39),#103,.T.);
#2553=ADVANCED_FACE('',(#222),#2480,.F.);
#2554=ADVANCED_FACE('',(#223),#104,.T.);
#2555=ADVANCED_FACE('',(#224),#105,.T.);
#2556=ADVANCED_FACE('',(#225,#40),#106,.T.);
#2557=ADVANCED_FACE('',(#226),#107,.T.);
#2558=ADVANCED_FACE('',(#227),#108,.T.);
#2559=ADVANCED_FACE('',(#228),#109,.T.);
#2560=ADVANCED_FACE('',(#229),#110,.T.);
#2561=ADVANCED_FACE('',(#230),#111,.T.);
#2562=ADVANCED_FACE('',(#231),#2481,.F.);
#2563=ADVANCED_FACE('',(#232),#2482,.T.);
#2564=ADVANCED_FACE('',(#233,#41),#112,.T.);
#2565=ADVANCED_FACE('',(#234,#42,#43,#44,#45,#46),#113,.T.);
#2566=ADVANCED_FACE('',(#235),#2483,.F.);
#2567=ADVANCED_FACE('',(#236),#2484,.T.);
#2568=ADVANCED_FACE('',(#237,#47),#114,.T.);
#2569=ADVANCED_FACE('',(#238),#115,.T.);
#2570=ADVANCED_FACE('',(#239),#2485,.F.);
#2571=ADVANCED_FACE('',(#240),#2486,.T.);
#2572=ADVANCED_FACE('',(#241,#48),#116,.T.);
#2573=ADVANCED_FACE('',(#242),#117,.T.);
#2574=ADVANCED_FACE('',(#243),#2487,.F.);
#2575=ADVANCED_FACE('',(#244),#2488,.T.);
#2576=ADVANCED_FACE('',(#245,#49),#118,.T.);
#2577=ADVANCED_FACE('',(#246),#119,.T.);
#2578=ADVANCED_FACE('',(#247),#2489,.F.);
#2579=ADVANCED_FACE('',(#248),#2490,.F.);
#2580=ADVANCED_FACE('',(#249),#2491,.F.);
#2581=ADVANCED_FACE('',(#250),#2492,.F.);
#2582=ADVANCED_FACE('',(#251),#2493,.T.);
#2583=ADVANCED_FACE('',(#252),#2494,.T.);
#2584=ADVANCED_FACE('',(#253),#120,.F.);
#2585=ADVANCED_FACE('',(#254),#121,.F.);
#2586=ADVANCED_FACE('',(#255),#122,.T.);
#2587=ADVANCED_FACE('',(#256),#123,.T.);
#2588=ADVANCED_FACE('',(#257),#124,.F.);
#2589=ADVANCED_FACE('',(#258),#125,.F.);
#2590=ADVANCED_FACE('',(#259),#2495,.T.);
#2591=ADVANCED_FACE('',(#260),#2496,.T.);
#2592=ADVANCED_FACE('',(#261,#50),#126,.F.);
#2593=ADVANCED_FACE('',(#262,#51,#52,#53,#54,#55,#56,#57,#58,#59),#127,
 .F.);
#2594=ADVANCED_FACE('',(#263),#2497,.T.);
#2595=ADVANCED_FACE('',(#264),#2498,.T.);
#2596=ADVANCED_FACE('',(#265),#128,.F.);
#2597=ADVANCED_FACE('',(#266),#129,.T.);
#2598=ADVANCED_FACE('',(#267),#130,.F.);
#2599=ADVANCED_FACE('',(#268),#2499,.T.);
#2600=ADVANCED_FACE('',(#269),#2500,.T.);
#2601=ADVANCED_FACE('',(#270),#131,.F.);
#2602=ADVANCED_FACE('',(#271),#132,.F.);
#2603=ADVANCED_FACE('',(#272),#133,.F.);
#2604=ADVANCED_FACE('',(#273),#134,.T.);
#2605=ADVANCED_FACE('',(#274),#135,.T.);
#2606=ADVANCED_FACE('',(#275),#136,.F.);
#2607=ADVANCED_FACE('',(#276),#137,.F.);
#2608=ADVANCED_FACE('',(#277),#138,.F.);
#2609=ADVANCED_FACE('',(#278),#139,.F.);
#2610=ADVANCED_FACE('',(#279),#140,.F.);
#2611=ADVANCED_FACE('',(#280),#141,.F.);
#2612=ADVANCED_FACE('',(#281,#60,#61,#62,#63,#64,#65,#66,#67),#142,.F.);
#2613=ADVANCED_FACE('',(#282),#143,.F.);
#2614=ADVANCED_FACE('',(#283),#144,.F.);
#2615=ADVANCED_FACE('',(#284),#145,.F.);
#2616=ADVANCED_FACE('',(#285),#146,.F.);
#2617=ADVANCED_FACE('',(#286),#2501,.F.);
#2618=ADVANCED_FACE('',(#287),#2502,.F.);
#2619=ADVANCED_FACE('',(#288),#2503,.F.);
#2620=ADVANCED_FACE('',(#289),#2504,.F.);
#2621=ADVANCED_FACE('',(#290,#68,#69,#70,#71),#147,.T.);
#2622=ADVANCED_FACE('',(#291,#72,#73,#74,#75),#148,.F.);
#2623=ADVANCED_FACE('',(#292,#76),#149,.F.);
#2624=ADVANCED_FACE('',(#293,#77),#150,.T.);
#2625=ADVANCED_FACE('',(#294),#2505,.T.);
#2626=ADVANCED_FACE('',(#295),#151,.T.);
#2627=ADVANCED_FACE('',(#296),#2506,.T.);
#2628=ADVANCED_FACE('',(#297),#152,.T.);
#2629=ADVANCED_FACE('',(#298),#2507,.T.);
#2630=ADVANCED_FACE('',(#299),#153,.T.);
#2631=ADVANCED_FACE('',(#300),#2508,.T.);
#2632=ADVANCED_FACE('',(#301),#154,.T.);
#2633=ADVANCED_FACE('',(#302),#155,.T.);
#2634=ADVANCED_FACE('',(#303),#156,.T.);
#2635=ADVANCED_FACE('',(#304),#157,.T.);
#2636=ADVANCED_FACE('',(#305),#158,.T.);
#2637=ADVANCED_FACE('',(#306),#159,.F.);
#2638=ADVANCED_FACE('',(#307),#160,.T.);
#2639=ADVANCED_FACE('',(#308),#161,.T.);
#2640=ADVANCED_FACE('',(#309),#162,.T.);
#2641=ADVANCED_FACE('',(#310),#163,.T.);
#2642=ADVANCED_FACE('',(#311),#164,.T.);
#2643=ADVANCED_FACE('',(#312),#165,.T.);
#2644=ADVANCED_FACE('',(#313),#166,.T.);
#2645=ADVANCED_FACE('',(#314),#167,.T.);
#2646=ADVANCED_FACE('',(#315),#168,.T.);
#2647=ADVANCED_FACE('',(#316),#169,.T.);
#2648=ADVANCED_FACE('',(#317),#170,.F.);
#2649=ADVANCED_FACE('',(#318),#171,.T.);
#2650=ADVANCED_FACE('',(#319),#172,.T.);
#2651=ADVANCED_FACE('',(#320),#173,.T.);
#2652=ADVANCED_FACE('',(#321),#174,.T.);
#2653=ADVANCED_FACE('',(#322),#175,.T.);
#2654=ADVANCED_FACE('',(#323),#176,.F.);
#2655=ADVANCED_FACE('',(#324),#2509,.T.);
#2656=ADVANCED_FACE('',(#325),#177,.T.);
#2657=ADVANCED_FACE('',(#326),#178,.F.);
#2658=ADVANCED_FACE('',(#327),#2510,.F.);
#2659=ADVANCED_FACE('',(#328),#2511,.T.);
#2660=ADVANCED_FACE('',(#329,#78),#179,.T.);
#2661=ADVANCED_FACE('',(#330,#79),#180,.F.);
#2662=ADVANCED_FACE('',(#331),#2512,.F.);
#2663=ADVANCED_FACE('',(#332),#2513,.T.);
#2664=ADVANCED_FACE('',(#333,#80),#181,.T.);
#2665=ADVANCED_FACE('',(#334,#81),#182,.F.);
#2666=ADVANCED_FACE('',(#335),#2514,.F.);
#2667=ADVANCED_FACE('',(#336),#2515,.T.);
#2668=ADVANCED_FACE('',(#337,#82),#183,.T.);
#2669=ADVANCED_FACE('',(#338,#83),#184,.F.);
#2670=ADVANCED_FACE('',(#339),#2516,.F.);
#2671=ADVANCED_FACE('',(#340),#2517,.T.);
#2672=ADVANCED_FACE('',(#341,#84),#185,.T.);
#2673=ADVANCED_FACE('',(#342,#85),#186,.F.);
#2674=CLOSED_SHELL('',(#2518,#2519,#2520,#2521,#2522,#2523,#2524,#2525,
#2526,#2527,#2528,#2529,#2530,#2531,#2532,#2533,#2534,#2535,#2536,#2537,
#2538,#2539,#2540,#2541,#2542,#2543,#2544,#2545,#2546,#2547,#2548,#2549,
#2550,#2551,#2552,#2553,#2554,#2555,#2556,#2557,#2558,#2559,#2560,#2561,
#2562,#2563,#2564,#2565,#2566,#2567,#2568,#2569,#2570,#2571,#2572,#2573,
#2574,#2575,#2576,#2577,#2578,#2579,#2580,#2581,#2582,#2583,#2584,#2585,
#2586,#2587,#2588,#2589,#2590,#2591,#2592,#2593,#2594,#2595,#2596,#2597,
#2598,#2599,#2600,#2601,#2602,#2603,#2604,#2605,#2606,#2607,#2608,#2609,
#2610,#2611,#2612));
#2675=CLOSED_SHELL('',(#2613,#2614,#2615,#2616,#2617,#2618,#2619,#2620,
#2621,#2622));
#2676=CLOSED_SHELL('',(#2623,#2624,#2625,#2626,#2627,#2628,#2629,#2630,
#2631,#2632,#2633,#2634,#2635,#2636));
#2677=CLOSED_SHELL('',(#2637,#2638,#2639,#2640,#2641,#2642));
#2678=CLOSED_SHELL('',(#2643,#2644,#2645,#2646,#2647,#2648));
#2679=CLOSED_SHELL('',(#2649,#2650,#2651,#2652,#2653,#2654));
#2680=CLOSED_SHELL('',(#2655,#2656,#2657));
#2681=CLOSED_SHELL('',(#2658,#2659,#2660,#2661));
#2682=CLOSED_SHELL('',(#2662,#2663,#2664,#2665));
#2683=CLOSED_SHELL('',(#2666,#2667,#2668,#2669));
#2684=CLOSED_SHELL('',(#2670,#2671,#2672,#2673));
#2685=DERIVED_UNIT_ELEMENT(#2687,1.);
#2686=DERIVED_UNIT_ELEMENT(#4502,-3.);
#2687=(
MASS_UNIT()
NAMED_UNIT(*)
SI_UNIT(.KILO.,.GRAM.)
);
#2688=DERIVED_UNIT((#2685,#2686));
#2689=MEASURE_REPRESENTATION_ITEM('density measure',
POSITIVE_RATIO_MEASURE(1301.),#2688);
#2690=PROPERTY_DEFINITION_REPRESENTATION(#2695,#2692);
#2691=PROPERTY_DEFINITION_REPRESENTATION(#2696,#2693);
#2692=REPRESENTATION('material name',(#2694),#4499);
#2693=REPRESENTATION('density',(#2689),#4499);
#2694=DESCRIPTIVE_REPRESENTATION_ITEM('Aluminum 6061','Aluminum 6061');
#2695=PROPERTY_DEFINITION('material property','material name',#4509);
#2696=PROPERTY_DEFINITION('material property','density of part',#4509);
#2697=AXIS2_PLACEMENT_3D('',#3745,#2964,#2965);
#2698=AXIS2_PLACEMENT_3D('',#3746,#2966,#2967);
#2699=AXIS2_PLACEMENT_3D('',#3749,#2968,#2969);
#2700=AXIS2_PLACEMENT_3D('',#3753,#2971,#2972);
#2701=AXIS2_PLACEMENT_3D('',#3755,#2974,#2975);
#2702=AXIS2_PLACEMENT_3D('',#3761,#2979,#2980);
#2703=AXIS2_PLACEMENT_3D('',#3764,#2981,#2982);
#2704=AXIS2_PLACEMENT_3D('',#3768,#2984,#2985);
#2705=AXIS2_PLACEMENT_3D('',#3770,#2987,#2988);
#2706=AXIS2_PLACEMENT_3D('',#3776,#2992,#2993);
#2707=AXIS2_PLACEMENT_3D('',#3779,#2994,#2995);
#2708=AXIS2_PLACEMENT_3D('',#3783,#2997,#2998);
#2709=AXIS2_PLACEMENT_3D('',#3785,#3000,#3001);
#2710=AXIS2_PLACEMENT_3D('',#3791,#3005,#3006);
#2711=AXIS2_PLACEMENT_3D('',#3794,#3007,#3008);
#2712=AXIS2_PLACEMENT_3D('',#3798,#3010,#3011);
#2713=AXIS2_PLACEMENT_3D('',#3800,#3013,#3014);
#2714=AXIS2_PLACEMENT_3D('',#3816,#3024,#3025);
#2715=AXIS2_PLACEMENT_3D('',#3818,#3026,#3027);
#2716=AXIS2_PLACEMENT_3D('',#3820,#3028,#3029);
#2717=AXIS2_PLACEMENT_3D('',#3822,#3031,#3032);
#2718=AXIS2_PLACEMENT_3D('',#3825,#3033,#3034);
#2719=AXIS2_PLACEMENT_3D('',#3829,#3036,#3037);
#2720=AXIS2_PLACEMENT_3D('',#3831,#3039,#3040);
#2721=AXIS2_PLACEMENT_3D('',#3835,#3043,#3044);
#2722=AXIS2_PLACEMENT_3D('',#3836,#3045,#3046);
#2723=AXIS2_PLACEMENT_3D('',#3838,#3048,#3049);
#2724=AXIS2_PLACEMENT_3D('',#3841,#3050,#3051);
#2725=AXIS2_PLACEMENT_3D('',#3845,#3053,#3054);
#2726=AXIS2_PLACEMENT_3D('',#3847,#3056,#3057);
#2727=AXIS2_PLACEMENT_3D('',#3866,#3068,#3069);
#2728=AXIS2_PLACEMENT_3D('',#3868,#3070,#3071);
#2729=AXIS2_PLACEMENT_3D('',#3870,#3072,#3073);
#2730=AXIS2_PLACEMENT_3D('',#3872,#3075,#3076);
#2731=AXIS2_PLACEMENT_3D('',#3874,#3077,#3078);
#2732=AXIS2_PLACEMENT_3D('',#3877,#3080,#3081);
#2733=AXIS2_PLACEMENT_3D('',#3878,#3082,#3083);
#2734=AXIS2_PLACEMENT_3D('',#3884,#3087,#3088);
#2735=AXIS2_PLACEMENT_3D('',#3886,#3089,#3090);
#2736=AXIS2_PLACEMENT_3D('',#3889,#3092,#3093);
#2737=AXIS2_PLACEMENT_3D('',#3890,#3094,#3095);
#2738=AXIS2_PLACEMENT_3D('',#3897,#3099,#3100);
#2739=AXIS2_PLACEMENT_3D('',#3898,#3101,#3102);
#2740=AXIS2_PLACEMENT_3D('',#3900,#3103,#3104);
#2741=AXIS2_PLACEMENT_3D('',#3903,#3106,#3107);
#2742=AXIS2_PLACEMENT_3D('',#3904,#3108,#3109);
#2743=AXIS2_PLACEMENT_3D('',#3913,#3114,#3115);
#2744=AXIS2_PLACEMENT_3D('',#3915,#3116,#3117);
#2745=AXIS2_PLACEMENT_3D('',#3917,#3119,#3120);
#2746=AXIS2_PLACEMENT_3D('',#3921,#3123,#3124);
#2747=AXIS2_PLACEMENT_3D('',#3922,#3125,#3126);
#2748=AXIS2_PLACEMENT_3D('',#3923,#3127,#3128);
#2749=AXIS2_PLACEMENT_3D('',#3924,#3129,#3130);
#2750=AXIS2_PLACEMENT_3D('',#3925,#3131,#3132);
#2751=AXIS2_PLACEMENT_3D('',#3928,#3134,#3135);
#2752=AXIS2_PLACEMENT_3D('',#3929,#3136,#3137);
#2753=AXIS2_PLACEMENT_3D('',#3931,#3138,#3139);
#2754=AXIS2_PLACEMENT_3D('',#3934,#3141,#3142);
#2755=AXIS2_PLACEMENT_3D('',#3935,#3143,#3144);
#2756=AXIS2_PLACEMENT_3D('',#3941,#3148,#3149);
#2757=AXIS2_PLACEMENT_3D('',#3944,#3152,#3153);
#2758=AXIS2_PLACEMENT_3D('',#3945,#3154,#3155);
#2759=AXIS2_PLACEMENT_3D('',#3948,#3157,#3158);
#2760=AXIS2_PLACEMENT_3D('',#3949,#3159,#3160);
#2761=AXIS2_PLACEMENT_3D('',#3951,#3162,#3163);
#2762=AXIS2_PLACEMENT_3D('',#3953,#3164,#3165);
#2763=AXIS2_PLACEMENT_3D('',#3956,#3167,#3168);
#2764=AXIS2_PLACEMENT_3D('',#3957,#3169,#3170);
#2765=AXIS2_PLACEMENT_3D('',#3963,#3174,#3175);
#2766=AXIS2_PLACEMENT_3D('',#3966,#3178,#3179);
#2767=AXIS2_PLACEMENT_3D('',#3967,#3180,#3181);
#2768=AXIS2_PLACEMENT_3D('',#3969,#3182,#3183);
#2769=AXIS2_PLACEMENT_3D('',#3972,#3185,#3186);
#2770=AXIS2_PLACEMENT_3D('',#3973,#3187,#3188);
#2771=AXIS2_PLACEMENT_3D('',#3979,#3192,#3193);
#2772=AXIS2_PLACEMENT_3D('',#3982,#3196,#3197);
#2773=AXIS2_PLACEMENT_3D('',#3983,#3198,#3199);
#2774=AXIS2_PLACEMENT_3D('',#3992,#3204,#3205);
#2775=AXIS2_PLACEMENT_3D('',#3998,#3209,#3210);
#2776=AXIS2_PLACEMENT_3D('',#4004,#3214,#3215);
#2777=AXIS2_PLACEMENT_3D('',#4007,#3218,#3219);
#2778=AXIS2_PLACEMENT_3D('',#4008,#3220,#3221);
#2779=AXIS2_PLACEMENT_3D('',#4010,#3222,#3223);
#2780=AXIS2_PLACEMENT_3D('',#4013,#3225,#3226);
#2781=AXIS2_PLACEMENT_3D('',#4014,#3227,#3228);
#2782=AXIS2_PLACEMENT_3D('',#4016,#3229,#3230);
#2783=AXIS2_PLACEMENT_3D('',#4019,#3232,#3233);
#2784=AXIS2_PLACEMENT_3D('',#4020,#3234,#3235);
#2785=AXIS2_PLACEMENT_3D('',#4021,#3236,#3237);
#2786=AXIS2_PLACEMENT_3D('',#4024,#3238,#3239);
#2787=AXIS2_PLACEMENT_3D('',#4028,#3241,#3242);
#2788=AXIS2_PLACEMENT_3D('',#4032,#3244,#3245);
#2789=AXIS2_PLACEMENT_3D('',#4036,#3247,#3248);
#2790=AXIS2_PLACEMENT_3D('',#4039,#3250,#3251);
#2791=AXIS2_PLACEMENT_3D('',#4041,#3252,#3253);
#2792=AXIS2_PLACEMENT_3D('',#4043,#3254,#3255);
#2793=AXIS2_PLACEMENT_3D('',#4044,#3256,#3257);
#2794=AXIS2_PLACEMENT_3D('',#4046,#3258,#3259);
#2795=AXIS2_PLACEMENT_3D('',#4049,#3261,#3262);
#2796=AXIS2_PLACEMENT_3D('',#4050,#3263,#3264);
#2797=AXIS2_PLACEMENT_3D('',#4052,#3265,#3266);
#2798=AXIS2_PLACEMENT_3D('',#4054,#3268,#3269);
#2799=AXIS2_PLACEMENT_3D('',#4055,#3270,#3271);
#2800=AXIS2_PLACEMENT_3D('',#4056,#3272,#3273);
#2801=AXIS2_PLACEMENT_3D('',#4058,#3274,#3275);
#2802=AXIS2_PLACEMENT_3D('',#4061,#3277,#3278);
#2803=AXIS2_PLACEMENT_3D('',#4062,#3279,#3280);
#2804=AXIS2_PLACEMENT_3D('',#4064,#3281,#3282);
#2805=AXIS2_PLACEMENT_3D('',#4066,#3284,#3285);
#2806=AXIS2_PLACEMENT_3D('',#4067,#3286,#3287);
#2807=AXIS2_PLACEMENT_3D('',#4068,#3288,#3289);
#2808=AXIS2_PLACEMENT_3D('',#4070,#3290,#3291);
#2809=AXIS2_PLACEMENT_3D('',#4073,#3293,#3294);
#2810=AXIS2_PLACEMENT_3D('',#4074,#3295,#3296);
#2811=AXIS2_PLACEMENT_3D('',#4076,#3297,#3298);
#2812=AXIS2_PLACEMENT_3D('',#4078,#3300,#3301);
#2813=AXIS2_PLACEMENT_3D('',#4079,#3302,#3303);
#2814=AXIS2_PLACEMENT_3D('',#4080,#3304,#3305);
#2815=AXIS2_PLACEMENT_3D('',#4082,#3306,#3307);
#2816=AXIS2_PLACEMENT_3D('',#4085,#3309,#3310);
#2817=AXIS2_PLACEMENT_3D('',#4086,#3311,#3312);
#2818=AXIS2_PLACEMENT_3D('',#4088,#3313,#3314);
#2819=AXIS2_PLACEMENT_3D('',#4091,#3316,#3317);
#2820=AXIS2_PLACEMENT_3D('',#4092,#3318,#3319);
#2821=AXIS2_PLACEMENT_3D('',#4094,#3320,#3321);
#2822=AXIS2_PLACEMENT_3D('',#4097,#3323,#3324);
#2823=AXIS2_PLACEMENT_3D('',#4098,#3325,#3326);
#2824=AXIS2_PLACEMENT_3D('',#4100,#3327,#3328);
#2825=AXIS2_PLACEMENT_3D('',#4103,#3330,#3331);
#2826=AXIS2_PLACEMENT_3D('',#4104,#3332,#3333);
#2827=AXIS2_PLACEMENT_3D('',#4109,#3335,#3336);
#2828=AXIS2_PLACEMENT_3D('',#4112,#3338,#3339);
#2829=AXIS2_PLACEMENT_3D('',#4113,#3340,#3341);
#2830=AXIS2_PLACEMENT_3D('',#4117,#3343,#3344);
#2831=AXIS2_PLACEMENT_3D('',#4119,#3346,#3347);
#2832=AXIS2_PLACEMENT_3D('',#4125,#3351,#3352);
#2833=AXIS2_PLACEMENT_3D('',#4129,#3355,#3356);
#2834=AXIS2_PLACEMENT_3D('',#4131,#3358,#3359);
#2835=AXIS2_PLACEMENT_3D('',#4132,#3360,#3361);
#2836=AXIS2_PLACEMENT_3D('',#4134,#3363,#3364);
#2837=AXIS2_PLACEMENT_3D('',#4138,#3367,#3368);
#2838=AXIS2_PLACEMENT_3D('',#4141,#3370,#3371);
#2839=AXIS2_PLACEMENT_3D('',#4142,#3372,#3373);
#2840=AXIS2_PLACEMENT_3D('',#4147,#3375,#3376);
#2841=AXIS2_PLACEMENT_3D('',#4150,#3378,#3379);
#2842=AXIS2_PLACEMENT_3D('',#4151,#3380,#3381);
#2843=AXIS2_PLACEMENT_3D('',#4155,#3384,#3385);
#2844=AXIS2_PLACEMENT_3D('',#4169,#3392,#3393);
#2845=AXIS2_PLACEMENT_3D('',#4175,#3396,#3397);
#2846=AXIS2_PLACEMENT_3D('',#4180,#3400,#3401);
#2847=AXIS2_PLACEMENT_3D('',#4183,#3403,#3404);
#2848=AXIS2_PLACEMENT_3D('',#4184,#3405,#3406);
#2849=AXIS2_PLACEMENT_3D('',#4186,#3408,#3409);
#2850=AXIS2_PLACEMENT_3D('',#4190,#3411,#3412);
#2851=AXIS2_PLACEMENT_3D('',#4192,#3414,#3415);
#2852=AXIS2_PLACEMENT_3D('',#4194,#3417,#3418);
#2853=AXIS2_PLACEMENT_3D('',#4198,#3421,#3422);
#2854=AXIS2_PLACEMENT_3D('',#4200,#3424,#3425);
#2855=AXIS2_PLACEMENT_3D('',#4204,#3427,#3428);
#2856=AXIS2_PLACEMENT_3D('',#4206,#3430,#3431);
#2857=AXIS2_PLACEMENT_3D('',#4207,#3432,#3433);
#2858=AXIS2_PLACEMENT_3D('',#4211,#3436,#3437);
#2859=AXIS2_PLACEMENT_3D('',#4213,#3439,#3440);
#2860=AXIS2_PLACEMENT_3D('',#4217,#3443,#3444);
#2861=AXIS2_PLACEMENT_3D('',#4218,#3445,#3446);
#2862=AXIS2_PLACEMENT_3D('',#4220,#3448,#3449);
#2863=AXIS2_PLACEMENT_3D('',#4223,#3452,#3453);
#2864=AXIS2_PLACEMENT_3D('',#4225,#3455,#3456);
#2865=AXIS2_PLACEMENT_3D('',#4227,#3458,#3459);
#2866=AXIS2_PLACEMENT_3D('',#4228,#3460,#3461);
#2867=AXIS2_PLACEMENT_3D('',#4229,#3462,#3463);
#2868=AXIS2_PLACEMENT_3D('',#4230,#3464,#3465);
#2869=AXIS2_PLACEMENT_3D('',#4231,#3466,#3467);
#2870=AXIS2_PLACEMENT_3D('',#4240,#3472,#3473);
#2871=AXIS2_PLACEMENT_3D('',#4246,#3477,#3478);
#2872=AXIS2_PLACEMENT_3D('',#4252,#3482,#3483);
#2873=AXIS2_PLACEMENT_3D('',#4255,#3486,#3487);
#2874=AXIS2_PLACEMENT_3D('',#4257,#3488,#3489);
#2875=AXIS2_PLACEMENT_3D('',#4260,#3491,#3492);
#2876=AXIS2_PLACEMENT_3D('',#4261,#3493,#3494);
#2877=AXIS2_PLACEMENT_3D('',#4263,#3495,#3496);
#2878=AXIS2_PLACEMENT_3D('',#4266,#3498,#3499);
#2879=AXIS2_PLACEMENT_3D('',#4267,#3500,#3501);
#2880=AXIS2_PLACEMENT_3D('',#4269,#3502,#3503);
#2881=AXIS2_PLACEMENT_3D('',#4272,#3505,#3506);
#2882=AXIS2_PLACEMENT_3D('',#4273,#3507,#3508);
#2883=AXIS2_PLACEMENT_3D('',#4275,#3509,#3510);
#2884=AXIS2_PLACEMENT_3D('',#4278,#3512,#3513);
#2885=AXIS2_PLACEMENT_3D('',#4279,#3514,#3515);
#2886=AXIS2_PLACEMENT_3D('',#4280,#3516,#3517);
#2887=AXIS2_PLACEMENT_3D('',#4281,#3518,#3519);
#2888=AXIS2_PLACEMENT_3D('',#4284,#3520,#3521);
#2889=AXIS2_PLACEMENT_3D('',#4288,#3523,#3524);
#2890=AXIS2_PLACEMENT_3D('',#4292,#3526,#3527);
#2891=AXIS2_PLACEMENT_3D('',#4296,#3529,#3530);
#2892=AXIS2_PLACEMENT_3D('',#4306,#3536,#3537);
#2893=AXIS2_PLACEMENT_3D('',#4309,#3538,#3539);
#2894=AXIS2_PLACEMENT_3D('',#4313,#3541,#3542);
#2895=AXIS2_PLACEMENT_3D('',#4317,#3544,#3545);
#2896=AXIS2_PLACEMENT_3D('',#4321,#3547,#3548);
#2897=AXIS2_PLACEMENT_3D('',#4331,#3554,#3555);
#2898=AXIS2_PLACEMENT_3D('',#4334,#3558,#3559);
#2899=AXIS2_PLACEMENT_3D('',#4336,#3561,#3562);
#2900=AXIS2_PLACEMENT_3D('',#4338,#3564,#3565);
#2901=AXIS2_PLACEMENT_3D('',#4340,#3567,#3568);
#2902=AXIS2_PLACEMENT_3D('',#4342,#3570,#3571);
#2903=AXIS2_PLACEMENT_3D('',#4344,#3573,#3574);
#2904=AXIS2_PLACEMENT_3D('',#4346,#3576,#3577);
#2905=AXIS2_PLACEMENT_3D('',#4347,#3578,#3579);
#2906=AXIS2_PLACEMENT_3D('',#4350,#3582,#3583);
#2907=AXIS2_PLACEMENT_3D('',#4352,#3585,#3586);
#2908=AXIS2_PLACEMENT_3D('',#4354,#3588,#3589);
#2909=AXIS2_PLACEMENT_3D('',#4355,#3590,#3591);
#2910=AXIS2_PLACEMENT_3D('',#4364,#3596,#3597);
#2911=AXIS2_PLACEMENT_3D('',#4370,#3601,#3602);
#2912=AXIS2_PLACEMENT_3D('',#4374,#3605,#3606);
#2913=AXIS2_PLACEMENT_3D('',#4378,#3609,#3610);
#2914=AXIS2_PLACEMENT_3D('',#4380,#3612,#3613);
#2915=AXIS2_PLACEMENT_3D('',#4381,#3614,#3615);
#2916=AXIS2_PLACEMENT_3D('',#4390,#3620,#3621);
#2917=AXIS2_PLACEMENT_3D('',#4396,#3625,#3626);
#2918=AXIS2_PLACEMENT_3D('',#4402,#3630,#3631);
#2919=AXIS2_PLACEMENT_3D('',#4405,#3634,#3635);
#2920=AXIS2_PLACEMENT_3D('',#4406,#3636,#3637);
#2921=AXIS2_PLACEMENT_3D('',#4407,#3638,#3639);
#2922=AXIS2_PLACEMENT_3D('',#4416,#3644,#3645);
#2923=AXIS2_PLACEMENT_3D('',#4422,#3649,#3650);
#2924=AXIS2_PLACEMENT_3D('',#4428,#3654,#3655);
#2925=AXIS2_PLACEMENT_3D('',#4431,#3658,#3659);
#2926=AXIS2_PLACEMENT_3D('',#4432,#3660,#3661);
#2927=AXIS2_PLACEMENT_3D('',#4433,#3662,#3663);
#2928=AXIS2_PLACEMENT_3D('',#4435,#3664,#3665);
#2929=AXIS2_PLACEMENT_3D('',#4438,#3667,#3668);
#2930=AXIS2_PLACEMENT_3D('',#4439,#3669,#3670);
#2931=AXIS2_PLACEMENT_3D('',#4440,#3671,#3672);
#2932=AXIS2_PLACEMENT_3D('',#4441,#3673,#3674);
#2933=AXIS2_PLACEMENT_3D('',#4443,#3675,#3676);
#2934=AXIS2_PLACEMENT_3D('',#4446,#3678,#3679);
#2935=AXIS2_PLACEMENT_3D('',#4447,#3680,#3681);
#2936=AXIS2_PLACEMENT_3D('',#4449,#3682,#3683);
#2937=AXIS2_PLACEMENT_3D('',#4452,#3685,#3686);
#2938=AXIS2_PLACEMENT_3D('',#4453,#3687,#3688);
#2939=AXIS2_PLACEMENT_3D('',#4454,#3689,#3690);
#2940=AXIS2_PLACEMENT_3D('',#4455,#3691,#3692);
#2941=AXIS2_PLACEMENT_3D('',#4457,#3693,#3694);
#2942=AXIS2_PLACEMENT_3D('',#4460,#3696,#3697);
#2943=AXIS2_PLACEMENT_3D('',#4461,#3698,#3699);
#2944=AXIS2_PLACEMENT_3D('',#4463,#3700,#3701);
#2945=AXIS2_PLACEMENT_3D('',#4466,#3703,#3704);
#2946=AXIS2_PLACEMENT_3D('',#4467,#3705,#3706);
#2947=AXIS2_PLACEMENT_3D('',#4468,#3707,#3708);
#2948=AXIS2_PLACEMENT_3D('',#4469,#3709,#3710);
#2949=AXIS2_PLACEMENT_3D('',#4471,#3711,#3712);
#2950=AXIS2_PLACEMENT_3D('',#4474,#3714,#3715);
#2951=AXIS2_PLACEMENT_3D('',#4475,#3716,#3717);
#2952=AXIS2_PLACEMENT_3D('',#4477,#3718,#3719);
#2953=AXIS2_PLACEMENT_3D('',#4480,#3721,#3722);
#2954=AXIS2_PLACEMENT_3D('',#4481,#3723,#3724);
#2955=AXIS2_PLACEMENT_3D('',#4482,#3725,#3726);
#2956=AXIS2_PLACEMENT_3D('',#4483,#3727,#3728);
#2957=AXIS2_PLACEMENT_3D('',#4485,#3729,#3730);
#2958=AXIS2_PLACEMENT_3D('',#4488,#3732,#3733);
#2959=AXIS2_PLACEMENT_3D('',#4489,#3734,#3735);
#2960=AXIS2_PLACEMENT_3D('',#4491,#3736,#3737);
#2961=AXIS2_PLACEMENT_3D('',#4494,#3739,#3740);
#2962=AXIS2_PLACEMENT_3D('',#4495,#3741,#3742);
#2963=AXIS2_PLACEMENT_3D('',#4496,#3743,#3744);
#2964=DIRECTION('axis',(0.,0.,1.));
#2965=DIRECTION('refdir',(1.,0.,0.));
#2966=DIRECTION('center_axis',(0.,0.,-1.));
#2967=DIRECTION('ref_axis',(-0.707106781186544,0.707106781186551,0.));
#2968=DIRECTION('center_axis',(0.,0.,1.));
#2969=DIRECTION('ref_axis',(-0.707106781186544,0.707106781186551,0.));
#2970=DIRECTION('',(0.,0.,-1.));
#2971=DIRECTION('center_axis',(0.,0.,-1.));
#2972=DIRECTION('ref_axis',(-0.707106781186544,0.707106781186551,0.));
#2973=DIRECTION('',(0.,0.,1.));
#2974=DIRECTION('center_axis',(1.,0.,0.));
#2975=DIRECTION('ref_axis',(0.,1.,0.));
#2976=DIRECTION('',(0.,1.,0.));
#2977=DIRECTION('',(0.,0.,1.));
#2978=DIRECTION('',(0.,1.,0.));
#2979=DIRECTION('center_axis',(0.,0.,-1.));
#2980=DIRECTION('ref_axis',(0.707106781186544,-0.707106781186551,0.));
#2981=DIRECTION('center_axis',(0.,0.,1.));
#2982=DIRECTION('ref_axis',(0.707106781186544,-0.707106781186551,0.));
#2983=DIRECTION('',(0.,0.,-1.));
#2984=DIRECTION('center_axis',(0.,0.,-1.));
#2985=DIRECTION('ref_axis',(0.707106781186544,-0.707106781186551,0.));
#2986=DIRECTION('',(0.,0.,1.));
#2987=DIRECTION('center_axis',(-1.,0.,0.));
#2988=DIRECTION('ref_axis',(0.,-1.,0.));
#2989=DIRECTION('',(0.,-1.,0.));
#2990=DIRECTION('',(0.,0.,1.));
#2991=DIRECTION('',(0.,1.,0.));
#2992=DIRECTION('center_axis',(0.,0.,-1.));
#2993=DIRECTION('ref_axis',(0.707106781186544,-0.707106781186551,0.));
#2994=DIRECTION('center_axis',(0.,0.,1.));
#2995=DIRECTION('ref_axis',(0.707106781186544,-0.707106781186551,0.));
#2996=DIRECTION('',(0.,0.,-1.));
#2997=DIRECTION('center_axis',(0.,0.,-1.));
#2998=DIRECTION('ref_axis',(0.707106781186544,-0.707106781186551,0.));
#2999=DIRECTION('',(0.,0.,1.));
#3000=DIRECTION('center_axis',(-1.,0.,0.));
#3001=DIRECTION('ref_axis',(0.,-1.,0.));
#3002=DIRECTION('',(0.,-1.,0.));
#3003=DIRECTION('',(0.,0.,1.));
#3004=DIRECTION('',(0.,-1.,0.));
#3005=DIRECTION('center_axis',(0.,0.,1.));
#3006=DIRECTION('ref_axis',(-0.707106781186548,-0.707106781186548,0.));
#3007=DIRECTION('center_axis',(0.,0.,1.));
#3008=DIRECTION('ref_axis',(-0.707106781186548,-0.707106781186548,0.));
#3009=DIRECTION('',(0.,0.,-1.));
#3010=DIRECTION('center_axis',(0.,0.,-1.));
#3011=DIRECTION('ref_axis',(-0.707106781186548,-0.707106781186548,0.));
#3012=DIRECTION('',(0.,0.,1.));
#3013=DIRECTION('center_axis',(0.,1.,0.));
#3014=DIRECTION('ref_axis',(-1.,0.,0.));
#3015=DIRECTION('',(-1.,0.,0.));
#3016=DIRECTION('',(0.,0.,-1.));
#3017=DIRECTION('',(-1.,0.,0.));
#3018=DIRECTION('',(0.,0.,1.));
#3019=DIRECTION('',(-1.,0.,0.));
#3020=DIRECTION('',(0.,0.,-1.));
#3021=DIRECTION('',(-1.,0.,0.));
#3022=DIRECTION('',(-1.,0.,0.));
#3023=DIRECTION('',(-1.,0.,0.));
#3024=DIRECTION('center_axis',(0.,0.,1.));
#3025=DIRECTION('ref_axis',(-0.707106781186548,-0.707106781186548,0.));
#3026=DIRECTION('center_axis',(0.,0.,1.));
#3027=DIRECTION('ref_axis',(-0.707106781186548,-0.707106781186548,0.));
#3028=DIRECTION('center_axis',(0.,0.,-1.));
#3029=DIRECTION('ref_axis',(-0.707106781186548,-0.707106781186548,0.));
#3030=DIRECTION('',(0.,0.,1.));
#3031=DIRECTION('center_axis',(0.,0.,1.));
#3032=DIRECTION('ref_axis',(0.707106781186544,0.707106781186551,0.));
#3033=DIRECTION('center_axis',(0.,0.,-1.));
#3034=DIRECTION('ref_axis',(0.707106781186544,0.707106781186551,0.));
#3035=DIRECTION('',(0.,0.,-1.));
#3036=DIRECTION('center_axis',(0.,0.,1.));
#3037=DIRECTION('ref_axis',(0.707106781186544,0.707106781186551,0.));
#3038=DIRECTION('',(0.,0.,1.));
#3039=DIRECTION('center_axis',(0.,0.,1.));
#3040=DIRECTION('ref_axis',(1.,0.,0.));
#3041=DIRECTION('',(-1.,0.,0.));
#3042=DIRECTION('',(0.,1.,0.));
#3043=DIRECTION('center_axis',(0.,0.,-1.));
#3044=DIRECTION('ref_axis',(1.,0.,0.));
#3045=DIRECTION('center_axis',(0.,1.,0.));
#3046=DIRECTION('ref_axis',(-1.,0.,0.));
#3047=DIRECTION('',(-1.,0.,0.));
#3048=DIRECTION('center_axis',(0.,0.,1.));
#3049=DIRECTION('ref_axis',(0.707106781186548,0.707106781186548,0.));
#3050=DIRECTION('center_axis',(0.,0.,1.));
#3051=DIRECTION('ref_axis',(0.707106781186548,0.707106781186548,0.));
#3052=DIRECTION('',(0.,0.,-1.));
#3053=DIRECTION('center_axis',(0.,0.,-1.));
#3054=DIRECTION('ref_axis',(0.707106781186548,0.707106781186548,0.));
#3055=DIRECTION('',(0.,0.,1.));
#3056=DIRECTION('center_axis',(0.,-1.,0.));
#3057=DIRECTION('ref_axis',(1.,0.,0.));
#3058=DIRECTION('',(1.,0.,0.));
#3059=DIRECTION('',(0.,0.,-1.));
#3060=DIRECTION('',(1.,0.,0.));
#3061=DIRECTION('',(0.,0.,1.));
#3062=DIRECTION('',(1.,0.,0.));
#3063=DIRECTION('',(0.,0.,-1.));
#3064=DIRECTION('',(1.,0.,0.));
#3065=DIRECTION('',(0.,0.,1.));
#3066=DIRECTION('',(1.,0.,0.));
#3067=DIRECTION('',(1.,0.,0.));
#3068=DIRECTION('center_axis',(0.,0.,1.));
#3069=DIRECTION('ref_axis',(0.707106781186548,0.707106781186548,0.));
#3070=DIRECTION('center_axis',(0.,0.,1.));
#3071=DIRECTION('ref_axis',(0.707106781186548,0.707106781186548,0.));
#3072=DIRECTION('center_axis',(0.,0.,-1.));
#3073=DIRECTION('ref_axis',(0.707106781186548,0.707106781186548,0.));
#3074=DIRECTION('',(0.,0.,1.));
#3075=DIRECTION('center_axis',(0.,0.,-1.));
#3076=DIRECTION('ref_axis',(-0.707106781186544,0.707106781186551,0.));
#3077=DIRECTION('center_axis',(0.,0.,1.));
#3078=DIRECTION('ref_axis',(-0.707106781186544,0.707106781186551,0.));
#3079=DIRECTION('',(0.,0.,-1.));
#3080=DIRECTION('center_axis',(0.,0.,-1.));
#3081=DIRECTION('ref_axis',(-0.707106781186544,0.707106781186551,0.));
#3082=DIRECTION('center_axis',(1.,0.,0.));
#3083=DIRECTION('ref_axis',(0.,1.,0.));
#3084=DIRECTION('',(0.,1.,0.));
#3085=DIRECTION('',(0.,0.,1.));
#3086=DIRECTION('',(0.,-1.,0.));
#3087=DIRECTION('center_axis',(0.,0.,1.));
#3088=DIRECTION('ref_axis',(0.707106781186546,0.707106781186549,0.));
#3089=DIRECTION('center_axis',(0.,0.,-1.));
#3090=DIRECTION('ref_axis',(0.707106781186546,0.707106781186549,0.));
#3091=DIRECTION('',(0.,0.,-1.));
#3092=DIRECTION('center_axis',(0.,0.,1.));
#3093=DIRECTION('ref_axis',(0.707106781186546,0.707106781186549,0.));
#3094=DIRECTION('center_axis',(1.,0.,0.));
#3095=DIRECTION('ref_axis',(0.,1.,0.));
#3096=DIRECTION('',(0.,1.,0.));
#3097=DIRECTION('',(0.,0.,1.));
#3098=DIRECTION('',(0.,1.,0.));
#3099=DIRECTION('center_axis',(-1.,0.,0.));
#3100=DIRECTION('ref_axis',(0.,1.,0.));
#3101=DIRECTION('center_axis',(0.,0.,1.));
#3102=DIRECTION('ref_axis',(1.,0.,0.));
#3103=DIRECTION('center_axis',(0.,0.,-1.));
#3104=DIRECTION('ref_axis',(-0.707106781186546,0.707106781186549,0.));
#3105=DIRECTION('',(0.,-1.,0.));
#3106=DIRECTION('center_axis',(0.,0.,-1.));
#3107=DIRECTION('ref_axis',(-0.707106781186546,-0.707106781186549,0.));
#3108=DIRECTION('center_axis',(0.,0.,-1.));
#3109=DIRECTION('ref_axis',(0.707106781186546,-0.707106781186549,0.));
#3110=DIRECTION('',(-1.,0.,0.));
#3111=DIRECTION('',(0.,1.,0.));
#3112=DIRECTION('',(1.,0.,0.));
#3113=DIRECTION('',(0.,-1.,0.));
#3114=DIRECTION('center_axis',(0.,0.,1.));
#3115=DIRECTION('ref_axis',(-0.707106781186546,0.707106781186549,0.));
#3116=DIRECTION('center_axis',(0.,0.,1.));
#3117=DIRECTION('ref_axis',(-0.707106781186546,0.707106781186549,0.));
#3118=DIRECTION('',(0.,0.,1.));
#3119=DIRECTION('center_axis',(-1.,0.,0.));
#3120=DIRECTION('ref_axis',(0.,-1.,0.));
#3121=DIRECTION('',(0.,-1.,0.));
#3122=DIRECTION('',(0.,0.,-1.));
#3123=DIRECTION('center_axis',(0.,0.,1.));
#3124=DIRECTION('ref_axis',(-0.707106781186546,-0.707106781186549,0.));
#3125=DIRECTION('center_axis',(0.,0.,1.));
#3126=DIRECTION('ref_axis',(-0.707106781186546,-0.707106781186549,0.));
#3127=DIRECTION('center_axis',(0.,0.,1.));
#3128=DIRECTION('ref_axis',(0.707106781186546,-0.707106781186549,0.));
#3129=DIRECTION('center_axis',(0.,0.,1.));
#3130=DIRECTION('ref_axis',(0.707106781186546,-0.707106781186549,0.));
#3131=DIRECTION('center_axis',(-1.,0.,0.));
#3132=DIRECTION('ref_axis',(0.,1.,0.));
#3133=DIRECTION('',(-1.,0.,0.));
#3134=DIRECTION('center_axis',(1.,0.,0.));
#3135=DIRECTION('ref_axis',(0.,1.,0.));
#3136=DIRECTION('center_axis',(0.,0.,1.));
#3137=DIRECTION('ref_axis',(1.,0.,0.));
#3138=DIRECTION('center_axis',(0.,0.,-1.));
#3139=DIRECTION('ref_axis',(1.,0.,0.));
#3140=DIRECTION('',(0.,0.,-1.));
#3141=DIRECTION('center_axis',(0.,0.,-1.));
#3142=DIRECTION('ref_axis',(1.,0.,0.));
#3143=DIRECTION('center_axis',(0.,-1.,0.));
#3144=DIRECTION('ref_axis',(1.,0.,0.));
#3145=DIRECTION('',(-1.,0.,0.));
#3146=DIRECTION('',(1.,0.,0.));
#3147=DIRECTION('',(0.,0.,1.));
#3148=DIRECTION('center_axis',(-1.,0.,0.));
#3149=DIRECTION('ref_axis',(0.,-1.,0.));
#3150=DIRECTION('',(0.,1.,0.));
#3151=DIRECTION('',(0.,-1.,0.));
#3152=DIRECTION('center_axis',(0.,0.,1.));
#3153=DIRECTION('ref_axis',(1.,0.,0.));
#3154=DIRECTION('center_axis',(0.,0.,1.));
#3155=DIRECTION('ref_axis',(1.,0.,0.));
#3156=DIRECTION('',(0.,0.,-1.));
#3157=DIRECTION('center_axis',(0.,0.,-1.));
#3158=DIRECTION('ref_axis',(1.,0.,0.));
#3159=DIRECTION('center_axis',(1.,0.,0.));
#3160=DIRECTION('ref_axis',(0.,1.,0.));
#3161=DIRECTION('',(0.,1.,0.));
#3162=DIRECTION('center_axis',(0.,0.,1.));
#3163=DIRECTION('ref_axis',(1.,0.,0.));
#3164=DIRECTION('center_axis',(0.,0.,-1.));
#3165=DIRECTION('ref_axis',(1.,0.,0.));
#3166=DIRECTION('',(0.,0.,-1.));
#3167=DIRECTION('center_axis',(0.,0.,-1.));
#3168=DIRECTION('ref_axis',(1.,0.,0.));
#3169=DIRECTION('center_axis',(0.,-1.,0.));
#3170=DIRECTION('ref_axis',(1.,0.,0.));
#3171=DIRECTION('',(1.,0.,0.));
#3172=DIRECTION('',(1.,0.,0.));
#3173=DIRECTION('',(0.,0.,1.));
#3174=DIRECTION('center_axis',(-1.,0.,0.));
#3175=DIRECTION('ref_axis',(0.,-1.,0.));
#3176=DIRECTION('',(0.,-1.,0.));
#3177=DIRECTION('',(0.,-1.,0.));
#3178=DIRECTION('center_axis',(0.,0.,1.));
#3179=DIRECTION('ref_axis',(1.,0.,0.));
#3180=DIRECTION('center_axis',(0.,0.,1.));
#3181=DIRECTION('ref_axis',(1.,0.,0.));
#3182=DIRECTION('center_axis',(0.,0.,-1.));
#3183=DIRECTION('ref_axis',(1.,0.,0.));
#3184=DIRECTION('',(0.,0.,-1.));
#3185=DIRECTION('center_axis',(0.,0.,-1.));
#3186=DIRECTION('ref_axis',(1.,0.,0.));
#3187=DIRECTION('center_axis',(1.,0.,0.));
#3188=DIRECTION('ref_axis',(0.,1.,0.));
#3189=DIRECTION('',(0.,-1.,0.));
#3190=DIRECTION('',(0.,0.,1.));
#3191=DIRECTION('',(0.,1.,0.));
#3192=DIRECTION('center_axis',(0.,1.,0.));
#3193=DIRECTION('ref_axis',(-1.,0.,0.));
#3194=DIRECTION('',(1.,0.,0.));
#3195=DIRECTION('',(-1.,0.,0.));
#3196=DIRECTION('center_axis',(0.,0.,1.));
#3197=DIRECTION('ref_axis',(1.,0.,0.));
#3198=DIRECTION('center_axis',(-1.,0.,0.));
#3199=DIRECTION('ref_axis',(0.,-1.,0.));
#3200=DIRECTION('',(0.,1.,0.));
#3201=DIRECTION('',(0.,0.,1.));
#3202=DIRECTION('',(0.,-1.,0.));
#3203=DIRECTION('',(0.,0.,1.));
#3204=DIRECTION('center_axis',(0.,1.,0.));
#3205=DIRECTION('ref_axis',(-1.,0.,0.));
#3206=DIRECTION('',(1.,0.,0.));
#3207=DIRECTION('',(-1.,0.,0.));
#3208=DIRECTION('',(0.,0.,1.));
#3209=DIRECTION('center_axis',(1.,0.,0.));
#3210=DIRECTION('ref_axis',(0.,1.,0.));
#3211=DIRECTION('',(0.,-1.,0.));
#3212=DIRECTION('',(0.,1.,0.));
#3213=DIRECTION('',(0.,0.,1.));
#3214=DIRECTION('center_axis',(0.,-1.,0.));
#3215=DIRECTION('ref_axis',(1.,0.,0.));
#3216=DIRECTION('',(-1.,0.,0.));
#3217=DIRECTION('',(1.,0.,0.));
#3218=DIRECTION('center_axis',(0.,0.,1.));
#3219=DIRECTION('ref_axis',(1.,0.,0.));
#3220=DIRECTION('center_axis',(0.,0.,1.));
#3221=DIRECTION('ref_axis',(-1.,0.,0.));
#3222=DIRECTION('center_axis',(0.,0.,-1.));
#3223=DIRECTION('ref_axis',(-1.,0.,0.));
#3224=DIRECTION('',(0.,0.,-1.));
#3225=DIRECTION('center_axis',(0.,0.,1.));
#3226=DIRECTION('ref_axis',(-1.,0.,0.));
#3227=DIRECTION('center_axis',(0.,0.,1.));
#3228=DIRECTION('ref_axis',(-1.,0.,0.));
#3229=DIRECTION('center_axis',(0.,0.,1.));
#3230=DIRECTION('ref_axis',(-1.,0.,0.));
#3231=DIRECTION('',(0.,0.,-1.));
#3232=DIRECTION('center_axis',(0.,0.,-1.));
#3233=DIRECTION('ref_axis',(-1.,0.,0.));
#3234=DIRECTION('center_axis',(0.,0.,1.));
#3235=DIRECTION('ref_axis',(-1.,0.,0.));
#3236=DIRECTION('center_axis',(0.,0.,1.));
#3237=DIRECTION('ref_axis',(1.,0.,0.));
#3238=DIRECTION('center_axis',(0.,0.,-1.));
#3239=DIRECTION('ref_axis',(1.,0.,0.));
#3240=DIRECTION('',(0.,1.,0.));
#3241=DIRECTION('center_axis',(0.,0.,-1.));
#3242=DIRECTION('ref_axis',(1.,0.,0.));
#3243=DIRECTION('',(-1.,0.,0.));
#3244=DIRECTION('center_axis',(0.,0.,-1.));
#3245=DIRECTION('ref_axis',(1.,0.,0.));
#3246=DIRECTION('',(0.,-1.,0.));
#3247=DIRECTION('center_axis',(0.,0.,-1.));
#3248=DIRECTION('ref_axis',(1.,0.,0.));
#3249=DIRECTION('',(1.,0.,0.));
#3250=DIRECTION('center_axis',(0.,0.,-1.));
#3251=DIRECTION('ref_axis',(-1.,0.,0.));
#3252=DIRECTION('center_axis',(0.,0.,-1.));
#3253=DIRECTION('ref_axis',(-1.,0.,0.));
#3254=DIRECTION('center_axis',(0.,0.,-1.));
#3255=DIRECTION('ref_axis',(-1.,0.,0.));
#3256=DIRECTION('center_axis',(0.,0.,1.));
#3257=DIRECTION('ref_axis',(-1.,0.,0.));
#3258=DIRECTION('center_axis',(0.,0.,-1.));
#3259=DIRECTION('ref_axis',(-1.,0.,0.));
#3260=DIRECTION('',(0.,0.,-1.));
#3261=DIRECTION('center_axis',(0.,0.,1.));
#3262=DIRECTION('ref_axis',(-1.,0.,0.));
#3263=DIRECTION('center_axis',(0.,0.,1.));
#3264=DIRECTION('ref_axis',(-1.,0.,0.));
#3265=DIRECTION('center_axis',(0.,0.,1.));
#3266=DIRECTION('ref_axis',(-1.,0.,0.));
#3267=DIRECTION('',(0.,0.,-1.));
#3268=DIRECTION('center_axis',(0.,0.,1.));
#3269=DIRECTION('ref_axis',(-1.,0.,0.));
#3270=DIRECTION('center_axis',(0.,0.,1.));
#3271=DIRECTION('ref_axis',(1.,0.,0.));
#3272=DIRECTION('center_axis',(0.,0.,1.));
#3273=DIRECTION('ref_axis',(-1.,0.,0.));
#3274=DIRECTION('center_axis',(0.,0.,-1.));
#3275=DIRECTION('ref_axis',(-1.,0.,0.));
#3276=DIRECTION('',(0.,0.,-1.));
#3277=DIRECTION('center_axis',(0.,0.,1.));
#3278=DIRECTION('ref_axis',(-1.,0.,0.));
#3279=DIRECTION('center_axis',(0.,0.,1.));
#3280=DIRECTION('ref_axis',(-1.,0.,0.));
#3281=DIRECTION('center_axis',(0.,0.,1.));
#3282=DIRECTION('ref_axis',(-1.,0.,0.));
#3283=DIRECTION('',(0.,0.,-1.));
#3284=DIRECTION('center_axis',(0.,0.,1.));
#3285=DIRECTION('ref_axis',(-1.,0.,0.));
#3286=DIRECTION('center_axis',(0.,0.,1.));
#3287=DIRECTION('ref_axis',(1.,0.,0.));
#3288=DIRECTION('center_axis',(0.,0.,1.));
#3289=DIRECTION('ref_axis',(-1.,0.,0.));
#3290=DIRECTION('center_axis',(0.,0.,-1.));
#3291=DIRECTION('ref_axis',(-1.,0.,0.));
#3292=DIRECTION('',(0.,0.,-1.));
#3293=DIRECTION('center_axis',(0.,0.,1.));
#3294=DIRECTION('ref_axis',(-1.,0.,0.));
#3295=DIRECTION('center_axis',(0.,0.,1.));
#3296=DIRECTION('ref_axis',(-1.,0.,0.));
#3297=DIRECTION('center_axis',(0.,0.,1.));
#3298=DIRECTION('ref_axis',(-1.,0.,0.));
#3299=DIRECTION('',(0.,0.,-1.));
#3300=DIRECTION('center_axis',(0.,0.,1.));
#3301=DIRECTION('ref_axis',(-1.,0.,0.));
#3302=DIRECTION('center_axis',(0.,0.,1.));
#3303=DIRECTION('ref_axis',(1.,0.,0.));
#3304=DIRECTION('center_axis',(0.,0.,1.));
#3305=DIRECTION('ref_axis',(1.,0.,0.));
#3306=DIRECTION('center_axis',(0.,0.,1.));
#3307=DIRECTION('ref_axis',(1.,0.,0.));
#3308=DIRECTION('',(0.,0.,1.));
#3309=DIRECTION('center_axis',(0.,0.,-1.));
#3310=DIRECTION('ref_axis',(1.,0.,0.));
#3311=DIRECTION('center_axis',(0.,0.,1.));
#3312=DIRECTION('ref_axis',(1.,0.,0.));
#3313=DIRECTION('center_axis',(0.,0.,1.));
#3314=DIRECTION('ref_axis',(1.,0.,0.));
#3315=DIRECTION('',(0.,0.,1.));
#3316=DIRECTION('center_axis',(0.,0.,-1.));
#3317=DIRECTION('ref_axis',(1.,0.,0.));
#3318=DIRECTION('center_axis',(0.,0.,1.));
#3319=DIRECTION('ref_axis',(1.,0.,0.));
#3320=DIRECTION('center_axis',(0.,0.,1.));
#3321=DIRECTION('ref_axis',(1.,0.,0.));
#3322=DIRECTION('',(0.,0.,1.));
#3323=DIRECTION('center_axis',(0.,0.,-1.));
#3324=DIRECTION('ref_axis',(1.,0.,0.));
#3325=DIRECTION('center_axis',(0.,0.,1.));
#3326=DIRECTION('ref_axis',(1.,0.,0.));
#3327=DIRECTION('center_axis',(0.,0.,1.));
#3328=DIRECTION('ref_axis',(1.,0.,0.));
#3329=DIRECTION('',(0.,0.,1.));
#3330=DIRECTION('center_axis',(0.,0.,-1.));
#3331=DIRECTION('ref_axis',(1.,0.,0.));
#3332=DIRECTION('center_axis',(0.,0.,1.));
#3333=DIRECTION('ref_axis',(1.,0.,0.));
#3334=DIRECTION('',(0.,0.,1.));
#3335=DIRECTION('center_axis',(0.,0.,-1.));
#3336=DIRECTION('ref_axis',(1.,0.,0.));
#3337=DIRECTION('',(0.,0.,-1.));
#3338=DIRECTION('center_axis',(0.,0.,1.));
#3339=DIRECTION('ref_axis',(1.,0.,0.));
#3340=DIRECTION('center_axis',(0.,0.,1.));
#3341=DIRECTION('ref_axis',(1.,0.,0.));
#3342=DIRECTION('',(0.,0.,-1.));
#3343=DIRECTION('center_axis',(0.,0.,1.));
#3344=DIRECTION('ref_axis',(1.,0.,0.));
#3345=DIRECTION('',(0.,0.,1.));
#3346=DIRECTION('center_axis',(0.,1.,0.));
#3347=DIRECTION('ref_axis',(-1.,0.,0.));
#3348=DIRECTION('',(-1.,0.,0.));
#3349=DIRECTION('',(0.,0.,-1.));
#3350=DIRECTION('',(1.,0.,0.));
#3351=DIRECTION('center_axis',(0.,1.,0.));
#3352=DIRECTION('ref_axis',(-1.,0.,0.));
#3353=DIRECTION('',(0.,0.,1.));
#3354=DIRECTION('',(-1.,0.,0.));
#3355=DIRECTION('center_axis',(0.,0.,1.));
#3356=DIRECTION('ref_axis',(1.,0.,0.));
#3357=DIRECTION('',(0.,1.,0.));
#3358=DIRECTION('center_axis',(0.,0.,1.));
#3359=DIRECTION('ref_axis',(1.,0.,0.));
#3360=DIRECTION('center_axis',(-1.,0.,0.));
#3361=DIRECTION('ref_axis',(0.,-1.,0.));
#3362=DIRECTION('',(0.,-1.,0.));
#3363=DIRECTION('center_axis',(-1.,0.,0.));
#3364=DIRECTION('ref_axis',(0.,-1.,0.));
#3365=DIRECTION('',(0.,-1.,0.));
#3366=DIRECTION('',(0.,0.,-1.));
#3367=DIRECTION('center_axis',(0.,0.,1.));
#3368=DIRECTION('ref_axis',(-0.707106781186547,-0.707106781186548,0.));
#3369=DIRECTION('',(0.,0.,-1.));
#3370=DIRECTION('center_axis',(0.,0.,1.));
#3371=DIRECTION('ref_axis',(1.,0.,0.));
#3372=DIRECTION('center_axis',(0.,0.,1.));
#3373=DIRECTION('ref_axis',(1.,0.,0.));
#3374=DIRECTION('',(0.,0.,1.));
#3375=DIRECTION('center_axis',(0.,0.,-1.));
#3376=DIRECTION('ref_axis',(1.,0.,0.));
#3377=DIRECTION('',(0.,0.,-1.));
#3378=DIRECTION('center_axis',(0.,0.,1.));
#3379=DIRECTION('ref_axis',(1.,0.,0.));
#3380=DIRECTION('center_axis',(1.,0.,0.));
#3381=DIRECTION('ref_axis',(0.,1.,0.));
#3382=DIRECTION('',(0.,0.,1.));
#3383=DIRECTION('',(0.,1.,0.));
#3384=DIRECTION('center_axis',(0.,0.,-1.));
#3385=DIRECTION('ref_axis',(-1.,0.,0.));
#3386=DIRECTION('',(0.,1.,0.));
#3387=DIRECTION('',(-1.,0.,0.));
#3388=DIRECTION('',(0.,-1.,0.));
#3389=DIRECTION('',(1.,0.,0.));
#3390=DIRECTION('',(-1.,0.,0.));
#3391=DIRECTION('',(0.,1.,0.));
#3392=DIRECTION('center_axis',(0.,0.,1.));
#3393=DIRECTION('ref_axis',(1.,0.,0.));
#3394=DIRECTION('',(1.,0.,0.));
#3395=DIRECTION('',(0.,-1.,0.));
#3396=DIRECTION('center_axis',(0.,0.,1.));
#3397=DIRECTION('ref_axis',(1.,0.,0.));
#3398=DIRECTION('',(0.,1.,0.));
#3399=DIRECTION('',(1.,0.,0.));
#3400=DIRECTION('center_axis',(0.,0.,1.));
#3401=DIRECTION('ref_axis',(1.,0.,0.));
#3402=DIRECTION('',(1.,0.,0.));
#3403=DIRECTION('center_axis',(0.,0.,1.));
#3404=DIRECTION('ref_axis',(1.,0.,0.));
#3405=DIRECTION('center_axis',(0.,0.,1.));
#3406=DIRECTION('ref_axis',(-0.707106781186548,0.707106781186547,0.));
#3407=DIRECTION('',(0.,0.,-1.));
#3408=DIRECTION('center_axis',(0.,0.,1.));
#3409=DIRECTION('ref_axis',(1.,0.,0.));
#3410=DIRECTION('',(0.,0.,1.));
#3411=DIRECTION('center_axis',(0.,0.,-1.));
#3412=DIRECTION('ref_axis',(1.,0.,0.));
#3413=DIRECTION('',(0.,0.,-1.));
#3414=DIRECTION('center_axis',(0.,-1.,0.));
#3415=DIRECTION('ref_axis',(1.,0.,0.));
#3416=DIRECTION('',(0.,0.,1.));
#3417=DIRECTION('center_axis',(0.,0.,1.));
#3418=DIRECTION('ref_axis',(1.,0.,0.));
#3419=DIRECTION('',(0.,-1.,0.));
#3420=DIRECTION('',(1.,0.,0.));
#3421=DIRECTION('center_axis',(1.,0.,0.));
#3422=DIRECTION('ref_axis',(0.,1.,0.));
#3423=DIRECTION('',(0.,0.,-1.));
#3424=DIRECTION('center_axis',(0.,0.,1.));
#3425=DIRECTION('ref_axis',(1.,0.,0.));
#3426=DIRECTION('',(0.,0.,1.));
#3427=DIRECTION('center_axis',(0.,0.,-1.));
#3428=DIRECTION('ref_axis',(1.,0.,0.));
#3429=DIRECTION('',(0.,0.,-1.));
#3430=DIRECTION('center_axis',(0.,0.,1.));
#3431=DIRECTION('ref_axis',(1.,0.,0.));
#3432=DIRECTION('center_axis',(-1.,0.,0.));
#3433=DIRECTION('ref_axis',(0.,-1.,0.));
#3434=DIRECTION('',(0.,0.,-1.));
#3435=DIRECTION('',(0.,1.,0.));
#3436=DIRECTION('center_axis',(0.,-1.,0.));
#3437=DIRECTION('ref_axis',(1.,0.,0.));
#3438=DIRECTION('',(-1.,0.,0.));
#3439=DIRECTION('center_axis',(0.,-1.,0.));
#3440=DIRECTION('ref_axis',(1.,0.,0.));
#3441=DIRECTION('',(0.,0.,1.));
#3442=DIRECTION('',(-1.,0.,0.));
#3443=DIRECTION('center_axis',(0.,0.,1.));
#3444=DIRECTION('ref_axis',(1.,0.,0.));
#3445=DIRECTION('center_axis',(0.,0.,1.));
#3446=DIRECTION('ref_axis',(1.,0.,0.));
#3447=DIRECTION('',(0.,-1.,0.));
#3448=DIRECTION('center_axis',(0.,-1.,0.));
#3449=DIRECTION('ref_axis',(-1.,0.,0.));
#3450=DIRECTION('',(0.,0.,-1.));
#3451=DIRECTION('',(0.,0.,-1.));
#3452=DIRECTION('center_axis',(1.,0.,0.));
#3453=DIRECTION('ref_axis',(0.,-1.,0.));
#3454=DIRECTION('',(0.,0.,-1.));
#3455=DIRECTION('center_axis',(0.,1.,0.));
#3456=DIRECTION('ref_axis',(1.,0.,0.));
#3457=DIRECTION('',(0.,0.,-1.));
#3458=DIRECTION('center_axis',(-1.,0.,0.));
#3459=DIRECTION('ref_axis',(0.,1.,0.));
#3460=DIRECTION('center_axis',(1.,0.,0.));
#3461=DIRECTION('ref_axis',(0.,1.,0.));
#3462=DIRECTION('center_axis',(0.,1.,0.));
#3463=DIRECTION('ref_axis',(-1.,0.,0.));
#3464=DIRECTION('center_axis',(0.,0.,1.));
#3465=DIRECTION('ref_axis',(1.,0.,0.));
#3466=DIRECTION('center_axis',(0.,1.,0.));
#3467=DIRECTION('ref_axis',(1.,0.,0.));
#3468=DIRECTION('',(-1.,0.,0.));
#3469=DIRECTION('',(0.,0.,-1.));
#3470=DIRECTION('',(-1.,0.,0.));
#3471=DIRECTION('',(0.,0.,-1.));
#3472=DIRECTION('center_axis',(1.,0.,0.));
#3473=DIRECTION('ref_axis',(0.,-1.,0.));
#3474=DIRECTION('',(0.,1.,0.));
#3475=DIRECTION('',(0.,1.,0.));
#3476=DIRECTION('',(0.,0.,-1.));
#3477=DIRECTION('center_axis',(0.,-1.,0.));
#3478=DIRECTION('ref_axis',(-1.,0.,0.));
#3479=DIRECTION('',(1.,0.,0.));
#3480=DIRECTION('',(1.,0.,0.));
#3481=DIRECTION('',(0.,0.,-1.));
#3482=DIRECTION('center_axis',(-1.,0.,0.));
#3483=DIRECTION('ref_axis',(0.,1.,0.));
#3484=DIRECTION('',(0.,-1.,0.));
#3485=DIRECTION('',(0.,-1.,0.));
#3486=DIRECTION('center_axis',(0.,0.,-1.));
#3487=DIRECTION('ref_axis',(-1.,0.,0.));
#3488=DIRECTION('center_axis',(0.,0.,-1.));
#3489=DIRECTION('ref_axis',(-1.,0.,0.));
#3490=DIRECTION('',(0.,0.,-1.));
#3491=DIRECTION('center_axis',(0.,0.,1.));
#3492=DIRECTION('ref_axis',(-1.,0.,0.));
#3493=DIRECTION('center_axis',(0.,0.,-1.));
#3494=DIRECTION('ref_axis',(-1.,0.,0.));
#3495=DIRECTION('center_axis',(0.,0.,-1.));
#3496=DIRECTION('ref_axis',(-1.,0.,0.));
#3497=DIRECTION('',(0.,0.,-1.));
#3498=DIRECTION('center_axis',(0.,0.,1.));
#3499=DIRECTION('ref_axis',(-1.,0.,0.));
#3500=DIRECTION('center_axis',(0.,0.,-1.));
#3501=DIRECTION('ref_axis',(-1.,0.,0.));
#3502=DIRECTION('center_axis',(0.,0.,-1.));
#3503=DIRECTION('ref_axis',(-1.,0.,0.));
#3504=DIRECTION('',(0.,0.,-1.));
#3505=DIRECTION('center_axis',(0.,0.,1.));
#3506=DIRECTION('ref_axis',(-1.,0.,0.));
#3507=DIRECTION('center_axis',(0.,0.,-1.));
#3508=DIRECTION('ref_axis',(-1.,0.,0.));
#3509=DIRECTION('center_axis',(0.,0.,-1.));
#3510=DIRECTION('ref_axis',(-1.,0.,0.));
#3511=DIRECTION('',(0.,0.,-1.));
#3512=DIRECTION('center_axis',(0.,0.,1.));
#3513=DIRECTION('ref_axis',(-1.,0.,0.));
#3514=DIRECTION('center_axis',(0.,0.,1.));
#3515=DIRECTION('ref_axis',(-1.,0.,0.));
#3516=DIRECTION('center_axis',(0.,0.,1.));
#3517=DIRECTION('ref_axis',(-1.,0.,0.));
#3518=DIRECTION('center_axis',(0.,0.,1.));
#3519=DIRECTION('ref_axis',(1.,0.,0.));
#3520=DIRECTION('center_axis',(0.,0.,-1.));
#3521=DIRECTION('ref_axis',(0.707106781186546,0.707106781186549,0.));
#3522=DIRECTION('',(0.,1.,0.));
#3523=DIRECTION('center_axis',(0.,0.,-1.));
#3524=DIRECTION('ref_axis',(0.707106781186546,-0.707106781186549,0.));
#3525=DIRECTION('',(1.,0.,0.));
#3526=DIRECTION('center_axis',(0.,0.,-1.));
#3527=DIRECTION('ref_axis',(-0.707106781186546,-0.707106781186549,0.));
#3528=DIRECTION('',(0.,-1.,0.));
#3529=DIRECTION('center_axis',(0.,0.,-1.));
#3530=DIRECTION('ref_axis',(-0.707106781186546,0.707106781186549,0.));
#3531=DIRECTION('',(-1.,0.,0.));
#3532=DIRECTION('',(0.,1.,0.));
#3533=DIRECTION('',(-1.,0.,0.));
#3534=DIRECTION('',(0.,-1.,0.));
#3535=DIRECTION('',(1.,0.,0.));
#3536=DIRECTION('center_axis',(0.,0.,1.));
#3537=DIRECTION('ref_axis',(1.,0.,0.));
#3538=DIRECTION('center_axis',(0.,0.,1.));
#3539=DIRECTION('ref_axis',(0.707106781186546,0.707106781186549,0.));
#3540=DIRECTION('',(-1.,0.,0.));
#3541=DIRECTION('center_axis',(0.,0.,1.));
#3542=DIRECTION('ref_axis',(-0.707106781186546,0.707106781186549,0.));
#3543=DIRECTION('',(0.,-1.,0.));
#3544=DIRECTION('center_axis',(0.,0.,1.));
#3545=DIRECTION('ref_axis',(-0.707106781186546,-0.707106781186549,0.));
#3546=DIRECTION('',(1.,0.,0.));
#3547=DIRECTION('center_axis',(0.,0.,1.));
#3548=DIRECTION('ref_axis',(0.707106781186546,-0.707106781186549,0.));
#3549=DIRECTION('',(0.,1.,0.));
#3550=DIRECTION('',(-1.,0.,0.));
#3551=DIRECTION('',(0.,1.,0.));
#3552=DIRECTION('',(1.,0.,0.));
#3553=DIRECTION('',(0.,-1.,0.));
#3554=DIRECTION('center_axis',(0.,0.,1.));
#3555=DIRECTION('ref_axis',(0.707106781186546,0.707106781186549,0.));
#3556=DIRECTION('',(0.,0.,1.));
#3557=DIRECTION('',(0.,0.,1.));
#3558=DIRECTION('center_axis',(0.,1.,0.));
#3559=DIRECTION('ref_axis',(-1.,0.,0.));
#3560=DIRECTION('',(0.,0.,1.));
#3561=DIRECTION('center_axis',(0.,0.,1.));
#3562=DIRECTION('ref_axis',(-0.707106781186546,0.707106781186549,0.));
#3563=DIRECTION('',(0.,0.,1.));
#3564=DIRECTION('center_axis',(-1.,0.,0.));
#3565=DIRECTION('ref_axis',(0.,-1.,0.));
#3566=DIRECTION('',(0.,0.,1.));
#3567=DIRECTION('center_axis',(0.,0.,1.));
#3568=DIRECTION('ref_axis',(-0.707106781186546,-0.707106781186549,0.));
#3569=DIRECTION('',(0.,0.,1.));
#3570=DIRECTION('center_axis',(0.,-1.,0.));
#3571=DIRECTION('ref_axis',(1.,0.,0.));
#3572=DIRECTION('',(0.,0.,1.));
#3573=DIRECTION('center_axis',(0.,0.,1.));
#3574=DIRECTION('ref_axis',(0.707106781186546,-0.707106781186549,0.));
#3575=DIRECTION('',(0.,0.,1.));
#3576=DIRECTION('center_axis',(1.,0.,0.));
#3577=DIRECTION('ref_axis',(0.,1.,0.));
#3578=DIRECTION('center_axis',(0.,1.,0.));
#3579=DIRECTION('ref_axis',(-1.,0.,0.));
#3580=DIRECTION('',(0.,0.,1.));
#3581=DIRECTION('',(0.,0.,1.));
#3582=DIRECTION('center_axis',(1.,0.,0.));
#3583=DIRECTION('ref_axis',(0.,1.,0.));
#3584=DIRECTION('',(0.,0.,1.));
#3585=DIRECTION('center_axis',(0.,-1.,0.));
#3586=DIRECTION('ref_axis',(1.,0.,0.));
#3587=DIRECTION('',(0.,0.,1.));
#3588=DIRECTION('center_axis',(-1.,0.,0.));
#3589=DIRECTION('ref_axis',(0.,-1.,0.));
#3590=DIRECTION('center_axis',(0.,0.,1.));
#3591=DIRECTION('ref_axis',(1.,0.,0.));
#3592=DIRECTION('',(-1.,0.,0.));
#3593=DIRECTION('',(0.,1.,0.));
#3594=DIRECTION('',(1.,0.,0.));
#3595=DIRECTION('',(0.,-1.,0.));
#3596=DIRECTION('center_axis',(1.,0.,0.));
#3597=DIRECTION('ref_axis',(0.,1.,0.));
#3598=DIRECTION('',(0.,0.,1.));
#3599=DIRECTION('',(0.,1.,0.));
#3600=DIRECTION('',(0.,0.,1.));
#3601=DIRECTION('center_axis',(0.,1.,0.));
#3602=DIRECTION('ref_axis',(-1.,0.,0.));
#3603=DIRECTION('',(0.,0.,1.));
#3604=DIRECTION('',(-1.,0.,0.));
#3605=DIRECTION('center_axis',(0.,-1.,0.));
#3606=DIRECTION('ref_axis',(1.,0.,0.));
#3607=DIRECTION('',(1.,0.,0.));
#3608=DIRECTION('',(0.,0.,1.));
#3609=DIRECTION('center_axis',(-1.,0.,0.));
#3610=DIRECTION('ref_axis',(0.,-1.,0.));
#3611=DIRECTION('',(0.,-1.,0.));
#3612=DIRECTION('center_axis',(0.,0.,1.));
#3613=DIRECTION('ref_axis',(1.,0.,0.));
#3614=DIRECTION('center_axis',(1.,0.,0.));
#3615=DIRECTION('ref_axis',(0.,1.,0.));
#3616=DIRECTION('',(0.,-1.,0.));
#3617=DIRECTION('',(0.,0.,1.));
#3618=DIRECTION('',(0.,1.,0.));
#3619=DIRECTION('',(0.,0.,1.));
#3620=DIRECTION('center_axis',(0.,-1.,0.));
#3621=DIRECTION('ref_axis',(1.,0.,0.));
#3622=DIRECTION('',(-1.,0.,0.));
#3623=DIRECTION('',(1.,0.,0.));
#3624=DIRECTION('',(0.,0.,1.));
#3625=DIRECTION('center_axis',(-1.,0.,0.));
#3626=DIRECTION('ref_axis',(0.,-1.,0.));
#3627=DIRECTION('',(0.,1.,0.));
#3628=DIRECTION('',(0.,-1.,0.));
#3629=DIRECTION('',(0.,0.,1.));
#3630=DIRECTION('center_axis',(0.,1.,0.));
#3631=DIRECTION('ref_axis',(-1.,0.,0.));
#3632=DIRECTION('',(1.,0.,0.));
#3633=DIRECTION('',(-1.,0.,0.));
#3634=DIRECTION('center_axis',(0.,0.,1.));
#3635=DIRECTION('ref_axis',(1.,0.,0.));
#3636=DIRECTION('center_axis',(0.,0.,1.));
#3637=DIRECTION('ref_axis',(1.,0.,0.));
#3638=DIRECTION('center_axis',(1.,0.,0.));
#3639=DIRECTION('ref_axis',(0.,1.,0.));
#3640=DIRECTION('',(0.,-1.,0.));
#3641=DIRECTION('',(0.,0.,1.));
#3642=DIRECTION('',(0.,1.,0.));
#3643=DIRECTION('',(0.,0.,1.));
#3644=DIRECTION('center_axis',(0.,-1.,0.));
#3645=DIRECTION('ref_axis',(1.,0.,0.));
#3646=DIRECTION('',(-1.,0.,0.));
#3647=DIRECTION('',(1.,0.,0.));
#3648=DIRECTION('',(0.,0.,1.));
#3649=DIRECTION('center_axis',(-1.,0.,0.));
#3650=DIRECTION('ref_axis',(0.,-1.,0.));
#3651=DIRECTION('',(0.,1.,0.));
#3652=DIRECTION('',(0.,-1.,0.));
#3653=DIRECTION('',(0.,0.,1.));
#3654=DIRECTION('center_axis',(0.,1.,0.));
#3655=DIRECTION('ref_axis',(-1.,0.,0.));
#3656=DIRECTION('',(1.,0.,0.));
#3657=DIRECTION('',(-1.,0.,0.));
#3658=DIRECTION('center_axis',(0.,0.,1.));
#3659=DIRECTION('ref_axis',(1.,0.,0.));
#3660=DIRECTION('center_axis',(0.,0.,1.));
#3661=DIRECTION('ref_axis',(1.,0.,0.));
#3662=DIRECTION('center_axis',(0.,0.,1.));
#3663=DIRECTION('ref_axis',(-1.,0.,0.));
#3664=DIRECTION('center_axis',(0.,0.,1.));
#3665=DIRECTION('ref_axis',(-1.,0.,0.));
#3666=DIRECTION('',(0.,0.,-1.));
#3667=DIRECTION('center_axis',(0.,0.,1.));
#3668=DIRECTION('ref_axis',(-1.,0.,0.));
#3669=DIRECTION('center_axis',(0.,0.,1.));
#3670=DIRECTION('ref_axis',(-1.,0.,0.));
#3671=DIRECTION('center_axis',(0.,0.,1.));
#3672=DIRECTION('ref_axis',(-1.,0.,0.));
#3673=DIRECTION('center_axis',(0.,0.,1.));
#3674=DIRECTION('ref_axis',(1.,0.,0.));
#3675=DIRECTION('center_axis',(0.,0.,-1.));
#3676=DIRECTION('ref_axis',(1.,0.,0.));
#3677=DIRECTION('',(0.,0.,-1.));
#3678=DIRECTION('center_axis',(0.,0.,-1.));
#3679=DIRECTION('ref_axis',(1.,0.,0.));
#3680=DIRECTION('center_axis',(0.,0.,1.));
#3681=DIRECTION('ref_axis',(1.,0.,0.));
#3682=DIRECTION('center_axis',(0.,0.,1.));
#3683=DIRECTION('ref_axis',(1.,0.,0.));
#3684=DIRECTION('',(0.,0.,-1.));
#3685=DIRECTION('center_axis',(0.,0.,1.));
#3686=DIRECTION('ref_axis',(1.,0.,0.));
#3687=DIRECTION('center_axis',(0.,0.,1.));
#3688=DIRECTION('ref_axis',(1.,0.,0.));
#3689=DIRECTION('center_axis',(0.,0.,1.));
#3690=DIRECTION('ref_axis',(1.,0.,0.));
#3691=DIRECTION('center_axis',(0.,0.,1.));
#3692=DIRECTION('ref_axis',(1.,0.,0.));
#3693=DIRECTION('center_axis',(0.,0.,-1.));
#3694=DIRECTION('ref_axis',(1.,0.,0.));
#3695=DIRECTION('',(0.,0.,-1.));
#3696=DIRECTION('center_axis',(0.,0.,-1.));
#3697=DIRECTION('ref_axis',(1.,0.,0.));
#3698=DIRECTION('center_axis',(0.,0.,1.));
#3699=DIRECTION('ref_axis',(1.,0.,0.));
#3700=DIRECTION('center_axis',(0.,0.,1.));
#3701=DIRECTION('ref_axis',(1.,0.,0.));
#3702=DIRECTION('',(0.,0.,-1.));
#3703=DIRECTION('center_axis',(0.,0.,1.));
#3704=DIRECTION('ref_axis',(1.,0.,0.));
#3705=DIRECTION('center_axis',(0.,0.,1.));
#3706=DIRECTION('ref_axis',(1.,0.,0.));
#3707=DIRECTION('center_axis',(0.,0.,1.));
#3708=DIRECTION('ref_axis',(1.,0.,0.));
#3709=DIRECTION('center_axis',(0.,0.,1.));
#3710=DIRECTION('ref_axis',(1.,0.,0.));
#3711=DIRECTION('center_axis',(0.,0.,-1.));
#3712=DIRECTION('ref_axis',(1.,0.,0.));
#3713=DIRECTION('',(0.,0.,-1.));
#3714=DIRECTION('center_axis',(0.,0.,-1.));
#3715=DIRECTION('ref_axis',(1.,0.,0.));
#3716=DIRECTION('center_axis',(0.,0.,1.));
#3717=DIRECTION('ref_axis',(1.,0.,0.));
#3718=DIRECTION('center_axis',(0.,0.,1.));
#3719=DIRECTION('ref_axis',(1.,0.,0.));
#3720=DIRECTION('',(0.,0.,-1.));
#3721=DIRECTION('center_axis',(0.,0.,1.));
#3722=DIRECTION('ref_axis',(1.,0.,0.));
#3723=DIRECTION('center_axis',(0.,0.,1.));
#3724=DIRECTION('ref_axis',(1.,0.,0.));
#3725=DIRECTION('center_axis',(0.,0.,1.));
#3726=DIRECTION('ref_axis',(1.,0.,0.));
#3727=DIRECTION('center_axis',(0.,0.,1.));
#3728=DIRECTION('ref_axis',(1.,0.,0.));
#3729=DIRECTION('center_axis',(0.,0.,-1.));
#3730=DIRECTION('ref_axis',(1.,0.,0.));
#3731=DIRECTION('',(0.,0.,-1.));
#3732=DIRECTION('center_axis',(0.,0.,-1.));
#3733=DIRECTION('ref_axis',(1.,0.,0.));
#3734=DIRECTION('center_axis',(0.,0.,1.));
#3735=DIRECTION('ref_axis',(1.,0.,0.));
#3736=DIRECTION('center_axis',(0.,0.,1.));
#3737=DIRECTION('ref_axis',(1.,0.,0.));
#3738=DIRECTION('',(0.,0.,-1.));
#3739=DIRECTION('center_axis',(0.,0.,1.));
#3740=DIRECTION('ref_axis',(1.,0.,0.));
#3741=DIRECTION('center_axis',(0.,0.,1.));
#3742=DIRECTION('ref_axis',(1.,0.,0.));
#3743=DIRECTION('center_axis',(0.,0.,1.));
#3744=DIRECTION('ref_axis',(1.,0.,0.));
#3745=CARTESIAN_POINT('',(0.,0.,0.));
#3746=CARTESIAN_POINT('Origin',(-28.,-32.5,0.));
#3747=CARTESIAN_POINT('',(-28.,-31.5,3.));
#3748=CARTESIAN_POINT('',(-29.,-32.5,3.));
#3749=CARTESIAN_POINT('Origin',(-28.,-32.5,3.));
#3750=CARTESIAN_POINT('',(-29.,-32.5,0.));
#3751=CARTESIAN_POINT('',(-29.,-32.5,0.));
#3752=CARTESIAN_POINT('',(-28.,-31.5,0.));
#3753=CARTESIAN_POINT('Origin',(-28.,-32.5,0.));
#3754=CARTESIAN_POINT('',(-28.,-31.5,0.));
#3755=CARTESIAN_POINT('Origin',(-29.,-39.5,0.));
#3756=CARTESIAN_POINT('',(-29.,-39.5,3.));
#3757=CARTESIAN_POINT('',(-29.,-39.5,3.));
#3758=CARTESIAN_POINT('',(-29.,-39.5,0.));
#3759=CARTESIAN_POINT('',(-29.,-39.5,0.));
#3760=CARTESIAN_POINT('',(-29.,-39.5,0.));
#3761=CARTESIAN_POINT('Origin',(-42.,32.5,0.));
#3762=CARTESIAN_POINT('',(-42.,31.5,3.));
#3763=CARTESIAN_POINT('',(-41.,32.5,3.));
#3764=CARTESIAN_POINT('Origin',(-42.,32.5,3.));
#3765=CARTESIAN_POINT('',(-41.,32.5,0.));
#3766=CARTESIAN_POINT('',(-41.,32.5,0.));
#3767=CARTESIAN_POINT('',(-42.,31.5,0.));
#3768=CARTESIAN_POINT('Origin',(-42.,32.5,0.));
#3769=CARTESIAN_POINT('',(-42.,31.5,0.));
#3770=CARTESIAN_POINT('Origin',(-41.,39.5,0.));
#3771=CARTESIAN_POINT('',(-41.,39.5,3.));
#3772=CARTESIAN_POINT('',(-41.,31.5,3.));
#3773=CARTESIAN_POINT('',(-41.,39.5,0.));
#3774=CARTESIAN_POINT('',(-41.,39.5,0.));
#3775=CARTESIAN_POINT('',(-41.,31.5,0.));
#3776=CARTESIAN_POINT('Origin',(28.,32.5,0.));
#3777=CARTESIAN_POINT('',(28.,31.5,3.));
#3778=CARTESIAN_POINT('',(29.,32.5,3.));
#3779=CARTESIAN_POINT('Origin',(28.,32.5,3.));
#3780=CARTESIAN_POINT('',(29.,32.5,0.));
#3781=CARTESIAN_POINT('',(29.,32.5,0.));
#3782=CARTESIAN_POINT('',(28.,31.5,0.));
#3783=CARTESIAN_POINT('Origin',(28.,32.5,0.));
#3784=CARTESIAN_POINT('',(28.,31.5,0.));
#3785=CARTESIAN_POINT('Origin',(29.,39.5,0.));
#3786=CARTESIAN_POINT('',(29.,39.5,3.));
#3787=CARTESIAN_POINT('',(29.,39.5,3.));
#3788=CARTESIAN_POINT('',(29.,39.5,0.));
#3789=CARTESIAN_POINT('',(29.,39.5,0.));
#3790=CARTESIAN_POINT('',(29.,39.5,0.));
#3791=CARTESIAN_POINT('Origin',(-28.,32.5,0.));
#3792=CARTESIAN_POINT('',(-29.,32.5,3.));
#3793=CARTESIAN_POINT('',(-28.,31.5,3.));
#3794=CARTESIAN_POINT('Origin',(-28.,32.5,3.));
#3795=CARTESIAN_POINT('',(-28.,31.5,0.));
#3796=CARTESIAN_POINT('',(-28.,31.5,0.));
#3797=CARTESIAN_POINT('',(-29.,32.5,0.));
#3798=CARTESIAN_POINT('Origin',(-28.,32.5,0.));
#3799=CARTESIAN_POINT('',(-29.,32.5,0.));
#3800=CARTESIAN_POINT('Origin',(46.5,31.5,0.));
#3801=CARTESIAN_POINT('',(-44.5,31.5,0.));
#3802=CARTESIAN_POINT('',(46.5,31.5,0.));
#3803=CARTESIAN_POINT('',(-44.5,31.5,30.5));
#3804=CARTESIAN_POINT('',(-44.5,31.5,0.));
#3805=CARTESIAN_POINT('',(44.5,31.5,30.5));
#3806=CARTESIAN_POINT('',(46.5,31.5,30.5));
#3807=CARTESIAN_POINT('',(44.5,31.5,0.));
#3808=CARTESIAN_POINT('',(44.5,31.5,0.));
#3809=CARTESIAN_POINT('',(42.,31.5,0.));
#3810=CARTESIAN_POINT('',(46.5,31.5,0.));
#3811=CARTESIAN_POINT('',(42.,31.5,3.));
#3812=CARTESIAN_POINT('',(42.,31.5,0.));
#3813=CARTESIAN_POINT('',(40.75,31.5,3.));
#3814=CARTESIAN_POINT('',(46.5,31.5,0.));
#3815=CARTESIAN_POINT('',(5.75,31.5,3.));
#3816=CARTESIAN_POINT('Origin',(42.,32.5,0.));
#3817=CARTESIAN_POINT('',(41.,32.5,3.));
#3818=CARTESIAN_POINT('Origin',(42.,32.5,3.));
#3819=CARTESIAN_POINT('',(41.,32.5,0.));
#3820=CARTESIAN_POINT('Origin',(42.,32.5,0.));
#3821=CARTESIAN_POINT('',(41.,32.5,0.));
#3822=CARTESIAN_POINT('Origin',(40.,38.5,0.));
#3823=CARTESIAN_POINT('',(40.,39.5,3.));
#3824=CARTESIAN_POINT('',(41.,38.5,3.));
#3825=CARTESIAN_POINT('Origin',(40.,38.5,3.));
#3826=CARTESIAN_POINT('',(41.,38.5,0.));
#3827=CARTESIAN_POINT('',(41.,38.5,0.));
#3828=CARTESIAN_POINT('',(40.,39.5,0.));
#3829=CARTESIAN_POINT('Origin',(40.,38.5,0.));
#3830=CARTESIAN_POINT('',(40.,39.5,0.));
#3831=CARTESIAN_POINT('Origin',(35.,35.5,3.));
#3832=CARTESIAN_POINT('',(41.,39.5,3.));
#3833=CARTESIAN_POINT('',(41.,31.5,3.));
#3834=CARTESIAN_POINT('',(33.5,35.5,3.));
#3835=CARTESIAN_POINT('Origin',(35.,35.5,3.));
#3836=CARTESIAN_POINT('Origin',(41.,39.5,0.));
#3837=CARTESIAN_POINT('',(41.,39.5,0.));
#3838=CARTESIAN_POINT('Origin',(-42.,-32.5,0.));
#3839=CARTESIAN_POINT('',(-41.,-32.5,3.));
#3840=CARTESIAN_POINT('',(-42.,-31.5,3.));
#3841=CARTESIAN_POINT('Origin',(-42.,-32.5,3.));
#3842=CARTESIAN_POINT('',(-42.,-31.5,0.));
#3843=CARTESIAN_POINT('',(-42.,-31.5,0.));
#3844=CARTESIAN_POINT('',(-41.,-32.5,0.));
#3845=CARTESIAN_POINT('Origin',(-42.,-32.5,0.));
#3846=CARTESIAN_POINT('',(-41.,-32.5,0.));
#3847=CARTESIAN_POINT('Origin',(-46.5,-31.5,0.));
#3848=CARTESIAN_POINT('',(28.,-31.5,0.));
#3849=CARTESIAN_POINT('',(-46.5,-31.5,0.));
#3850=CARTESIAN_POINT('',(28.,-31.5,3.));
#3851=CARTESIAN_POINT('',(28.,-31.5,0.));
#3852=CARTESIAN_POINT('',(42.,-31.5,3.));
#3853=CARTESIAN_POINT('',(-5.75,-31.5,3.));
#3854=CARTESIAN_POINT('',(42.,-31.5,0.));
#3855=CARTESIAN_POINT('',(42.,-31.5,0.));
#3856=CARTESIAN_POINT('',(44.5,-31.5,0.));
#3857=CARTESIAN_POINT('',(-46.5,-31.5,0.));
#3858=CARTESIAN_POINT('',(44.5,-31.5,30.5));
#3859=CARTESIAN_POINT('',(44.5,-31.5,0.));
#3860=CARTESIAN_POINT('',(-44.5,-31.5,30.5));
#3861=CARTESIAN_POINT('',(-46.5,-31.5,30.5));
#3862=CARTESIAN_POINT('',(-44.5,-31.5,0.));
#3863=CARTESIAN_POINT('',(-44.5,-31.5,0.));
#3864=CARTESIAN_POINT('',(-46.5,-31.5,0.));
#3865=CARTESIAN_POINT('',(-40.75,-31.5,3.));
#3866=CARTESIAN_POINT('Origin',(28.,-32.5,0.));
#3867=CARTESIAN_POINT('',(29.,-32.5,3.));
#3868=CARTESIAN_POINT('Origin',(28.,-32.5,3.));
#3869=CARTESIAN_POINT('',(29.,-32.5,0.));
#3870=CARTESIAN_POINT('Origin',(28.,-32.5,0.));
#3871=CARTESIAN_POINT('',(29.,-32.5,0.));
#3872=CARTESIAN_POINT('Origin',(42.,-32.5,0.));
#3873=CARTESIAN_POINT('',(41.,-32.5,3.));
#3874=CARTESIAN_POINT('Origin',(42.,-32.5,3.));
#3875=CARTESIAN_POINT('',(41.,-32.5,0.));
#3876=CARTESIAN_POINT('',(41.,-32.5,0.));
#3877=CARTESIAN_POINT('Origin',(42.,-32.5,0.));
#3878=CARTESIAN_POINT('Origin',(41.,-39.5,0.));
#3879=CARTESIAN_POINT('',(41.,-39.5,3.));
#3880=CARTESIAN_POINT('',(41.,-31.5,3.));
#3881=CARTESIAN_POINT('',(41.,-39.5,0.));
#3882=CARTESIAN_POINT('',(41.,-39.5,0.));
#3883=CARTESIAN_POINT('',(41.,-31.5,0.));
#3884=CARTESIAN_POINT('Origin',(44.5,29.5,0.));
#3885=CARTESIAN_POINT('',(46.5,29.5,30.5));
#3886=CARTESIAN_POINT('Origin',(44.5,29.5,30.5));
#3887=CARTESIAN_POINT('',(46.5,29.5,0.));
#3888=CARTESIAN_POINT('',(46.5,29.5,0.));
#3889=CARTESIAN_POINT('Origin',(44.5,29.5,0.));
#3890=CARTESIAN_POINT('Origin',(46.5,-31.5,0.));
#3891=CARTESIAN_POINT('',(46.5,-29.5,30.5));
#3892=CARTESIAN_POINT('',(46.5,-31.5,30.5));
#3893=CARTESIAN_POINT('',(46.5,-29.5,0.));
#3894=CARTESIAN_POINT('',(46.5,-29.5,0.));
#3895=CARTESIAN_POINT('',(46.5,-31.5,0.));
#3896=CARTESIAN_POINT('',(46.5,-19.,18.));
#3897=CARTESIAN_POINT('Origin',(46.5,-15.,18.));
#3898=CARTESIAN_POINT('Origin',(0.,0.,30.5));
#3899=CARTESIAN_POINT('',(-46.5,29.5,30.5));
#3900=CARTESIAN_POINT('Origin',(-44.5,29.5,30.5));
#3901=CARTESIAN_POINT('',(-46.5,-29.5,30.5));
#3902=CARTESIAN_POINT('',(-46.5,31.5,30.5));
#3903=CARTESIAN_POINT('Origin',(-44.5,-29.5,30.5));
#3904=CARTESIAN_POINT('Origin',(44.5,-29.5,30.5));
#3905=CARTESIAN_POINT('',(45.25,-30.25,30.5));
#3906=CARTESIAN_POINT('',(-45.25,-30.25,30.5));
#3907=CARTESIAN_POINT('',(22.625,-30.25,30.5));
#3908=CARTESIAN_POINT('',(-45.25,30.25,30.5));
#3909=CARTESIAN_POINT('',(-45.25,-15.125,30.5));
#3910=CARTESIAN_POINT('',(45.25,30.25,30.5));
#3911=CARTESIAN_POINT('',(-22.625,30.25,30.5));
#3912=CARTESIAN_POINT('',(45.25,15.125,30.5));
#3913=CARTESIAN_POINT('Origin',(-44.5,29.5,0.));
#3914=CARTESIAN_POINT('',(-46.5,29.5,0.));
#3915=CARTESIAN_POINT('Origin',(-44.5,29.5,0.));
#3916=CARTESIAN_POINT('',(-46.5,29.5,0.));
#3917=CARTESIAN_POINT('Origin',(-46.5,31.5,0.));
#3918=CARTESIAN_POINT('',(-46.5,-29.5,0.));
#3919=CARTESIAN_POINT('',(-46.5,31.5,0.));
#3920=CARTESIAN_POINT('',(-46.5,-29.5,0.));
#3921=CARTESIAN_POINT('Origin',(-44.5,-29.5,0.));
#3922=CARTESIAN_POINT('Origin',(-44.5,-29.5,0.));
#3923=CARTESIAN_POINT('Origin',(44.5,-29.5,0.));
#3924=CARTESIAN_POINT('Origin',(44.5,-29.5,0.));
#3925=CARTESIAN_POINT('Origin',(46.5,-15.,18.));
#3926=CARTESIAN_POINT('',(44.,-19.,18.));
#3927=CARTESIAN_POINT('',(46.5,-19.,18.));
#3928=CARTESIAN_POINT('Origin',(44.,-15.,18.));
#3929=CARTESIAN_POINT('Origin',(35.,-35.5,0.));
#3930=CARTESIAN_POINT('',(33.5,-35.5,3.));
#3931=CARTESIAN_POINT('Origin',(35.,-35.5,3.));
#3932=CARTESIAN_POINT('',(33.5,-35.5,0.));
#3933=CARTESIAN_POINT('',(33.5,-35.5,0.));
#3934=CARTESIAN_POINT('Origin',(35.,-35.5,0.));
#3935=CARTESIAN_POINT('Origin',(29.,-39.5,0.));
#3936=CARTESIAN_POINT('',(29.,-39.5,0.));
#3937=CARTESIAN_POINT('',(41.,-39.5,0.));
#3938=CARTESIAN_POINT('',(29.,-39.5,3.));
#3939=CARTESIAN_POINT('',(41.,-39.5,3.));
#3940=CARTESIAN_POINT('',(29.,-39.5,0.));
#3941=CARTESIAN_POINT('Origin',(29.,-31.5,0.));
#3942=CARTESIAN_POINT('',(29.,-39.5,0.));
#3943=CARTESIAN_POINT('',(29.,-39.5,3.));
#3944=CARTESIAN_POINT('Origin',(35.,-35.5,3.));
#3945=CARTESIAN_POINT('Origin',(35.,35.5,0.));
#3946=CARTESIAN_POINT('',(33.5,35.5,0.));
#3947=CARTESIAN_POINT('',(33.5,35.5,0.));
#3948=CARTESIAN_POINT('Origin',(35.,35.5,0.));
#3949=CARTESIAN_POINT('Origin',(41.,31.5,0.));
#3950=CARTESIAN_POINT('',(41.,31.5,0.));
#3951=CARTESIAN_POINT('Origin',(-35.,-35.5,0.));
#3952=CARTESIAN_POINT('',(-36.5,-35.5,3.));
#3953=CARTESIAN_POINT('Origin',(-35.,-35.5,3.));
#3954=CARTESIAN_POINT('',(-36.5,-35.5,0.));
#3955=CARTESIAN_POINT('',(-36.5,-35.5,0.));
#3956=CARTESIAN_POINT('Origin',(-35.,-35.5,0.));
#3957=CARTESIAN_POINT('Origin',(-41.,-39.5,0.));
#3958=CARTESIAN_POINT('',(-41.,-39.5,0.));
#3959=CARTESIAN_POINT('',(-41.,-39.5,0.));
#3960=CARTESIAN_POINT('',(-41.,-39.5,3.));
#3961=CARTESIAN_POINT('',(-41.,-39.5,3.));
#3962=CARTESIAN_POINT('',(-41.,-39.5,0.));
#3963=CARTESIAN_POINT('Origin',(-41.,-31.5,0.));
#3964=CARTESIAN_POINT('',(-41.,-31.5,0.));
#3965=CARTESIAN_POINT('',(-41.,-31.5,3.));
#3966=CARTESIAN_POINT('Origin',(-35.,-35.5,3.));
#3967=CARTESIAN_POINT('Origin',(-35.,35.5,0.));
#3968=CARTESIAN_POINT('',(-36.5,35.5,3.));
#3969=CARTESIAN_POINT('Origin',(-35.,35.5,3.));
#3970=CARTESIAN_POINT('',(-36.5,35.5,0.));
#3971=CARTESIAN_POINT('',(-36.5,35.5,0.));
#3972=CARTESIAN_POINT('Origin',(-35.,35.5,0.));
#3973=CARTESIAN_POINT('Origin',(-29.,31.5,0.));
#3974=CARTESIAN_POINT('',(-29.,39.5,0.));
#3975=CARTESIAN_POINT('',(-29.,39.5,0.));
#3976=CARTESIAN_POINT('',(-29.,39.5,3.));
#3977=CARTESIAN_POINT('',(-29.,39.5,0.));
#3978=CARTESIAN_POINT('',(-29.,39.5,3.));
#3979=CARTESIAN_POINT('Origin',(-29.,39.5,0.));
#3980=CARTESIAN_POINT('',(-41.,39.5,0.));
#3981=CARTESIAN_POINT('',(-41.,39.5,3.));
#3982=CARTESIAN_POINT('Origin',(-35.,35.5,3.));
#3983=CARTESIAN_POINT('Origin',(6.,18.5,3.));
#3984=CARTESIAN_POINT('',(6.,-18.5,3.));
#3985=CARTESIAN_POINT('',(6.,18.5,3.));
#3986=CARTESIAN_POINT('',(6.,9.25,3.));
#3987=CARTESIAN_POINT('',(6.,-18.5,4.));
#3988=CARTESIAN_POINT('',(6.,-18.5,3.));
#3989=CARTESIAN_POINT('',(6.,18.5,4.));
#3990=CARTESIAN_POINT('',(6.,-18.5,4.));
#3991=CARTESIAN_POINT('',(6.,18.5,3.));
#3992=CARTESIAN_POINT('Origin',(24.,18.5,3.));
#3993=CARTESIAN_POINT('',(24.,18.5,3.));
#3994=CARTESIAN_POINT('',(12.,18.5,3.));
#3995=CARTESIAN_POINT('',(24.,18.5,4.));
#3996=CARTESIAN_POINT('',(6.,18.5,4.));
#3997=CARTESIAN_POINT('',(24.,18.5,3.));
#3998=CARTESIAN_POINT('Origin',(24.,-18.5,3.));
#3999=CARTESIAN_POINT('',(24.,-18.5,3.));
#4000=CARTESIAN_POINT('',(24.,-9.25,3.));
#4001=CARTESIAN_POINT('',(24.,-18.5,4.));
#4002=CARTESIAN_POINT('',(24.,18.5,4.));
#4003=CARTESIAN_POINT('',(24.,-18.5,3.));
#4004=CARTESIAN_POINT('Origin',(6.,-18.5,3.));
#4005=CARTESIAN_POINT('',(3.,-18.5,3.));
#4006=CARTESIAN_POINT('',(24.,-18.5,4.));
#4007=CARTESIAN_POINT('Origin',(15.,0.,4.));
#4008=CARTESIAN_POINT('Origin',(-1.75,-15.25,3.));
#4009=CARTESIAN_POINT('',(-0.5,-15.25,6.));
#4010=CARTESIAN_POINT('Origin',(-1.75,-15.25,6.));
#4011=CARTESIAN_POINT('',(-0.5,-15.25,3.));
#4012=CARTESIAN_POINT('',(-0.5,-15.25,3.));
#4013=CARTESIAN_POINT('Origin',(-1.75,-15.25,3.));
#4014=CARTESIAN_POINT('Origin',(-1.75,-15.25,3.));
#4015=CARTESIAN_POINT('',(1.25,-15.25,6.));
#4016=CARTESIAN_POINT('Origin',(-1.75,-15.25,6.));
#4017=CARTESIAN_POINT('',(1.25,-15.25,3.));
#4018=CARTESIAN_POINT('',(1.25,-15.25,3.));
#4019=CARTESIAN_POINT('Origin',(-1.75,-15.25,3.));
#4020=CARTESIAN_POINT('Origin',(-1.75,-15.25,6.));
#4021=CARTESIAN_POINT('Origin',(0.,0.,3.));
#4022=CARTESIAN_POINT('',(-39.8416876048223,29.,3.));
#4023=CARTESIAN_POINT('',(-44.,24.8416876048223,3.));
#4024=CARTESIAN_POINT('Origin',(-41.5,26.5,3.));
#4025=CARTESIAN_POINT('',(-44.,-24.8416876048223,3.));
#4026=CARTESIAN_POINT('',(-44.,15.75,3.));
#4027=CARTESIAN_POINT('',(-39.8416876048223,-29.,3.));
#4028=CARTESIAN_POINT('Origin',(-41.5,-26.5,3.));
#4029=CARTESIAN_POINT('',(39.8416876048223,-29.,3.));
#4030=CARTESIAN_POINT('',(-23.25,-29.,3.));
#4031=CARTESIAN_POINT('',(44.,-24.8416876048223,3.));
#4032=CARTESIAN_POINT('Origin',(41.5,-26.5,3.));
#4033=CARTESIAN_POINT('',(44.,24.8416876048223,3.));
#4034=CARTESIAN_POINT('',(44.,-15.75,3.));
#4035=CARTESIAN_POINT('',(39.8416876048223,29.,3.));
#4036=CARTESIAN_POINT('Origin',(41.5,26.5,3.));
#4037=CARTESIAN_POINT('',(23.25,29.,3.));
#4038=CARTESIAN_POINT('',(1.25,15.25,3.));
#4039=CARTESIAN_POINT('Origin',(-1.75,15.25,3.));
#4040=CARTESIAN_POINT('',(-29.25,15.25,3.));
#4041=CARTESIAN_POINT('Origin',(-32.25,15.25,3.));
#4042=CARTESIAN_POINT('',(-29.25,-15.25,3.));
#4043=CARTESIAN_POINT('Origin',(-32.25,-15.25,3.));
#4044=CARTESIAN_POINT('Origin',(-1.75,15.25,3.));
#4045=CARTESIAN_POINT('',(-0.5,15.25,6.));
#4046=CARTESIAN_POINT('Origin',(-1.75,15.25,6.));
#4047=CARTESIAN_POINT('',(-0.5,15.25,3.));
#4048=CARTESIAN_POINT('',(-0.5,15.25,3.));
#4049=CARTESIAN_POINT('Origin',(-1.75,15.25,3.));
#4050=CARTESIAN_POINT('Origin',(-1.75,15.25,3.));
#4051=CARTESIAN_POINT('',(1.25,15.25,6.));
#4052=CARTESIAN_POINT('Origin',(-1.75,15.25,6.));
#4053=CARTESIAN_POINT('',(1.25,15.25,3.));
#4054=CARTESIAN_POINT('Origin',(-1.75,15.25,6.));
#4055=CARTESIAN_POINT('Origin',(0.,0.,3.));
#4056=CARTESIAN_POINT('Origin',(-32.25,-15.25,3.));
#4057=CARTESIAN_POINT('',(-31.,-15.25,6.));
#4058=CARTESIAN_POINT('Origin',(-32.25,-15.25,6.));
#4059=CARTESIAN_POINT('',(-31.,-15.25,3.));
#4060=CARTESIAN_POINT('',(-31.,-15.25,3.));
#4061=CARTESIAN_POINT('Origin',(-32.25,-15.25,3.));
#4062=CARTESIAN_POINT('Origin',(-32.25,-15.25,3.));
#4063=CARTESIAN_POINT('',(-29.25,-15.25,6.));
#4064=CARTESIAN_POINT('Origin',(-32.25,-15.25,6.));
#4065=CARTESIAN_POINT('',(-29.25,-15.25,3.));
#4066=CARTESIAN_POINT('Origin',(-32.25,-15.25,6.));
#4067=CARTESIAN_POINT('Origin',(0.,0.,3.));
#4068=CARTESIAN_POINT('Origin',(-32.25,15.25,3.));
#4069=CARTESIAN_POINT('',(-31.,15.25,6.));
#4070=CARTESIAN_POINT('Origin',(-32.25,15.25,6.));
#4071=CARTESIAN_POINT('',(-31.,15.25,3.));
#4072=CARTESIAN_POINT('',(-31.,15.25,3.));
#4073=CARTESIAN_POINT('Origin',(-32.25,15.25,3.));
#4074=CARTESIAN_POINT('Origin',(-32.25,15.25,3.));
#4075=CARTESIAN_POINT('',(-29.25,15.25,6.));
#4076=CARTESIAN_POINT('Origin',(-32.25,15.25,6.));
#4077=CARTESIAN_POINT('',(-29.25,15.25,3.));
#4078=CARTESIAN_POINT('Origin',(-32.25,15.25,6.));
#4079=CARTESIAN_POINT('Origin',(0.,0.,3.));
#4080=CARTESIAN_POINT('Origin',(-41.5,26.5,0.));
#4081=CARTESIAN_POINT('',(-42.75,26.5,0.));
#4082=CARTESIAN_POINT('Origin',(-41.5,26.5,0.));
#4083=CARTESIAN_POINT('',(-42.75,26.5,29.));
#4084=CARTESIAN_POINT('',(-42.75,26.5,0.));
#4085=CARTESIAN_POINT('Origin',(-41.5,26.5,29.));
#4086=CARTESIAN_POINT('Origin',(41.5,26.5,0.));
#4087=CARTESIAN_POINT('',(40.25,26.5,0.));
#4088=CARTESIAN_POINT('Origin',(41.5,26.5,0.));
#4089=CARTESIAN_POINT('',(40.25,26.5,29.));
#4090=CARTESIAN_POINT('',(40.25,26.5,0.));
#4091=CARTESIAN_POINT('Origin',(41.5,26.5,29.));
#4092=CARTESIAN_POINT('Origin',(-41.5,-26.5,0.));
#4093=CARTESIAN_POINT('',(-42.75,-26.5,0.));
#4094=CARTESIAN_POINT('Origin',(-41.5,-26.5,0.));
#4095=CARTESIAN_POINT('',(-42.75,-26.5,29.));
#4096=CARTESIAN_POINT('',(-42.75,-26.5,0.));
#4097=CARTESIAN_POINT('Origin',(-41.5,-26.5,29.));
#4098=CARTESIAN_POINT('Origin',(41.5,-26.5,0.));
#4099=CARTESIAN_POINT('',(40.25,-26.5,0.));
#4100=CARTESIAN_POINT('Origin',(41.5,-26.5,0.));
#4101=CARTESIAN_POINT('',(40.25,-26.5,29.));
#4102=CARTESIAN_POINT('',(40.25,-26.5,0.));
#4103=CARTESIAN_POINT('Origin',(41.5,-26.5,29.));
#4104=CARTESIAN_POINT('Origin',(-41.5,26.5,0.));
#4105=CARTESIAN_POINT('',(-43.1583123951777,29.,3.));
#4106=CARTESIAN_POINT('',(-43.1583123951777,29.,29.));
#4107=CARTESIAN_POINT('',(-43.1583123951777,29.,0.));
#4108=CARTESIAN_POINT('',(-44.,28.1583123951777,3.));
#4109=CARTESIAN_POINT('Origin',(-41.5,26.5,3.));
#4110=CARTESIAN_POINT('',(-44.,28.1583123951777,29.));
#4111=CARTESIAN_POINT('',(-44.,28.1583123951777,0.));
#4112=CARTESIAN_POINT('Origin',(-41.5,26.5,29.));
#4113=CARTESIAN_POINT('Origin',(-41.5,26.5,0.));
#4114=CARTESIAN_POINT('',(-39.8416876048223,29.,29.));
#4115=CARTESIAN_POINT('',(-39.8416876048223,29.,0.));
#4116=CARTESIAN_POINT('',(-44.,24.8416876048223,29.));
#4117=CARTESIAN_POINT('Origin',(-41.5,26.5,29.));
#4118=CARTESIAN_POINT('',(-44.,24.8416876048223,0.));
#4119=CARTESIAN_POINT('Origin',(46.5,29.,0.));
#4120=CARTESIAN_POINT('',(-44.,29.,29.));
#4121=CARTESIAN_POINT('',(23.25,29.,29.));
#4122=CARTESIAN_POINT('',(-44.,29.,3.));
#4123=CARTESIAN_POINT('',(-44.,29.,0.));
#4124=CARTESIAN_POINT('',(23.25,29.,3.));
#4125=CARTESIAN_POINT('Origin',(46.5,29.,0.));
#4126=CARTESIAN_POINT('',(39.8416876048223,29.,29.));
#4127=CARTESIAN_POINT('',(39.8416876048223,29.,0.));
#4128=CARTESIAN_POINT('',(23.25,29.,29.));
#4129=CARTESIAN_POINT('Origin',(0.,0.,3.));
#4130=CARTESIAN_POINT('',(-44.,15.75,3.));
#4131=CARTESIAN_POINT('Origin',(0.,0.,3.));
#4132=CARTESIAN_POINT('Origin',(-44.,31.5,0.));
#4133=CARTESIAN_POINT('',(-44.,15.75,29.));
#4134=CARTESIAN_POINT('Origin',(-44.,31.5,0.));
#4135=CARTESIAN_POINT('',(-44.,-24.8416876048223,29.));
#4136=CARTESIAN_POINT('',(-44.,15.75,29.));
#4137=CARTESIAN_POINT('',(-44.,-24.8416876048223,0.));
#4138=CARTESIAN_POINT('Origin',(41.5,26.5,0.));
#4139=CARTESIAN_POINT('',(44.,24.8416876048223,29.));
#4140=CARTESIAN_POINT('',(44.,24.8416876048223,0.));
#4141=CARTESIAN_POINT('Origin',(41.5,26.5,29.));
#4142=CARTESIAN_POINT('Origin',(41.5,26.5,0.));
#4143=CARTESIAN_POINT('',(44.,28.1583123951777,3.));
#4144=CARTESIAN_POINT('',(44.,28.1583123951777,29.));
#4145=CARTESIAN_POINT('',(44.,28.1583123951777,0.));
#4146=CARTESIAN_POINT('',(43.1583123951777,29.,3.));
#4147=CARTESIAN_POINT('Origin',(41.5,26.5,3.));
#4148=CARTESIAN_POINT('',(43.1583123951777,29.,29.));
#4149=CARTESIAN_POINT('',(43.1583123951777,29.,0.));
#4150=CARTESIAN_POINT('Origin',(41.5,26.5,29.));
#4151=CARTESIAN_POINT('Origin',(44.,-31.5,0.));
#4152=CARTESIAN_POINT('',(44.,-24.8416876048223,29.));
#4153=CARTESIAN_POINT('',(44.,-24.8416876048223,0.));
#4154=CARTESIAN_POINT('',(44.,-15.75,29.));
#4155=CARTESIAN_POINT('Origin',(0.,0.,29.));
#4156=CARTESIAN_POINT('',(-45.25,-30.25,29.));
#4157=CARTESIAN_POINT('',(-45.25,30.25,29.));
#4158=CARTESIAN_POINT('',(-45.25,30.25,29.));
#4159=CARTESIAN_POINT('',(45.25,-30.25,29.));
#4160=CARTESIAN_POINT('',(-45.25,-30.25,29.));
#4161=CARTESIAN_POINT('',(45.25,30.25,29.));
#4162=CARTESIAN_POINT('',(45.25,-30.25,29.));
#4163=CARTESIAN_POINT('',(45.25,30.25,29.));
#4164=CARTESIAN_POINT('',(44.,29.,29.));
#4165=CARTESIAN_POINT('',(23.25,29.,29.));
#4166=CARTESIAN_POINT('',(44.,-15.75,29.));
#4167=CARTESIAN_POINT('',(-44.,-28.1583123951777,29.));
#4168=CARTESIAN_POINT('',(-43.1583123951777,-29.,29.));
#4169=CARTESIAN_POINT('Origin',(-41.5,-26.5,29.));
#4170=CARTESIAN_POINT('',(-44.,-29.,29.));
#4171=CARTESIAN_POINT('',(-23.25,-29.,29.));
#4172=CARTESIAN_POINT('',(-44.,15.75,29.));
#4173=CARTESIAN_POINT('',(43.1583123951777,-29.,29.));
#4174=CARTESIAN_POINT('',(44.,-28.1583123951777,29.));
#4175=CARTESIAN_POINT('Origin',(41.5,-26.5,29.));
#4176=CARTESIAN_POINT('',(44.,-29.,29.));
#4177=CARTESIAN_POINT('',(44.,-15.75,29.));
#4178=CARTESIAN_POINT('',(-23.25,-29.,29.));
#4179=CARTESIAN_POINT('',(39.8416876048223,-29.,29.));
#4180=CARTESIAN_POINT('Origin',(41.5,-26.5,29.));
#4181=CARTESIAN_POINT('',(-39.8416876048223,-29.,29.));
#4182=CARTESIAN_POINT('',(-23.25,-29.,29.));
#4183=CARTESIAN_POINT('Origin',(-41.5,-26.5,29.));
#4184=CARTESIAN_POINT('Origin',(41.5,-26.5,0.));
#4185=CARTESIAN_POINT('',(39.8416876048223,-29.,0.));
#4186=CARTESIAN_POINT('Origin',(41.5,-26.5,0.));
#4187=CARTESIAN_POINT('',(43.1583123951777,-29.,3.));
#4188=CARTESIAN_POINT('',(43.1583123951777,-29.,0.));
#4189=CARTESIAN_POINT('',(44.,-28.1583123951777,3.));
#4190=CARTESIAN_POINT('Origin',(41.5,-26.5,3.));
#4191=CARTESIAN_POINT('',(44.,-28.1583123951777,0.));
#4192=CARTESIAN_POINT('Origin',(-46.5,-29.,0.));
#4193=CARTESIAN_POINT('',(-39.8416876048223,-29.,0.));
#4194=CARTESIAN_POINT('Origin',(0.,0.,3.));
#4195=CARTESIAN_POINT('',(44.,29.,3.));
#4196=CARTESIAN_POINT('',(44.,-15.75,3.));
#4197=CARTESIAN_POINT('',(23.25,29.,3.));
#4198=CARTESIAN_POINT('Origin',(44.,-31.5,0.));
#4199=CARTESIAN_POINT('',(44.,29.,0.));
#4200=CARTESIAN_POINT('Origin',(-41.5,-26.5,0.));
#4201=CARTESIAN_POINT('',(-44.,-28.1583123951777,3.));
#4202=CARTESIAN_POINT('',(-44.,-28.1583123951777,0.));
#4203=CARTESIAN_POINT('',(-43.1583123951777,-29.,3.));
#4204=CARTESIAN_POINT('Origin',(-41.5,-26.5,3.));
#4205=CARTESIAN_POINT('',(-43.1583123951777,-29.,0.));
#4206=CARTESIAN_POINT('Origin',(-41.5,-26.5,0.));
#4207=CARTESIAN_POINT('Origin',(-44.,31.5,0.));
#4208=CARTESIAN_POINT('',(-44.,-29.,3.));
#4209=CARTESIAN_POINT('',(-44.,-29.,0.));
#4210=CARTESIAN_POINT('',(-44.,15.75,3.));
#4211=CARTESIAN_POINT('Origin',(-46.5,-29.,0.));
#4212=CARTESIAN_POINT('',(-23.25,-29.,3.));
#4213=CARTESIAN_POINT('Origin',(-46.5,-29.,0.));
#4214=CARTESIAN_POINT('',(44.,-29.,3.));
#4215=CARTESIAN_POINT('',(44.,-29.,0.));
#4216=CARTESIAN_POINT('',(-23.25,-29.,3.));
#4217=CARTESIAN_POINT('Origin',(0.,0.,3.));
#4218=CARTESIAN_POINT('Origin',(0.,0.,3.));
#4219=CARTESIAN_POINT('',(44.,-15.75,3.));
#4220=CARTESIAN_POINT('Origin',(45.25,-30.25,30.5));
#4221=CARTESIAN_POINT('',(45.25,-30.25,30.5));
#4222=CARTESIAN_POINT('',(-45.25,-30.25,30.5));
#4223=CARTESIAN_POINT('Origin',(45.25,30.25,30.5));
#4224=CARTESIAN_POINT('',(45.25,30.25,30.5));
#4225=CARTESIAN_POINT('Origin',(-45.25,30.25,30.5));
#4226=CARTESIAN_POINT('',(-45.25,30.25,30.5));
#4227=CARTESIAN_POINT('Origin',(-45.25,-30.25,30.5));
#4228=CARTESIAN_POINT('Origin',(44.,-31.5,0.));
#4229=CARTESIAN_POINT('Origin',(46.5,29.,0.));
#4230=CARTESIAN_POINT('Origin',(0.,0.,0.));
#4231=CARTESIAN_POINT('Origin',(-45.25,-30.25,30.5));
#4232=CARTESIAN_POINT('',(45.25,-30.25,29.));
#4233=CARTESIAN_POINT('',(-45.25,-30.25,29.));
#4234=CARTESIAN_POINT('',(-22.625,-30.25,29.));
#4235=CARTESIAN_POINT('',(45.25,-30.25,30.5));
#4236=CARTESIAN_POINT('',(45.25,-30.25,30.5));
#4237=CARTESIAN_POINT('',(-45.25,-30.25,30.5));
#4238=CARTESIAN_POINT('',(22.625,-30.25,30.5));
#4239=CARTESIAN_POINT('',(-45.25,-30.25,30.5));
#4240=CARTESIAN_POINT('Origin',(-45.25,30.25,30.5));
#4241=CARTESIAN_POINT('',(-45.25,30.25,29.));
#4242=CARTESIAN_POINT('',(-45.25,15.125,29.));
#4243=CARTESIAN_POINT('',(-45.25,30.25,30.5));
#4244=CARTESIAN_POINT('',(-45.25,-15.125,30.5));
#4245=CARTESIAN_POINT('',(-45.25,30.25,30.5));
#4246=CARTESIAN_POINT('Origin',(45.25,30.25,30.5));
#4247=CARTESIAN_POINT('',(45.25,30.25,29.));
#4248=CARTESIAN_POINT('',(22.625,30.25,29.));
#4249=CARTESIAN_POINT('',(45.25,30.25,30.5));
#4250=CARTESIAN_POINT('',(-22.625,30.25,30.5));
#4251=CARTESIAN_POINT('',(45.25,30.25,30.5));
#4252=CARTESIAN_POINT('Origin',(45.25,-30.25,30.5));
#4253=CARTESIAN_POINT('',(45.25,-15.125,29.));
#4254=CARTESIAN_POINT('',(45.25,15.125,30.5));
#4255=CARTESIAN_POINT('Origin',(-41.5,-26.5,30.5));
#4256=CARTESIAN_POINT('',(-40.,-26.5,30.5));
#4257=CARTESIAN_POINT('Origin',(-41.5,-26.5,30.5));
#4258=CARTESIAN_POINT('',(-40.,-26.5,29.));
#4259=CARTESIAN_POINT('',(-40.,-26.5,30.5));
#4260=CARTESIAN_POINT('Origin',(-41.5,-26.5,29.));
#4261=CARTESIAN_POINT('Origin',(41.5,26.5,30.5));
#4262=CARTESIAN_POINT('',(43.,26.5,30.5));
#4263=CARTESIAN_POINT('Origin',(41.5,26.5,30.5));
#4264=CARTESIAN_POINT('',(43.,26.5,29.));
#4265=CARTESIAN_POINT('',(43.,26.5,30.5));
#4266=CARTESIAN_POINT('Origin',(41.5,26.5,29.));
#4267=CARTESIAN_POINT('Origin',(-41.5,26.5,30.5));
#4268=CARTESIAN_POINT('',(-40.,26.5,30.5));
#4269=CARTESIAN_POINT('Origin',(-41.5,26.5,30.5));
#4270=CARTESIAN_POINT('',(-40.,26.5,29.));
#4271=CARTESIAN_POINT('',(-40.,26.5,30.5));
#4272=CARTESIAN_POINT('Origin',(-41.5,26.5,29.));
#4273=CARTESIAN_POINT('Origin',(41.5,-26.5,30.5));
#4274=CARTESIAN_POINT('',(43.,-26.5,30.5));
#4275=CARTESIAN_POINT('Origin',(41.5,-26.5,30.5));
#4276=CARTESIAN_POINT('',(43.,-26.5,29.));
#4277=CARTESIAN_POINT('',(43.,-26.5,30.5));
#4278=CARTESIAN_POINT('Origin',(41.5,-26.5,29.));
#4279=CARTESIAN_POINT('Origin',(0.,0.,30.5));
#4280=CARTESIAN_POINT('Origin',(0.,0.,29.));
#4281=CARTESIAN_POINT('Origin',(0.,0.,30.5));
#4282=CARTESIAN_POINT('',(44.5,31.5,30.5));
#4283=CARTESIAN_POINT('',(46.5,29.5,30.5));
#4284=CARTESIAN_POINT('Origin',(44.5,29.5,30.5));
#4285=CARTESIAN_POINT('',(46.5,-29.5,30.5));
#4286=CARTESIAN_POINT('',(46.5,-31.5,30.5));
#4287=CARTESIAN_POINT('',(44.5,-31.5,30.5));
#4288=CARTESIAN_POINT('Origin',(44.5,-29.5,30.5));
#4289=CARTESIAN_POINT('',(-44.5,-31.5,30.5));
#4290=CARTESIAN_POINT('',(-46.5,-31.5,30.5));
#4291=CARTESIAN_POINT('',(-46.5,-29.5,30.5));
#4292=CARTESIAN_POINT('Origin',(-44.5,-29.5,30.5));
#4293=CARTESIAN_POINT('',(-46.5,29.5,30.5));
#4294=CARTESIAN_POINT('',(-46.5,31.5,30.5));
#4295=CARTESIAN_POINT('',(-44.5,31.5,30.5));
#4296=CARTESIAN_POINT('Origin',(-44.5,29.5,30.5));
#4297=CARTESIAN_POINT('',(46.5,31.5,30.5));
#4298=CARTESIAN_POINT('',(-45.25,-30.25,30.5));
#4299=CARTESIAN_POINT('',(-45.25,30.25,30.5));
#4300=CARTESIAN_POINT('',(-45.25,-15.125,30.5));
#4301=CARTESIAN_POINT('',(45.25,-30.25,30.5));
#4302=CARTESIAN_POINT('',(22.625,-30.25,30.5));
#4303=CARTESIAN_POINT('',(45.25,30.25,30.5));
#4304=CARTESIAN_POINT('',(45.25,15.125,30.5));
#4305=CARTESIAN_POINT('',(-22.625,30.25,30.5));
#4306=CARTESIAN_POINT('Origin',(0.,0.,33.));
#4307=CARTESIAN_POINT('',(46.5,29.5,33.));
#4308=CARTESIAN_POINT('',(44.5,31.5,33.));
#4309=CARTESIAN_POINT('Origin',(44.5,29.5,33.));
#4310=CARTESIAN_POINT('',(-44.5,31.5,33.));
#4311=CARTESIAN_POINT('',(46.5,31.5,33.));
#4312=CARTESIAN_POINT('',(-46.5,29.5,33.));
#4313=CARTESIAN_POINT('Origin',(-44.5,29.5,33.));
#4314=CARTESIAN_POINT('',(-46.5,-29.5,33.));
#4315=CARTESIAN_POINT('',(-46.5,31.5,33.));
#4316=CARTESIAN_POINT('',(-44.5,-31.5,33.));
#4317=CARTESIAN_POINT('Origin',(-44.5,-29.5,33.));
#4318=CARTESIAN_POINT('',(44.5,-31.5,33.));
#4319=CARTESIAN_POINT('',(-46.5,-31.5,33.));
#4320=CARTESIAN_POINT('',(46.5,-29.5,33.));
#4321=CARTESIAN_POINT('Origin',(44.5,-29.5,33.));
#4322=CARTESIAN_POINT('',(46.5,-31.5,33.));
#4323=CARTESIAN_POINT('',(45.25,-30.25,33.));
#4324=CARTESIAN_POINT('',(-45.25,-30.25,33.));
#4325=CARTESIAN_POINT('',(22.625,-30.25,33.));
#4326=CARTESIAN_POINT('',(-45.25,30.25,33.));
#4327=CARTESIAN_POINT('',(-45.25,-15.125,33.));
#4328=CARTESIAN_POINT('',(45.25,30.25,33.));
#4329=CARTESIAN_POINT('',(-22.625,30.25,33.));
#4330=CARTESIAN_POINT('',(45.25,15.125,33.));
#4331=CARTESIAN_POINT('Origin',(44.5,29.5,30.5));
#4332=CARTESIAN_POINT('',(44.5,31.5,30.5));
#4333=CARTESIAN_POINT('',(46.5,29.5,30.5));
#4334=CARTESIAN_POINT('Origin',(44.5,31.5,30.5));
#4335=CARTESIAN_POINT('',(-44.5,31.5,30.5));
#4336=CARTESIAN_POINT('Origin',(-44.5,29.5,30.5));
#4337=CARTESIAN_POINT('',(-46.5,29.5,30.5));
#4338=CARTESIAN_POINT('Origin',(-46.5,29.5,30.5));
#4339=CARTESIAN_POINT('',(-46.5,-29.5,30.5));
#4340=CARTESIAN_POINT('Origin',(-44.5,-29.5,30.5));
#4341=CARTESIAN_POINT('',(-44.5,-31.5,30.5));
#4342=CARTESIAN_POINT('Origin',(-44.5,-31.5,30.5));
#4343=CARTESIAN_POINT('',(44.5,-31.5,30.5));
#4344=CARTESIAN_POINT('Origin',(44.5,-29.5,30.5));
#4345=CARTESIAN_POINT('',(46.5,-29.5,30.5));
#4346=CARTESIAN_POINT('Origin',(46.5,-29.5,30.5));
#4347=CARTESIAN_POINT('Origin',(45.25,-30.25,30.5));
#4348=CARTESIAN_POINT('',(-45.25,-30.25,30.5));
#4349=CARTESIAN_POINT('',(45.25,-30.25,30.5));
#4350=CARTESIAN_POINT('Origin',(-45.25,-30.25,30.5));
#4351=CARTESIAN_POINT('',(-45.25,30.25,30.5));
#4352=CARTESIAN_POINT('Origin',(-45.25,30.25,30.5));
#4353=CARTESIAN_POINT('',(45.25,30.25,30.5));
#4354=CARTESIAN_POINT('Origin',(45.25,30.25,30.5));
#4355=CARTESIAN_POINT('Origin',(-19.,0.,6.));
#4356=CARTESIAN_POINT('',(3.99999999999999,22.,6.));
#4357=CARTESIAN_POINT('',(-42.,22.,6.));
#4358=CARTESIAN_POINT('',(-7.5,22.,6.));
#4359=CARTESIAN_POINT('',(3.99999999999999,-22.,6.));
#4360=CARTESIAN_POINT('',(4.,-11.,6.));
#4361=CARTESIAN_POINT('',(-42.,-22.,6.));
#4362=CARTESIAN_POINT('',(-30.5,-22.,6.));
#4363=CARTESIAN_POINT('',(-42.,11.,6.));
#4364=CARTESIAN_POINT('Origin',(4.,-22.,5.));
#4365=CARTESIAN_POINT('',(3.99999999999999,22.,11.));
#4366=CARTESIAN_POINT('',(4.,22.,5.));
#4367=CARTESIAN_POINT('',(3.99999999999999,-22.,11.));
#4368=CARTESIAN_POINT('',(4.,22.,11.));
#4369=CARTESIAN_POINT('',(4.,-22.,5.));
#4370=CARTESIAN_POINT('Origin',(3.99999999999999,22.,5.));
#4371=CARTESIAN_POINT('',(-42.,22.,11.));
#4372=CARTESIAN_POINT('',(-42.,22.,5.));
#4373=CARTESIAN_POINT('',(-42.,22.,11.));
#4374=CARTESIAN_POINT('Origin',(-42.,-22.,5.));
#4375=CARTESIAN_POINT('',(-42.,-22.,11.));
#4376=CARTESIAN_POINT('',(4.,-22.,11.));
#4377=CARTESIAN_POINT('',(-42.,-22.,5.));
#4378=CARTESIAN_POINT('Origin',(-42.,22.,5.));
#4379=CARTESIAN_POINT('',(-42.,-22.,11.));
#4380=CARTESIAN_POINT('Origin',(-19.,0.,11.));
#4381=CARTESIAN_POINT('Origin',(-1.,-18.,21.));
#4382=CARTESIAN_POINT('',(-1.,18.,21.));
#4383=CARTESIAN_POINT('',(-1.,-18.,21.));
#4384=CARTESIAN_POINT('',(-1.,18.,21.));
#4385=CARTESIAN_POINT('',(-1.,18.,26.));
#4386=CARTESIAN_POINT('',(-1.,18.,21.));
#4387=CARTESIAN_POINT('',(-1.,-18.,26.));
#4388=CARTESIAN_POINT('',(-1.,18.,26.));
#4389=CARTESIAN_POINT('',(-1.,-18.,21.));
#4390=CARTESIAN_POINT('Origin',(-37.,-18.,21.));
#4391=CARTESIAN_POINT('',(-37.,-18.,21.));
#4392=CARTESIAN_POINT('',(-1.,-18.,21.));
#4393=CARTESIAN_POINT('',(-37.,-18.,26.));
#4394=CARTESIAN_POINT('',(-1.,-18.,26.));
#4395=CARTESIAN_POINT('',(-37.,-18.,21.));
#4396=CARTESIAN_POINT('Origin',(-37.,18.,21.));
#4397=CARTESIAN_POINT('',(-37.,18.,21.));
#4398=CARTESIAN_POINT('',(-37.,-18.,21.));
#4399=CARTESIAN_POINT('',(-37.,18.,26.));
#4400=CARTESIAN_POINT('',(-37.,-18.,26.));
#4401=CARTESIAN_POINT('',(-37.,18.,21.));
#4402=CARTESIAN_POINT('Origin',(-1.,18.,21.));
#4403=CARTESIAN_POINT('',(-37.,18.,21.));
#4404=CARTESIAN_POINT('',(-37.,18.,26.));
#4405=CARTESIAN_POINT('Origin',(-19.,0.,26.));
#4406=CARTESIAN_POINT('Origin',(-19.,0.,21.));
#4407=CARTESIAN_POINT('Origin',(30.,-18.5,4.));
#4408=CARTESIAN_POINT('',(30.,18.5,4.));
#4409=CARTESIAN_POINT('',(30.,-18.5,4.));
#4410=CARTESIAN_POINT('',(30.,18.5,4.));
#4411=CARTESIAN_POINT('',(30.,18.5,10.7));
#4412=CARTESIAN_POINT('',(30.,18.5,4.));
#4413=CARTESIAN_POINT('',(30.,-18.5,10.7));
#4414=CARTESIAN_POINT('',(30.,18.5,10.7));
#4415=CARTESIAN_POINT('',(30.,-18.5,4.));
#4416=CARTESIAN_POINT('Origin',(6.,-18.5,4.));
#4417=CARTESIAN_POINT('',(6.,-18.5,4.));
#4418=CARTESIAN_POINT('',(30.,-18.5,4.));
#4419=CARTESIAN_POINT('',(6.,-18.5,10.7));
#4420=CARTESIAN_POINT('',(30.,-18.5,10.7));
#4421=CARTESIAN_POINT('',(6.,-18.5,4.));
#4422=CARTESIAN_POINT('Origin',(6.,18.5,4.));
#4423=CARTESIAN_POINT('',(6.,18.5,4.));
#4424=CARTESIAN_POINT('',(6.,-18.5,4.));
#4425=CARTESIAN_POINT('',(6.,18.5,10.7));
#4426=CARTESIAN_POINT('',(6.,-18.5,10.7));
#4427=CARTESIAN_POINT('',(6.,18.5,4.));
#4428=CARTESIAN_POINT('Origin',(30.,18.5,4.));
#4429=CARTESIAN_POINT('',(6.,18.5,4.));
#4430=CARTESIAN_POINT('',(6.,18.5,10.7));
#4431=CARTESIAN_POINT('Origin',(18.,0.,10.7));
#4432=CARTESIAN_POINT('Origin',(18.,0.,4.));
#4433=CARTESIAN_POINT('Origin',(37.,0.,3.));
#4434=CARTESIAN_POINT('',(42.625,6.88863824520386E-16,28.));
#4435=CARTESIAN_POINT('Origin',(37.,0.,28.));
#4436=CARTESIAN_POINT('',(42.625,6.88863824520386E-16,3.));
#4437=CARTESIAN_POINT('',(42.625,6.88863824520386E-16,3.));
#4438=CARTESIAN_POINT('Origin',(37.,0.,3.));
#4439=CARTESIAN_POINT('Origin',(37.,0.,28.));
#4440=CARTESIAN_POINT('Origin',(37.,0.,3.));
#4441=CARTESIAN_POINT('Origin',(-32.25,15.25,11.));
#4442=CARTESIAN_POINT('',(-33.75,15.25,21.));
#4443=CARTESIAN_POINT('Origin',(-32.25,15.25,21.));
#4444=CARTESIAN_POINT('',(-33.75,15.25,11.));
#4445=CARTESIAN_POINT('',(-33.75,15.25,11.));
#4446=CARTESIAN_POINT('Origin',(-32.25,15.25,11.));
#4447=CARTESIAN_POINT('Origin',(-32.25,15.25,11.));
#4448=CARTESIAN_POINT('',(-35.25,15.25,21.));
#4449=CARTESIAN_POINT('Origin',(-32.25,15.25,21.));
#4450=CARTESIAN_POINT('',(-35.25,15.25,11.));
#4451=CARTESIAN_POINT('',(-35.25,15.25,11.));
#4452=CARTESIAN_POINT('Origin',(-32.25,15.25,11.));
#4453=CARTESIAN_POINT('Origin',(-32.25,15.25,21.));
#4454=CARTESIAN_POINT('Origin',(-32.25,15.25,11.));
#4455=CARTESIAN_POINT('Origin',(-1.75,-15.25,11.));
#4456=CARTESIAN_POINT('',(-3.25,-15.25,21.));
#4457=CARTESIAN_POINT('Origin',(-1.75,-15.25,21.));
#4458=CARTESIAN_POINT('',(-3.25,-15.25,11.));
#4459=CARTESIAN_POINT('',(-3.25,-15.25,11.));
#4460=CARTESIAN_POINT('Origin',(-1.75,-15.25,11.));
#4461=CARTESIAN_POINT('Origin',(-1.75,-15.25,11.));
#4462=CARTESIAN_POINT('',(-4.75,-15.25,21.));
#4463=CARTESIAN_POINT('Origin',(-1.75,-15.25,21.));
#4464=CARTESIAN_POINT('',(-4.75,-15.25,11.));
#4465=CARTESIAN_POINT('',(-4.75,-15.25,11.));
#4466=CARTESIAN_POINT('Origin',(-1.75,-15.25,11.));
#4467=CARTESIAN_POINT('Origin',(-1.75,-15.25,21.));
#4468=CARTESIAN_POINT('Origin',(-1.75,-15.25,11.));
#4469=CARTESIAN_POINT('Origin',(-1.75,15.25,11.));
#4470=CARTESIAN_POINT('',(-3.25,15.25,21.));
#4471=CARTESIAN_POINT('Origin',(-1.75,15.25,21.));
#4472=CARTESIAN_POINT('',(-3.25,15.25,11.));
#4473=CARTESIAN_POINT('',(-3.25,15.25,11.));
#4474=CARTESIAN_POINT('Origin',(-1.75,15.25,11.));
#4475=CARTESIAN_POINT('Origin',(-1.75,15.25,11.));
#4476=CARTESIAN_POINT('',(-4.75,15.25,21.));
#4477=CARTESIAN_POINT('Origin',(-1.75,15.25,21.));
#4478=CARTESIAN_POINT('',(-4.75,15.25,11.));
#4479=CARTESIAN_POINT('',(-4.75,15.25,11.));
#4480=CARTESIAN_POINT('Origin',(-1.75,15.25,11.));
#4481=CARTESIAN_POINT('Origin',(-1.75,15.25,21.));
#4482=CARTESIAN_POINT('Origin',(-1.75,15.25,11.));
#4483=CARTESIAN_POINT('Origin',(-32.25,-15.25,11.));
#4484=CARTESIAN_POINT('',(-33.75,-15.25,21.));
#4485=CARTESIAN_POINT('Origin',(-32.25,-15.25,21.));
#4486=CARTESIAN_POINT('',(-33.75,-15.25,11.));
#4487=CARTESIAN_POINT('',(-33.75,-15.25,11.));
#4488=CARTESIAN_POINT('Origin',(-32.25,-15.25,11.));
#4489=CARTESIAN_POINT('Origin',(-32.25,-15.25,11.));
#4490=CARTESIAN_POINT('',(-35.25,-15.25,21.));
#4491=CARTESIAN_POINT('Origin',(-32.25,-15.25,21.));
#4492=CARTESIAN_POINT('',(-35.25,-15.25,11.));
#4493=CARTESIAN_POINT('',(-35.25,-15.25,11.));
#4494=CARTESIAN_POINT('Origin',(-32.25,-15.25,11.));
#4495=CARTESIAN_POINT('Origin',(-32.25,-15.25,21.));
#4496=CARTESIAN_POINT('Origin',(-32.25,-15.25,11.));
#4497=UNCERTAINTY_MEASURE_WITH_UNIT(LENGTH_MEASURE(0.01),#4501,
'DISTANCE_ACCURACY_VALUE',
'Maximum model space distance between geometric entities at asserted c
onnectivities');
#4498=UNCERTAINTY_MEASURE_WITH_UNIT(LENGTH_MEASURE(0.01),#4501,
'DISTANCE_ACCURACY_VALUE',
'Maximum model space distance between geometric entities at asserted c
onnectivities');
#4499=(
GEOMETRIC_REPRESENTATION_CONTEXT(3)
GLOBAL_UNCERTAINTY_ASSIGNED_CONTEXT((#4497))
GLOBAL_UNIT_ASSIGNED_CONTEXT((#4501,#4503,#4504))
REPRESENTATION_CONTEXT('','3D')
);
#4500=(
GEOMETRIC_REPRESENTATION_CONTEXT(3)
GLOBAL_UNCERTAINTY_ASSIGNED_CONTEXT((#4498))
GLOBAL_UNIT_ASSIGNED_CONTEXT((#4501,#4503,#4504))
REPRESENTATION_CONTEXT('','3D')
);
#4501=(
LENGTH_UNIT()
NAMED_UNIT(*)
SI_UNIT(.MILLI.,.METRE.)
);
#4502=(
LENGTH_UNIT()
NAMED_UNIT(*)
SI_UNIT($,.METRE.)
);
#4503=(
NAMED_UNIT(*)
PLANE_ANGLE_UNIT()
SI_UNIT($,.RADIAN.)
);
#4504=(
NAMED_UNIT(*)
SI_UNIT($,.STERADIAN.)
SOLID_ANGLE_UNIT()
);
#4505=SHAPE_DEFINITION_REPRESENTATION(#4506,#4507);
#4506=PRODUCT_DEFINITION_SHAPE('',$,#4509);
#4507=SHAPE_REPRESENTATION('',(#2697),#4499);
#4508=PRODUCT_DEFINITION_CONTEXT('part definition',#4513,'design');
#4509=PRODUCT_DEFINITION('UAS CAD Spec','UAS CAD Spec',#4510,#4508);
#4510=PRODUCT_DEFINITION_FORMATION('',$,#4515);
#4511=PRODUCT_RELATED_PRODUCT_CATEGORY('UAS CAD Spec','UAS CAD Spec',(#4515));
#4512=APPLICATION_PROTOCOL_DEFINITION('international standard',
'automotive_design',2009,#4513);
#4513=APPLICATION_CONTEXT(
'Core Data for Automotive Mechanical Design Process');
#4514=PRODUCT_CONTEXT('part definition',#4513,'mechanical');
#4515=PRODUCT('UAS CAD Spec','UAS CAD Spec',$,(#4514));
#4516=PRESENTATION_STYLE_ASSIGNMENT((#4521));
#4517=PRESENTATION_STYLE_ASSIGNMENT((#4522));
#4518=PRESENTATION_STYLE_ASSIGNMENT((#4523));
#4519=PRESENTATION_STYLE_ASSIGNMENT((#4524));
#4520=PRESENTATION_STYLE_ASSIGNMENT((#4525));
#4521=SURFACE_STYLE_USAGE(.BOTH.,#4526);
#4522=SURFACE_STYLE_USAGE(.BOTH.,#4527);
#4523=SURFACE_STYLE_USAGE(.BOTH.,#4528);
#4524=SURFACE_STYLE_USAGE(.BOTH.,#4529);
#4525=SURFACE_STYLE_USAGE(.BOTH.,#4530);
#4526=SURFACE_SIDE_STYLE('',(#4531));
#4527=SURFACE_SIDE_STYLE('',(#4532));
#4528=SURFACE_SIDE_STYLE('',(#4533));
#4529=SURFACE_SIDE_STYLE('',(#4534));
#4530=SURFACE_SIDE_STYLE('',(#4535));
#4531=SURFACE_STYLE_FILL_AREA(#4536);
#4532=SURFACE_STYLE_FILL_AREA(#4537);
#4533=SURFACE_STYLE_FILL_AREA(#4538);
#4534=SURFACE_STYLE_FILL_AREA(#4539);
#4535=SURFACE_STYLE_FILL_AREA(#4540);
#4536=FILL_AREA_STYLE('Aluminum - Satin',(#4541));
#4537=FILL_AREA_STYLE('Aluminum - Polished',(#4542));
#4538=FILL_AREA_STYLE('Aluminum - Polished',(#4543));
#4539=FILL_AREA_STYLE('Aluminum - Satin',(#4544));
#4540=FILL_AREA_STYLE('Copper - Polished',(#4545));
#4541=FILL_AREA_STYLE_COLOUR('Aluminum - Satin',#4546);
#4542=FILL_AREA_STYLE_COLOUR('Aluminum - Polished',#4547);
#4543=FILL_AREA_STYLE_COLOUR('Aluminum - Polished',#4548);
#4544=FILL_AREA_STYLE_COLOUR('Aluminum - Satin',#4549);
#4545=FILL_AREA_STYLE_COLOUR('Copper - Polished',#4550);
#4546=COLOUR_RGB('Aluminum - Satin',0.96078431372549,0.96078431372549,0.964705882352941);
#4547=COLOUR_RGB('Aluminum - Polished',0.674509803921569,0.666666666666667,
0.384313725490196);
#4548=COLOUR_RGB('Aluminum - Polished',0.674509803921569,0.592156862745098,
0.317647058823529);
#4549=COLOUR_RGB('Aluminum - Satin',0.117647058823529,0.258823529411765,
0.580392156862745);
#4550=COLOUR_RGB('Copper - Polished',0.929411764705882,0.807843137254902,
0.764705882352941);
ENDSEC;
END-ISO-10303-21;
